0	0	0	0	0	0
0	0	64	15	8	61
0	0	128	31	15	122
0	0	192	46	23	182
0	0	256	61	30	243
0	0	320	77	38	304
0	0	384	92	45	365
0	0	448	108	53	425
0	0	512	123	60	486
0	0	576	138	68	547
0	0	640	154	75	608
0	0	704	169	83	668
0	0	768	184	90	729
0	0	832	200	98	790
0	0	896	215	105	851
0	0	960	230	113	911
0	0	1023	246	120	971
0	64	0	15	62	8
0	64	64	21	63	61
0	64	128	34	63	122
0	64	192	48	65	182
0	64	256	63	68	243
0	64	320	78	71	304
0	64	384	93	75	365
0	64	448	108	79	425
0	64	512	123	84	486
0	64	576	139	89	547
0	64	640	154	95	608
0	64	704	169	100	668
0	64	768	185	106	729
0	64	832	200	113	790
0	64	896	215	119	851
0	64	960	231	126	911
0	64	1023	246	132	971
0	128	0	31	124	15
0	128	64	34	125	62
0	128	128	42	125	122
0	128	192	54	126	183
0	128	256	67	127	243
0	128	320	81	128	304
0	128	384	96	130	365
0	128	448	111	133	425
0	128	512	126	135	486
0	128	576	141	138	547
0	128	640	156	142	608
0	128	704	171	145	668
0	128	768	186	149	729
0	128	832	201	153	790
0	128	896	216	158	851
0	128	960	232	163	911
0	128	1023	247	167	971
0	192	0	46	187	23
0	192	64	48	187	64
0	192	128	54	187	123
0	192	192	63	188	183
0	192	256	75	188	244
0	192	320	87	189	304
0	192	384	101	190	365
0	192	448	115	192	426
0	192	512	129	194	486
0	192	576	144	196	547
0	192	640	159	198	608
0	192	704	173	200	669
0	192	768	188	203	729
0	192	832	203	206	790
0	192	896	218	209	851
0	192	960	233	212	912
0	192	1023	248	216	971
0	256	0	62	249	31
0	256	64	63	249	67
0	256	128	67	249	124
0	256	192	75	250	184
0	256	256	84	250	244
0	256	320	96	251	305
0	256	384	108	252	365
0	256	448	121	253	426
0	256	512	134	254	487
0	256	576	148	255	547
0	256	640	163	257	608
0	256	704	177	259	669
0	256	768	192	261	729
0	256	832	206	263	790
0	256	896	221	265	851
0	256	960	236	268	912
0	256	1023	251	271	971
0	320	0	77	311	39
0	320	64	78	311	70
0	320	128	82	311	126
0	320	192	88	312	185
0	320	256	96	312	245
0	320	320	105	313	305
0	320	384	117	313	366
0	320	448	129	314	426
0	320	512	141	315	487
0	320	576	154	316	548
0	320	640	168	317	608
0	320	704	182	319	669
0	320	768	196	320	730
0	320	832	211	322	790
0	320	896	225	324	851
0	320	960	240	326	912
0	320	1023	254	328	972
0	384	0	92	373	46
0	384	64	93	373	74
0	384	128	96	374	128
0	384	192	101	374	186
0	384	256	108	374	246
0	384	320	117	374	306
0	384	384	127	375	366
0	384	448	138	376	427
0	384	512	149	376	487
0	384	576	162	377	548
0	384	640	175	378	609
0	384	704	188	379	669
0	384	768	202	381	730
0	384	832	216	382	791
0	384	896	230	384	851
0	384	960	244	385	912
0	384	1023	258	387	972
0	448	0	108	436	54
0	448	64	109	436	79
0	448	128	111	436	130
0	448	192	115	436	188
0	448	256	121	436	247
0	448	320	129	437	307
0	448	384	138	437	367
0	448	448	148	438	427
0	448	512	159	438	488
0	448	576	170	439	548
0	448	640	182	440	609
0	448	704	195	441	670
0	448	768	208	442	730
0	448	832	222	443	791
0	448	896	235	444	852
0	448	960	249	446	912
0	448	1023	263	447	972
0	512	0	123	498	62
0	512	64	124	498	84
0	512	128	126	498	133
0	512	192	130	498	190
0	512	256	135	498	248
0	512	320	141	499	308
0	512	384	149	499	368
0	512	448	159	499	428
0	512	512	169	500	488
0	512	576	180	501	549
0	512	640	191	501	609
0	512	704	203	502	670
0	512	768	216	503	731
0	512	832	229	504	791
0	512	896	242	505	852
0	512	960	255	506	913
0	512	1023	269	508	972
0	576	0	139	560	70
0	576	64	139	560	90
0	576	128	141	560	137
0	576	192	144	560	192
0	576	256	149	561	250
0	576	320	155	561	309
0	576	384	162	561	369
0	576	448	170	561	429
0	576	512	180	562	489
0	576	576	190	563	549
0	576	640	201	563	610
0	576	704	212	564	670
0	576	768	224	565	731
0	576	832	236	566	792
0	576	896	249	566	852
0	576	960	262	568	913
0	576	1023	275	569	973
0	640	0	154	622	77
0	640	64	155	622	95
0	640	128	156	622	140
0	640	192	159	623	194
0	640	256	163	623	252
0	640	320	168	623	311
0	640	384	175	623	370
0	640	448	183	624	430
0	640	512	191	624	490
0	640	576	201	624	550
0	640	640	211	625	611
0	640	704	222	626	671
0	640	768	233	626	731
0	640	832	245	627	792
0	640	896	257	628	853
0	640	960	270	629	913
0	640	1023	282	630	973
0	704	0	170	685	85
0	704	64	170	685	102
0	704	128	171	685	144
0	704	192	174	685	197
0	704	256	178	685	254
0	704	320	182	685	312
0	704	384	188	685	371
0	704	448	195	686	431
0	704	512	203	686	491
0	704	576	212	686	551
0	704	640	222	687	611
0	704	704	232	688	672
0	704	768	243	688	732
0	704	832	254	689	793
0	704	896	266	690	853
0	704	960	278	690	914
0	704	1023	290	691	973
0	768	0	185	747	93
0	768	64	185	747	108
0	768	128	187	747	148
0	768	192	189	747	200
0	768	256	192	747	256
0	768	320	197	747	314
0	768	384	202	748	373
0	768	448	209	748	432
0	768	512	216	748	492
0	768	576	224	749	552
0	768	640	233	749	612
0	768	704	243	749	672
0	768	768	253	750	733
0	768	832	264	751	793
0	768	896	275	751	854
0	768	960	287	752	914
0	768	1023	298	753	974
0	832	0	200	809	100
0	832	64	201	809	114
0	832	128	202	809	153
0	832	192	204	809	203
0	832	256	207	809	258
0	832	320	211	809	316
0	832	384	216	810	374
0	832	448	222	810	433
0	832	512	229	810	493
0	832	576	237	811	553
0	832	640	245	811	613
0	832	704	254	811	673
0	832	768	264	812	733
0	832	832	274	813	794
0	832	896	285	813	854
0	832	960	296	814	915
0	832	1023	307	815	974
0	896	0	216	871	108
0	896	64	216	871	121
0	896	128	217	871	158
0	896	192	219	871	207
0	896	256	222	872	261
0	896	320	226	872	318
0	896	384	230	872	376
0	896	448	236	872	435
0	896	512	242	872	494
0	896	576	249	873	554
0	896	640	257	873	614
0	896	704	266	873	674
0	896	768	275	874	734
0	896	832	285	874	794
0	896	896	295	875	855
0	896	960	306	876	915
0	896	1023	317	876	975
0	960	0	231	934	116
0	960	64	231	934	128
0	960	128	232	934	163
0	960	192	234	934	210
0	960	256	237	934	264
0	960	320	240	934	320
0	960	384	245	934	378
0	960	448	250	934	436
0	960	512	256	935	495
0	960	576	263	935	555
0	960	640	270	935	615
0	960	704	278	936	675
0	960	768	287	936	735
0	960	832	296	936	795
0	960	896	306	937	855
0	960	960	316	938	916
0	960	1023	327	938	975
0	1023	0	246	995	124
0	1023	64	247	995	135
0	1023	128	248	995	168
0	1023	192	249	995	214
0	1023	256	252	995	267
0	1023	320	255	995	322
0	1023	384	259	995	380
0	1023	448	264	995	438
0	1023	512	269	996	497
0	1023	576	276	996	556
0	1023	640	283	996	616
0	1023	704	290	997	676
0	1023	768	299	997	736
0	1023	832	308	998	796
0	1023	896	317	998	856
0	1023	960	327	999	916
0	1023	1023	337	999	976
64	0	0	61	9	0
64	0	64	63	11	61
64	0	128	67	17	122
64	0	192	75	24	182
64	0	256	84	31	243
64	0	320	95	38	304
64	0	384	108	46	365
64	0	448	121	53	425
64	0	512	134	60	486
64	0	576	148	68	547
64	0	640	163	75	608
64	0	704	177	83	668
64	0	768	192	90	729
64	0	832	206	98	790
64	0	896	221	105	851
64	0	960	236	113	911
64	0	1023	251	120	971
64	64	0	63	63	7
64	64	64	64	63	61
64	64	128	68	64	122
64	64	192	76	66	182
64	64	256	85	68	243
64	64	320	96	71	304
64	64	384	108	75	365
64	64	448	121	79	425
64	64	512	135	84	486
64	64	576	149	89	547
64	64	640	163	95	608
64	64	704	177	101	668
64	64	768	192	107	729
64	64	832	207	113	790
64	64	896	221	119	851
64	64	960	236	126	911
64	64	1023	251	132	971
64	128	0	67	125	15
64	128	64	68	125	62
64	128	128	72	125	122
64	128	192	79	126	183
64	128	256	88	127	243
64	128	320	99	129	304
64	128	384	111	131	365
64	128	448	123	133	425
64	128	512	137	135	486
64	128	576	150	138	547
64	128	640	164	142	608
64	128	704	179	145	668
64	128	768	193	149	729
64	128	832	208	154	790
64	128	896	222	158	851
64	128	960	237	163	911
64	128	1023	252	168	971
64	192	0	75	187	23
64	192	64	76	187	64
64	192	128	79	187	123
64	192	192	85	188	183
64	192	256	94	188	244
64	192	320	104	189	304
64	192	384	115	190	365
64	192	448	127	192	426
64	192	512	140	194	486
64	192	576	153	196	547
64	192	640	167	198	608
64	192	704	181	200	669
64	192	768	195	203	729
64	192	832	210	206	790
64	192	896	224	209	851
64	192	960	239	213	912
64	192	1023	254	216	971
64	256	0	84	249	31
64	256	64	85	249	67
64	256	128	88	249	124
64	256	192	94	250	184
64	256	256	101	250	244
64	256	320	111	251	305
64	256	384	121	252	365
64	256	448	133	253	426
64	256	512	145	254	487
64	256	576	158	255	547
64	256	640	171	257	608
64	256	704	185	259	669
64	256	768	199	261	729
64	256	832	213	263	790
64	256	896	227	265	851
64	256	960	242	268	912
64	256	1023	256	271	971
64	320	0	96	311	39
64	320	64	96	311	70
64	320	128	99	311	126
64	320	192	104	312	185
64	320	256	111	312	245
64	320	320	119	313	305
64	320	384	129	313	366
64	320	448	139	314	426
64	320	512	151	315	487
64	320	576	163	316	548
64	320	640	176	317	608
64	320	704	189	319	669
64	320	768	203	320	730
64	320	832	217	322	790
64	320	896	231	324	851
64	320	960	245	326	912
64	320	1023	259	328	972
64	384	0	108	373	46
64	384	64	109	373	74
64	384	128	111	374	128
64	384	192	115	374	186
64	384	256	121	374	246
64	384	320	129	375	306
64	384	384	138	375	366
64	384	448	148	376	427
64	384	512	159	376	487
64	384	576	170	377	548
64	384	640	182	378	609
64	384	704	195	380	669
64	384	768	208	381	730
64	384	832	222	382	791
64	384	896	235	384	851
64	384	960	249	385	912
64	384	1023	263	387	972
64	448	0	121	436	54
64	448	64	122	436	79
64	448	128	124	436	130
64	448	192	127	436	188
64	448	256	133	436	247
64	448	320	140	437	307
64	448	384	148	437	367
64	448	448	157	438	427
64	448	512	167	438	488
64	448	576	178	439	548
64	448	640	190	440	609
64	448	704	202	441	670
64	448	768	215	442	730
64	448	832	228	443	791
64	448	896	241	444	852
64	448	960	254	446	912
64	448	1023	268	447	972
64	512	0	135	498	62
64	512	64	135	498	84
64	512	128	137	498	133
64	512	192	140	498	190
64	512	256	145	498	248
64	512	320	151	499	308
64	512	384	159	499	368
64	512	448	167	500	428
64	512	512	177	500	488
64	512	576	187	501	549
64	512	640	198	501	609
64	512	704	210	502	670
64	512	768	222	503	731
64	512	832	234	504	791
64	512	896	247	505	852
64	512	960	260	506	913
64	512	1023	273	508	972
64	576	0	149	560	70
64	576	64	149	560	90
64	576	128	151	560	137
64	576	192	154	560	192
64	576	256	158	561	250
64	576	320	164	561	309
64	576	384	170	561	369
64	576	448	178	562	429
64	576	512	187	562	489
64	576	576	197	563	549
64	576	640	207	563	610
64	576	704	218	564	670
64	576	768	230	565	731
64	576	832	242	566	792
64	576	896	254	566	852
64	576	960	267	568	913
64	576	1023	280	569	973
64	640	0	163	622	77
64	640	64	163	622	95
64	640	128	165	622	140
64	640	192	168	623	194
64	640	256	171	623	252
64	640	320	177	623	311
64	640	384	183	623	370
64	640	448	190	624	430
64	640	512	198	624	490
64	640	576	207	624	550
64	640	640	217	625	611
64	640	704	228	626	671
64	640	768	239	626	731
64	640	832	250	627	792
64	640	896	262	628	853
64	640	960	274	629	913
64	640	1023	287	630	973
64	704	0	178	685	85
64	704	64	178	685	102
64	704	128	179	685	144
64	704	192	182	685	197
64	704	256	185	685	254
64	704	320	190	685	312
64	704	384	196	685	371
64	704	448	202	686	431
64	704	512	210	686	491
64	704	576	218	687	551
64	704	640	228	687	611
64	704	704	238	688	672
64	704	768	248	688	732
64	704	832	259	689	793
64	704	896	270	690	853
64	704	960	282	690	914
64	704	1023	294	691	973
64	768	0	192	747	93
64	768	64	193	747	108
64	768	128	194	747	148
64	768	192	196	747	200
64	768	256	199	747	256
64	768	320	203	747	314
64	768	384	209	748	373
64	768	448	215	748	432
64	768	512	222	748	492
64	768	576	230	749	552
64	768	640	239	749	612
64	768	704	248	749	672
64	768	768	258	750	733
64	768	832	269	751	793
64	768	896	280	751	854
64	768	960	291	752	914
64	768	1023	303	753	974
64	832	0	207	809	100
64	832	64	207	809	114
64	832	128	208	809	153
64	832	192	210	809	203
64	832	256	213	809	258
64	832	320	217	809	316
64	832	384	222	810	374
64	832	448	228	810	433
64	832	512	235	810	493
64	832	576	242	811	553
64	832	640	250	811	613
64	832	704	259	811	673
64	832	768	269	812	733
64	832	832	279	813	794
64	832	896	289	813	854
64	832	960	300	814	915
64	832	1023	311	815	974
64	896	0	222	871	108
64	896	64	222	871	121
64	896	128	223	871	158
64	896	192	225	871	207
64	896	256	228	872	261
64	896	320	231	872	318
64	896	384	236	872	376
64	896	448	241	872	435
64	896	512	248	872	494
64	896	576	255	873	554
64	896	640	262	873	614
64	896	704	271	874	674
64	896	768	280	874	734
64	896	832	289	874	794
64	896	896	299	875	855
64	896	960	310	876	915
64	896	1023	321	876	975
64	960	0	237	934	116
64	960	64	237	934	128
64	960	128	238	934	163
64	960	192	240	934	210
64	960	256	242	934	264
64	960	320	246	934	320
64	960	384	250	934	378
64	960	448	255	934	436
64	960	512	261	935	495
64	960	576	267	935	555
64	960	640	275	935	615
64	960	704	283	936	675
64	960	768	291	936	735
64	960	832	300	936	795
64	960	896	310	937	855
64	960	960	320	938	916
64	960	1023	331	938	975
64	1023	0	252	995	124
64	1023	64	252	995	135
64	1023	128	253	995	168
64	1023	192	254	995	214
64	1023	256	257	995	267
64	1023	320	260	995	322
64	1023	384	264	995	380
64	1023	448	269	995	438
64	1023	512	274	996	497
64	1023	576	280	996	556
64	1023	640	287	996	616
64	1023	704	295	997	676
64	1023	768	303	997	736
64	1023	832	312	998	796
64	1023	896	321	998	856
64	1023	960	331	999	916
64	1023	1023	341	999	976
128	0	0	123	18	0
128	0	64	123	19	61
128	0	128	125	23	121
128	0	192	129	28	182
128	0	256	134	34	243
128	0	320	141	41	304
128	0	384	149	48	365
128	0	448	158	55	425
128	0	512	168	62	486
128	0	576	179	69	547
128	0	640	191	77	608
128	0	704	203	84	668
128	0	768	215	91	729
128	0	832	228	99	790
128	0	896	242	106	851
128	0	960	255	113	911
128	0	1023	269	121	971
128	64	0	123	64	7
128	64	64	124	64	61
128	64	128	126	65	122
128	64	192	130	67	182
128	64	256	135	69	243
128	64	320	142	72	304
128	64	384	150	76	365
128	64	448	159	80	425
128	64	512	169	85	486
128	64	576	180	90	547
128	64	640	191	96	608
128	64	704	203	101	668
128	64	768	216	107	729
128	64	832	229	114	790
128	64	896	242	120	851
128	64	960	255	126	911
128	64	1023	269	133	971
128	128	0	125	125	15
128	128	64	126	125	62
128	128	128	128	126	122
128	128	192	132	127	183
128	128	256	137	128	243
128	128	320	143	129	304
128	128	384	151	131	365
128	128	448	160	133	425
128	128	512	170	136	486
128	128	576	181	139	547
128	128	640	192	142	608
128	128	704	204	146	668
128	128	768	217	150	729
128	128	832	230	154	790
128	128	896	243	159	851
128	128	960	256	163	911
128	128	1023	270	168	971
128	192	0	129	187	23
128	192	64	130	187	64
128	192	128	132	188	123
128	192	192	135	188	183
128	192	256	140	189	244
128	192	320	146	190	304
128	192	384	154	191	365
128	192	448	163	192	426
128	192	512	173	194	486
128	192	576	183	196	547
128	192	640	195	198	608
128	192	704	206	201	669
128	192	768	219	203	729
128	192	832	231	206	790
128	192	896	244	209	851
128	192	960	258	213	912
128	192	1023	271	216	971
128	256	0	134	249	31
128	256	64	135	249	67
128	256	128	137	250	124
128	256	192	140	250	184
128	256	256	145	250	244
128	256	320	151	251	305
128	256	384	158	252	365
128	256	448	167	253	426
128	256	512	177	254	487
128	256	576	187	256	547
128	256	640	198	257	608
128	256	704	209	259	669
128	256	768	222	261	729
128	256	832	234	263	790
128	256	896	247	266	851
128	256	960	260	268	912
128	256	1023	273	271	971
128	320	0	141	311	38
128	320	64	142	311	70
128	320	128	143	312	126
128	320	192	147	312	185
128	320	256	151	312	245
128	320	320	157	313	305
128	320	384	164	313	366
128	320	448	172	314	426
128	320	512	181	315	487
128	320	576	191	316	548
128	320	640	202	318	608
128	320	704	214	319	669
128	320	768	225	321	730
128	320	832	238	322	790
128	320	896	250	324	851
128	320	960	263	326	912
128	320	1023	276	328	972
128	384	0	149	374	46
128	384	64	150	374	74
128	384	128	151	374	128
128	384	192	154	374	186
128	384	256	159	374	246
128	384	320	164	375	306
128	384	384	171	375	366
128	384	448	179	376	427
128	384	512	188	377	487
128	384	576	197	378	548
128	384	640	208	379	609
128	384	704	219	380	669
128	384	768	230	381	730
128	384	832	242	382	791
128	384	896	254	384	851
128	384	960	267	386	912
128	384	1023	280	387	972
128	448	0	158	436	54
128	448	64	159	436	79
128	448	128	160	436	130
128	448	192	163	436	188
128	448	256	167	436	247
128	448	320	172	437	307
128	448	384	179	437	367
128	448	448	186	438	427
128	448	512	195	438	488
128	448	576	204	439	548
128	448	640	214	440	609
128	448	704	225	441	670
128	448	768	236	442	730
128	448	832	247	443	791
128	448	896	259	444	852
128	448	960	272	446	912
128	448	1023	284	447	972
128	512	0	169	498	62
128	512	64	169	498	84
128	512	128	170	498	133
128	512	192	173	498	190
128	512	256	177	498	248
128	512	320	182	499	308
128	512	384	188	499	368
128	512	448	195	500	428
128	512	512	203	500	488
128	512	576	212	501	549
128	512	640	221	502	609
128	512	704	231	502	670
128	512	768	242	503	731
128	512	832	253	504	791
128	512	896	265	505	852
128	512	960	277	507	912
128	512	1023	290	508	972
128	576	0	180	560	69
128	576	64	180	560	89
128	576	128	181	560	137
128	576	192	184	560	192
128	576	256	187	561	250
128	576	320	192	561	309
128	576	384	197	561	369
128	576	448	204	562	429
128	576	512	212	562	489
128	576	576	220	563	549
128	576	640	229	563	610
128	576	704	239	564	670
128	576	768	249	565	731
128	576	832	260	566	792
128	576	896	272	567	852
128	576	960	284	568	913
128	576	1023	295	569	973
128	640	0	191	622	77
128	640	64	192	622	95
128	640	128	193	623	140
128	640	192	195	623	194
128	640	256	198	623	252
128	640	320	202	623	310
128	640	384	208	623	370
128	640	448	214	624	430
128	640	512	221	624	490
128	640	576	229	625	550
128	640	640	238	625	611
128	640	704	247	626	671
128	640	768	257	626	731
128	640	832	268	627	792
128	640	896	279	628	853
128	640	960	290	629	913
128	640	1023	302	630	973
128	704	0	203	685	85
128	704	64	204	685	101
128	704	128	205	685	144
128	704	192	207	685	197
128	704	256	210	685	254
128	704	320	214	685	312
128	704	384	219	685	371
128	704	448	225	686	431
128	704	512	232	686	491
128	704	576	239	687	551
128	704	640	247	687	611
128	704	704	256	688	672
128	704	768	266	688	732
128	704	832	276	689	793
128	704	896	287	690	853
128	704	960	298	691	914
128	704	1023	309	691	973
128	768	0	216	747	93
128	768	64	216	747	108
128	768	128	217	747	148
128	768	192	219	747	200
128	768	256	222	747	256
128	768	320	226	747	314
128	768	384	230	748	373
128	768	448	236	748	432
128	768	512	242	748	492
128	768	576	250	749	552
128	768	640	258	749	612
128	768	704	266	750	672
128	768	768	275	750	733
128	768	832	285	751	793
128	768	896	295	751	854
128	768	960	306	752	914
128	768	1023	317	753	974
128	832	0	229	809	100
128	832	64	229	809	114
128	832	128	230	809	153
128	832	192	232	809	203
128	832	256	235	809	258
128	832	320	238	810	316
128	832	384	243	810	374
128	832	448	248	810	433
128	832	512	254	810	493
128	832	576	261	811	553
128	832	640	268	811	613
128	832	704	276	812	673
128	832	768	285	812	733
128	832	832	295	813	794
128	832	896	304	813	854
128	832	960	315	814	915
128	832	1023	325	815	974
128	896	0	242	871	108
128	896	64	242	871	121
128	896	128	243	871	158
128	896	192	245	871	207
128	896	256	248	872	261
128	896	320	251	872	318
128	896	384	255	872	376
128	896	448	260	872	435
128	896	512	266	872	494
128	896	576	272	873	554
128	896	640	279	873	614
128	896	704	287	874	674
128	896	768	295	874	734
128	896	832	304	875	794
128	896	896	314	875	855
128	896	960	324	876	915
128	896	1023	334	876	975
128	960	0	256	934	116
128	960	64	256	934	128
128	960	128	257	934	163
128	960	192	258	934	210
128	960	256	261	934	264
128	960	320	264	934	320
128	960	384	268	934	378
128	960	448	272	934	436
128	960	512	278	935	495
128	960	576	284	935	555
128	960	640	291	935	615
128	960	704	298	936	675
128	960	768	306	936	735
128	960	832	315	937	795
128	960	896	324	937	855
128	960	960	334	938	916
128	960	1023	344	938	975
128	1023	0	269	995	123
128	1023	64	270	995	135
128	1023	128	270	995	168
128	1023	192	272	995	214
128	1023	256	274	995	267
128	1023	320	277	995	322
128	1023	384	281	995	380
128	1023	448	285	996	438
128	1023	512	290	996	497
128	1023	576	296	996	556
128	1023	640	302	996	616
128	1023	704	310	997	676
128	1023	768	317	997	736
128	1023	832	326	998	796
128	1023	896	334	998	856
128	1023	960	344	999	916
128	1023	1023	353	999	976
192	0	0	184	27	0
192	0	64	185	28	61
192	0	128	186	30	121
192	0	192	188	34	182
192	0	256	192	39	243
192	0	320	196	45	304
192	0	384	201	51	365
192	0	448	208	58	425
192	0	512	215	65	486
192	0	576	224	72	547
192	0	640	233	79	608
192	0	704	242	86	668
192	0	768	253	93	729
192	0	832	263	100	790
192	0	896	275	107	851
192	0	960	286	115	911
192	0	1023	298	122	971
192	64	0	185	67	4
192	64	64	185	67	61
192	64	128	186	68	122
192	64	192	188	69	182
192	64	256	192	72	243
192	64	320	196	75	304
192	64	384	202	78	365
192	64	448	208	82	425
192	64	512	216	87	486
192	64	576	224	92	547
192	64	640	233	97	608
192	64	704	243	103	668
192	64	768	253	109	729
192	64	832	264	115	790
192	64	896	275	121	851
192	64	960	286	127	911
192	64	1023	298	134	971
192	128	0	186	126	14
192	128	64	186	127	62
192	128	128	187	127	122
192	128	192	190	128	183
192	128	256	193	129	243
192	128	320	198	130	304
192	128	384	203	132	365
192	128	448	209	134	425
192	128	512	217	137	486
192	128	576	225	140	547
192	128	640	234	143	608
192	128	704	243	147	668
192	128	768	254	151	729
192	128	832	264	155	790
192	128	896	276	159	851
192	128	960	287	164	911
192	128	1023	299	169	971
192	192	0	188	188	22
192	192	64	189	188	64
192	192	128	190	188	123
192	192	192	192	189	183
192	192	256	195	189	244
192	192	320	200	190	304
192	192	384	205	192	365
192	192	448	211	193	426
192	192	512	219	195	486
192	192	576	227	197	547
192	192	640	236	199	608
192	192	704	245	201	669
192	192	768	255	204	729
192	192	832	266	207	790
192	192	896	277	210	851
192	192	960	289	213	912
192	192	1023	300	217	971
192	256	0	192	250	30
192	256	64	192	250	66
192	256	128	193	250	124
192	256	192	195	250	184
192	256	256	199	251	244
192	256	320	203	252	305
192	256	384	208	252	365
192	256	448	214	253	426
192	256	512	222	255	487
192	256	576	230	256	547
192	256	640	238	258	608
192	256	704	248	260	669
192	256	768	258	261	729
192	256	832	268	264	790
192	256	896	279	266	851
192	256	960	291	269	912
192	256	1023	302	271	971
192	320	0	196	312	38
192	320	64	196	312	70
192	320	128	198	312	126
192	320	192	200	312	185
192	320	256	203	313	245
192	320	320	207	313	305
192	320	384	212	314	366
192	320	448	218	315	426
192	320	512	225	316	487
192	320	576	233	317	548
192	320	640	242	318	608
192	320	704	251	319	669
192	320	768	261	321	730
192	320	832	271	323	790
192	320	896	282	324	851
192	320	960	293	326	912
192	320	1023	305	329	972
192	384	0	202	374	46
192	384	64	202	374	74
192	384	128	203	374	128
192	384	192	205	374	186
192	384	256	208	375	246
192	384	320	212	375	306
192	384	384	217	376	366
192	384	448	223	376	427
192	384	512	230	377	487
192	384	576	238	378	548
192	384	640	246	379	609
192	384	704	255	380	669
192	384	768	265	381	730
192	384	832	275	383	791
192	384	896	286	384	851
192	384	960	297	386	912
192	384	1023	308	388	972
192	448	0	208	436	54
192	448	64	208	436	79
192	448	128	210	436	130
192	448	192	212	436	188
192	448	256	214	437	247
192	448	320	218	437	307
192	448	384	223	437	367
192	448	448	229	438	427
192	448	512	236	439	488
192	448	576	243	439	548
192	448	640	251	440	609
192	448	704	260	441	670
192	448	768	270	442	730
192	448	832	280	443	791
192	448	896	290	445	852
192	448	960	301	446	912
192	448	1023	312	447	972
192	512	0	216	498	62
192	512	64	216	498	84
192	512	128	217	498	133
192	512	192	219	498	190
192	512	256	222	499	248
192	512	320	225	499	308
192	512	384	230	499	368
192	512	448	236	500	428
192	512	512	242	500	488
192	512	576	249	501	549
192	512	640	257	502	609
192	512	704	266	503	670
192	512	768	275	503	731
192	512	832	285	504	791
192	512	896	295	506	852
192	512	960	306	507	912
192	512	1023	317	508	972
192	576	0	224	560	69
192	576	64	224	560	89
192	576	128	225	561	136
192	576	192	227	561	192
192	576	256	230	561	250
192	576	320	233	561	309
192	576	384	238	561	369
192	576	448	243	562	429
192	576	512	249	562	489
192	576	576	256	563	549
192	576	640	264	563	610
192	576	704	272	564	670
192	576	768	281	565	731
192	576	832	291	566	792
192	576	896	301	567	852
192	576	960	311	568	913
192	576	1023	322	569	973
192	640	0	233	623	77
192	640	64	233	623	95
192	640	128	234	623	140
192	640	192	236	623	194
192	640	256	238	623	252
192	640	320	242	623	310
192	640	384	246	624	370
192	640	448	251	624	430
192	640	512	257	624	490
192	640	576	264	625	550
192	640	640	271	625	611
192	640	704	280	626	671
192	640	768	288	627	731
192	640	832	297	627	792
192	640	896	307	628	853
192	640	960	317	629	913
192	640	1023	328	630	973
192	704	0	243	685	85
192	704	64	243	685	101
192	704	128	244	685	144
192	704	192	245	685	197
192	704	256	248	685	254
192	704	320	251	685	312
192	704	384	255	686	371
192	704	448	260	686	431
192	704	512	266	686	491
192	704	576	272	687	551
192	704	640	280	687	611
192	704	704	287	688	672
192	704	768	296	688	732
192	704	832	305	689	793
192	704	896	314	690	853
192	704	960	324	691	914
192	704	1023	335	692	973
192	768	0	253	747	93
192	768	64	253	747	108
192	768	128	254	747	148
192	768	192	256	747	200
192	768	256	258	747	256
192	768	320	261	748	314
192	768	384	265	748	373
192	768	448	270	748	432
192	768	512	275	748	492
192	768	576	281	749	552
192	768	640	288	749	612
192	768	704	296	750	672
192	768	768	304	750	733
192	768	832	313	751	793
192	768	896	322	752	854
192	768	960	332	752	914
192	768	1023	342	753	974
192	832	0	264	809	100
192	832	64	264	809	114
192	832	128	265	809	153
192	832	192	266	809	203
192	832	256	269	810	258
192	832	320	272	810	316
192	832	384	275	810	374
192	832	448	280	810	433
192	832	512	285	810	493
192	832	576	291	811	553
192	832	640	298	811	613
192	832	704	305	812	673
192	832	768	313	812	733
192	832	832	321	813	794
192	832	896	330	813	854
192	832	960	340	814	915
192	832	1023	349	815	974
192	896	0	275	871	108
192	896	64	275	871	121
192	896	128	276	872	158
192	896	192	278	872	207
192	896	256	280	872	261
192	896	320	283	872	318
192	896	384	286	872	376
192	896	448	290	872	435
192	896	512	295	873	494
192	896	576	301	873	554
192	896	640	307	873	614
192	896	704	314	874	674
192	896	768	322	874	734
192	896	832	330	875	794
192	896	896	339	875	855
192	896	960	348	876	915
192	896	1023	357	876	975
192	960	0	287	934	116
192	960	64	287	934	128
192	960	128	288	934	163
192	960	192	289	934	210
192	960	256	291	934	264
192	960	320	294	934	320
192	960	384	297	934	378
192	960	448	301	934	436
192	960	512	306	935	495
192	960	576	312	935	555
192	960	640	318	935	615
192	960	704	325	936	675
192	960	768	332	936	735
192	960	832	340	937	795
192	960	896	348	937	855
192	960	960	357	938	916
192	960	1023	366	938	975
192	1023	0	299	995	123
192	1023	64	299	995	135
192	1023	128	300	995	168
192	1023	192	301	995	214
192	1023	256	303	995	267
192	1023	320	305	995	322
192	1023	384	309	995	379
192	1023	448	313	996	438
192	1023	512	317	996	497
192	1023	576	322	996	556
192	1023	640	328	996	616
192	1023	704	335	997	676
192	1023	768	342	997	736
192	1023	832	349	998	796
192	1023	896	358	998	856
192	1023	960	366	999	916
192	1023	1023	375	999	976
256	0	0	246	36	0
256	0	64	246	37	60
256	0	128	247	39	121
256	0	192	248	42	182
256	0	256	251	46	243
256	0	320	254	51	304
256	0	384	258	56	365
256	0	448	263	62	425
256	0	512	269	68	486
256	0	576	275	75	547
256	0	640	282	82	608
256	0	704	290	88	668
256	0	768	298	95	729
256	0	832	307	102	790
256	0	896	316	110	851
256	0	960	326	117	911
256	0	1023	337	124	971
256	64	0	246	70	0
256	64	64	246	70	61
256	64	128	247	71	121
256	64	192	249	73	182
256	64	256	251	75	243
256	64	320	254	78	304
256	64	384	258	81	365
256	64	448	263	85	425
256	64	512	269	90	486
256	64	576	275	94	547
256	64	640	282	100	608
256	64	704	290	105	668
256	64	768	298	111	729
256	64	832	307	117	790
256	64	896	317	123	851
256	64	960	327	129	911
256	64	1023	337	136	971
256	128	0	247	128	13
256	128	64	247	128	62
256	128	128	248	129	122
256	128	192	250	129	183
256	128	256	252	131	243
256	128	320	255	132	304
256	128	384	259	134	365
256	128	448	264	136	425
256	128	512	270	139	486
256	128	576	276	142	547
256	128	640	283	145	608
256	128	704	291	148	668
256	128	768	299	152	729
256	128	832	308	156	790
256	128	896	317	161	851
256	128	960	327	165	911
256	128	1023	337	170	971
256	192	0	248	189	22
256	192	64	249	189	64
256	192	128	250	189	123
256	192	192	251	190	183
256	192	256	254	190	244
256	192	320	257	191	304
256	192	384	261	193	365
256	192	448	266	194	426
256	192	512	271	196	486
256	192	576	277	198	547
256	192	640	284	200	608
256	192	704	292	202	669
256	192	768	300	205	729
256	192	832	309	208	790
256	192	896	319	211	851
256	192	960	328	214	912
256	192	1023	338	218	971
256	256	0	251	251	30
256	256	64	251	251	66
256	256	128	252	251	124
256	256	192	254	251	184
256	256	256	256	252	244
256	256	320	259	252	305
256	256	384	263	253	365
256	256	448	268	254	426
256	256	512	273	255	487
256	256	576	280	257	547
256	256	640	287	258	608
256	256	704	294	260	669
256	256	768	302	262	729
256	256	832	311	264	790
256	256	896	320	267	851
256	256	960	330	269	912
256	256	1023	340	272	971
256	320	0	254	312	38
256	320	64	254	312	70
256	320	128	255	313	126
256	320	192	257	313	185
256	320	256	259	313	245
256	320	320	262	314	305
256	320	384	266	314	366
256	320	448	271	315	426
256	320	512	276	316	487
256	320	576	283	317	548
256	320	640	289	319	608
256	320	704	297	320	669
256	320	768	305	321	730
256	320	832	314	323	790
256	320	896	323	325	851
256	320	960	333	327	912
256	320	1023	342	329	972
256	384	0	258	374	46
256	384	64	258	374	74
256	384	128	259	375	128
256	384	192	261	375	186
256	384	256	263	375	246
256	384	320	266	375	306
256	384	384	270	376	366
256	384	448	275	377	427
256	384	512	280	377	487
256	384	576	286	378	548
256	384	640	293	379	609
256	384	704	300	380	669
256	384	768	308	382	730
256	384	832	317	383	791
256	384	896	326	385	851
256	384	960	335	386	912
256	384	1023	345	388	972
256	448	0	263	436	54
256	448	64	263	436	79
256	448	128	264	437	130
256	448	192	266	437	188
256	448	256	268	437	247
256	448	320	271	437	307
256	448	384	275	438	367
256	448	448	279	438	427
256	448	512	285	439	488
256	448	576	290	440	548
256	448	640	297	441	609
256	448	704	304	442	670
256	448	768	312	443	730
256	448	832	321	444	791
256	448	896	330	445	852
256	448	960	339	446	912
256	448	1023	349	448	972
256	512	0	269	499	61
256	512	64	269	499	84
256	512	128	270	499	133
256	512	192	271	499	190
256	512	256	274	499	248
256	512	320	276	499	308
256	512	384	280	500	368
256	512	448	285	500	428
256	512	512	290	501	488
256	512	576	296	501	549
256	512	640	302	502	609
256	512	704	309	503	670
256	512	768	317	504	731
256	512	832	325	505	791
256	512	896	334	506	852
256	512	960	343	507	912
256	512	1023	353	508	972
256	576	0	275	561	69
256	576	64	275	561	89
256	576	128	276	561	136
256	576	192	278	561	192
256	576	256	280	561	250
256	576	320	283	561	309
256	576	384	286	562	369
256	576	448	291	562	429
256	576	512	296	563	489
256	576	576	301	563	549
256	576	640	308	564	610
256	576	704	315	564	670
256	576	768	322	565	731
256	576	832	330	566	792
256	576	896	339	567	852
256	576	960	348	568	913
256	576	1023	358	569	973
256	640	0	282	623	77
256	640	64	283	623	95
256	640	128	283	623	140
256	640	192	285	623	194
256	640	256	287	623	252
256	640	320	290	623	310
256	640	384	293	624	370
256	640	448	297	624	430
256	640	512	302	625	490
256	640	576	308	625	550
256	640	640	314	626	611
256	640	704	321	626	671
256	640	768	328	627	731
256	640	832	336	628	792
256	640	896	345	628	853
256	640	960	354	629	913
256	640	1023	363	630	973
256	704	0	290	685	85
256	704	64	290	685	101
256	704	128	291	685	144
256	704	192	292	685	197
256	704	256	294	685	254
256	704	320	297	686	312
256	704	384	300	686	371
256	704	448	305	686	431
256	704	512	309	687	491
256	704	576	315	687	551
256	704	640	321	687	611
256	704	704	327	688	672
256	704	768	335	689	732
256	704	832	342	689	793
256	704	896	351	690	853
256	704	960	359	691	914
256	704	1023	369	692	973
256	768	0	299	747	92
256	768	64	299	747	108
256	768	128	299	747	148
256	768	192	301	747	200
256	768	256	303	748	256
256	768	320	305	748	314
256	768	384	309	748	373
256	768	448	312	748	432
256	768	512	317	749	492
256	768	576	322	749	552
256	768	640	328	749	612
256	768	704	335	750	672
256	768	768	342	750	733
256	768	832	349	751	793
256	768	896	357	752	854
256	768	960	366	753	914
256	768	1023	375	753	974
256	832	0	307	809	100
256	832	64	308	809	114
256	832	128	308	809	153
256	832	192	310	810	203
256	832	256	311	810	258
256	832	320	314	810	316
256	832	384	317	810	374
256	832	448	321	810	433
256	832	512	325	811	493
256	832	576	331	811	553
256	832	640	336	811	613
256	832	704	343	812	673
256	832	768	349	812	733
256	832	832	357	813	794
256	832	896	365	814	854
256	832	960	373	814	915
256	832	1023	382	815	974
256	896	0	317	872	108
256	896	64	317	872	121
256	896	128	318	872	158
256	896	192	319	872	207
256	896	256	321	872	261
256	896	320	323	872	318
256	896	384	326	872	376
256	896	448	330	872	435
256	896	512	334	873	494
256	896	576	339	873	554
256	896	640	345	873	614
256	896	704	351	874	674
256	896	768	358	874	734
256	896	832	365	875	794
256	896	896	372	875	855
256	896	960	381	876	915
256	896	1023	389	877	975
256	960	0	327	934	116
256	960	64	327	934	128
256	960	128	328	934	163
256	960	192	329	934	210
256	960	256	331	934	264
256	960	320	333	934	320
256	960	384	336	934	378
256	960	448	339	935	436
256	960	512	344	935	495
256	960	576	348	935	555
256	960	640	354	935	615
256	960	704	360	936	675
256	960	768	366	936	735
256	960	832	373	937	795
256	960	896	381	937	855
256	960	960	389	938	916
256	960	1023	397	938	975
256	1023	0	337	995	123
256	1023	64	337	995	135
256	1023	128	338	995	168
256	1023	192	339	995	214
256	1023	256	341	995	267
256	1023	320	343	995	322
256	1023	384	346	996	379
256	1023	448	349	996	438
256	1023	512	353	996	497
256	1023	576	358	996	556
256	1023	640	363	997	616
256	1023	704	369	997	676
256	1023	768	375	997	736
256	1023	832	382	998	796
256	1023	896	389	998	856
256	1023	960	397	999	916
256	1023	1023	405	999	976
320	0	0	307	45	0
320	0	64	307	46	60
320	0	128	308	47	121
320	0	192	309	50	182
320	0	256	311	53	243
320	0	320	314	57	304
320	0	384	317	62	364
320	0	448	321	67	425
320	0	512	325	73	486
320	0	576	330	79	547
320	0	640	336	85	608
320	0	704	342	92	668
320	0	768	349	99	729
320	0	832	356	105	790
320	0	896	364	112	851
320	0	960	373	119	911
320	0	1023	381	126	971
320	64	0	307	75	0
320	64	64	307	75	60
320	64	128	308	76	121
320	64	192	309	77	182
320	64	256	311	79	243
320	64	320	314	82	304
320	64	384	317	85	365
320	64	448	321	89	425
320	64	512	325	93	486
320	64	576	330	98	547
320	64	640	336	103	608
320	64	704	342	108	668
320	64	768	349	114	729
320	64	832	357	119	790
320	64	896	364	125	851
320	64	960	373	131	911
320	64	1023	382	138	971
320	128	0	308	130	11
320	128	64	308	131	61
320	128	128	309	131	122
320	128	192	310	132	182
320	128	256	312	133	243
320	128	320	314	134	304
320	128	384	318	136	365
320	128	448	321	138	425
320	128	512	326	141	486
320	128	576	331	144	547
320	128	640	337	147	608
320	128	704	343	150	668
320	128	768	350	154	729
320	128	832	357	158	790
320	128	896	365	162	851
320	128	960	373	167	911
320	128	1023	382	172	971
320	192	0	309	190	21
320	192	64	309	190	63
320	192	128	310	191	123
320	192	192	311	191	183
320	192	256	313	192	244
320	192	320	316	193	304
320	192	384	319	194	365
320	192	448	323	195	426
320	192	512	327	197	486
320	192	576	332	199	547
320	192	640	338	201	608
320	192	704	344	204	669
320	192	768	351	206	729
320	192	832	358	209	790
320	192	896	366	212	851
320	192	960	374	216	911
320	192	1023	383	219	971
320	256	0	311	252	29
320	256	64	311	252	66
320	256	128	312	252	124
320	256	192	313	252	184
320	256	256	315	253	244
320	256	320	318	253	305
320	256	384	321	254	365
320	256	448	324	255	426
320	256	512	329	256	487
320	256	576	334	258	547
320	256	640	339	259	608
320	256	704	346	261	669
320	256	768	352	263	729
320	256	832	360	265	790
320	256	896	368	268	851
320	256	960	376	270	912
320	256	1023	385	273	971
320	320	0	314	313	37
320	320	64	314	313	70
320	320	128	314	313	126
320	320	192	316	314	185
320	320	256	318	314	245
320	320	320	320	315	305
320	320	384	323	315	366
320	320	448	327	316	426
320	320	512	331	317	487
320	320	576	336	318	548
320	320	640	342	319	608
320	320	704	348	321	669
320	320	768	355	322	730
320	320	832	362	324	790
320	320	896	370	326	851
320	320	960	378	328	912
320	320	1023	387	330	972
320	384	0	317	375	45
320	384	64	317	375	74
320	384	128	318	375	128
320	384	192	319	375	186
320	384	256	321	376	246
320	384	320	323	376	306
320	384	384	326	377	366
320	384	448	330	377	427
320	384	512	334	378	487
320	384	576	339	379	548
320	384	640	345	380	609
320	384	704	351	381	669
320	384	768	357	382	730
320	384	832	365	384	791
320	384	896	372	385	851
320	384	960	381	387	912
320	384	1023	389	389	972
320	448	0	321	437	53
320	448	64	321	437	78
320	448	128	321	437	130
320	448	192	323	437	188
320	448	256	324	438	247
320	448	320	327	438	307
320	448	384	330	438	367
320	448	448	334	439	427
320	448	512	338	440	488
320	448	576	343	440	548
320	448	640	348	441	609
320	448	704	354	442	670
320	448	768	361	443	730
320	448	832	368	444	791
320	448	896	376	446	852
320	448	960	384	447	912
320	448	1023	392	448	972
320	512	0	325	499	61
320	512	64	325	499	84
320	512	128	326	499	133
320	512	192	327	499	190
320	512	256	329	500	248
320	512	320	331	500	308
320	512	384	334	500	368
320	512	448	338	501	428
320	512	512	342	501	488
320	512	576	347	502	549
320	512	640	352	503	609
320	512	704	358	503	670
320	512	768	365	504	731
320	512	832	372	505	791
320	512	896	379	506	852
320	512	960	387	508	912
320	512	1023	396	509	972
320	576	0	330	561	69
320	576	64	330	561	89
320	576	128	331	561	136
320	576	192	332	561	192
320	576	256	334	562	250
320	576	320	336	562	309
320	576	384	339	562	369
320	576	448	343	563	429
320	576	512	347	563	489
320	576	576	352	564	549
320	576	640	357	564	610
320	576	704	363	565	670
320	576	768	369	566	731
320	576	832	376	567	792
320	576	896	384	567	852
320	576	960	391	568	913
320	576	1023	400	570	973
320	640	0	336	623	77
320	640	64	336	623	95
320	640	128	337	623	140
320	640	192	338	623	194
320	640	256	340	624	252
320	640	320	342	624	310
320	640	384	345	624	370
320	640	448	348	624	430
320	640	512	352	625	490
320	640	576	357	625	550
320	640	640	362	626	611
320	640	704	368	627	671
320	640	768	374	627	731
320	640	832	381	628	792
320	640	896	388	629	853
320	640	960	396	630	913
320	640	1023	404	631	973
320	704	0	342	685	85
320	704	64	343	685	101
320	704	128	343	685	144
320	704	192	344	686	197
320	704	256	346	686	254
320	704	320	348	686	312
320	704	384	351	686	371
320	704	448	354	686	431
320	704	512	358	687	491
320	704	576	363	687	551
320	704	640	368	688	611
320	704	704	374	688	672
320	704	768	380	689	732
320	704	832	386	690	792
320	704	896	394	690	853
320	704	960	401	691	914
320	704	1023	409	692	973
320	768	0	349	748	92
320	768	64	349	748	108
320	768	128	350	748	148
320	768	192	351	748	200
320	768	256	353	748	256
320	768	320	355	748	314
320	768	384	358	748	373
320	768	448	361	749	432
320	768	512	365	749	492
320	768	576	369	749	552
320	768	640	374	750	612
320	768	704	380	750	672
320	768	768	386	751	733
320	768	832	392	751	793
320	768	896	400	752	854
320	768	960	407	753	914
320	768	1023	415	754	974
320	832	0	357	810	100
320	832	64	357	810	114
320	832	128	357	810	153
320	832	192	359	810	203
320	832	256	360	810	258
320	832	320	362	810	316
320	832	384	365	810	374
320	832	448	368	811	433
320	832	512	372	811	493
320	832	576	376	811	553
320	832	640	381	812	613
320	832	704	387	812	673
320	832	768	393	813	733
320	832	832	399	813	794
320	832	896	406	814	854
320	832	960	413	814	915
320	832	1023	421	815	974
320	896	0	365	872	108
320	896	64	365	872	121
320	896	128	365	872	158
320	896	192	366	872	206
320	896	256	368	872	261
320	896	320	370	872	318
320	896	384	373	872	376
320	896	448	376	873	435
320	896	512	379	873	494
320	896	576	384	873	554
320	896	640	389	874	614
320	896	704	394	874	674
320	896	768	400	875	734
320	896	832	406	875	794
320	896	896	413	876	855
320	896	960	420	876	915
320	896	1023	428	877	975
320	960	0	373	934	116
320	960	64	373	934	128
320	960	128	374	934	163
320	960	192	375	934	210
320	960	256	376	934	264
320	960	320	378	934	320
320	960	384	381	935	378
320	960	448	384	935	436
320	960	512	388	935	495
320	960	576	392	935	555
320	960	640	396	936	615
320	960	704	402	936	675
320	960	768	407	937	735
320	960	832	413	937	795
320	960	896	420	938	855
320	960	960	427	938	916
320	960	1023	435	939	975
320	1023	0	382	995	123
320	1023	64	382	995	134
320	1023	128	383	995	168
320	1023	192	384	995	214
320	1023	256	385	995	266
320	1023	320	387	996	322
320	1023	384	389	996	379
320	1023	448	392	996	438
320	1023	512	396	996	497
320	1023	576	400	996	556
320	1023	640	405	997	616
320	1023	704	410	997	676
320	1023	768	415	998	736
320	1023	832	421	998	796
320	1023	896	428	998	856
320	1023	960	435	999	916
320	1023	1023	442	1000	976
384	0	0	368	54	0
384	0	64	369	55	60
384	0	128	369	56	121
384	0	192	370	58	182
384	0	256	372	61	243
384	0	320	374	64	304
384	0	384	376	68	364
384	0	448	379	73	425
384	0	512	383	79	486
384	0	576	387	84	547
384	0	640	392	90	608
384	0	704	397	96	668
384	0	768	403	102	729
384	0	832	409	109	790
384	0	896	416	116	851
384	0	960	423	122	911
384	0	1023	431	129	971
384	64	0	369	80	0
384	64	64	369	80	60
384	64	128	369	81	121
384	64	192	370	82	182
384	64	256	372	84	243
384	64	320	374	87	304
384	64	384	376	90	364
384	64	448	380	93	425
384	64	512	383	97	486
384	64	576	387	102	547
384	64	640	392	106	608
384	64	704	397	111	668
384	64	768	403	117	729
384	64	832	409	122	790
384	64	896	416	128	851
384	64	960	423	134	911
384	64	1023	431	140	971
384	128	0	369	133	9
384	128	64	369	133	61
384	128	128	370	134	122
384	128	192	371	134	182
384	128	256	372	136	243
384	128	320	374	137	304
384	128	384	377	139	365
384	128	448	380	141	425
384	128	512	384	143	486
384	128	576	388	146	547
384	128	640	393	149	608
384	128	704	398	153	668
384	128	768	404	156	729
384	128	832	410	160	790
384	128	896	417	165	851
384	128	960	424	169	911
384	128	1023	431	174	971
384	192	0	370	192	20
384	192	64	370	192	63
384	192	128	371	193	123
384	192	192	372	193	183
384	192	256	373	194	243
384	192	320	375	195	304
384	192	384	378	196	365
384	192	448	381	197	426
384	192	512	385	199	486
384	192	576	389	201	547
384	192	640	394	203	608
384	192	704	399	205	668
384	192	768	405	208	729
384	192	832	411	211	790
384	192	896	417	214	851
384	192	960	425	217	911
384	192	1023	432	221	971
384	256	0	372	253	29
384	256	64	372	253	66
384	256	128	372	253	124
384	256	192	373	253	184
384	256	256	375	254	244
384	256	320	377	255	305
384	256	384	379	255	365
384	256	448	383	256	426
384	256	512	386	258	487
384	256	576	390	259	547
384	256	640	395	261	608
384	256	704	400	262	669
384	256	768	406	264	729
384	256	832	412	267	790
384	256	896	419	269	851
384	256	960	426	271	912
384	256	1023	433	274	971
384	320	0	374	314	37
384	320	64	374	314	69
384	320	128	374	314	125
384	320	192	375	315	185
384	320	256	377	315	245
384	320	320	379	316	305
384	320	384	381	316	366
384	320	448	385	317	426
384	320	512	388	318	487
384	320	576	392	319	547
384	320	640	397	320	608
384	320	704	402	322	669
384	320	768	408	323	730
384	320	832	414	325	790
384	320	896	421	327	851
384	320	960	428	329	912
384	320	1023	435	331	972
384	384	0	376	376	45
384	384	64	376	376	73
384	384	128	377	376	128
384	384	192	378	376	186
384	384	256	380	377	246
384	384	320	381	377	306
384	384	384	384	377	366
384	384	448	387	378	427
384	384	512	391	379	487
384	384	576	395	380	548
384	384	640	399	381	608
384	384	704	404	382	669
384	384	768	410	383	730
384	384	832	416	385	791
384	384	896	423	386	851
384	384	960	430	388	912
384	384	1023	437	389	972
384	448	0	379	438	53
384	448	64	380	438	78
384	448	128	380	438	130
384	448	192	381	438	188
384	448	256	383	438	247
384	448	320	385	439	307
384	448	384	387	439	367
384	448	448	390	440	427
384	448	512	394	440	488
384	448	576	398	441	548
384	448	640	402	442	609
384	448	704	407	443	669
384	448	768	413	444	730
384	448	832	419	445	791
384	448	896	426	446	851
384	448	960	433	448	912
384	448	1023	440	449	972
384	512	0	383	500	61
384	512	64	383	500	83
384	512	128	384	500	133
384	512	192	385	500	190
384	512	256	386	500	248
384	512	320	388	500	308
384	512	384	391	501	368
384	512	448	394	501	428
384	512	512	397	502	488
384	512	576	401	502	549
384	512	640	406	503	609
384	512	704	411	504	670
384	512	768	416	505	731
384	512	832	422	506	791
384	512	896	429	507	852
384	512	960	436	508	912
384	512	1023	443	509	972
384	576	0	387	562	69
384	576	64	388	562	89
384	576	128	388	562	136
384	576	192	389	562	192
384	576	256	390	562	250
384	576	320	392	562	309
384	576	384	395	563	369
384	576	448	398	563	429
384	576	512	401	563	489
384	576	576	405	564	549
384	576	640	410	565	610
384	576	704	415	565	670
384	576	768	420	566	731
384	576	832	426	567	792
384	576	896	432	568	852
384	576	960	439	569	913
384	576	1023	447	570	972
384	640	0	392	624	77
384	640	64	392	624	95
384	640	128	393	624	140
384	640	192	394	624	194
384	640	256	395	624	252
384	640	320	397	624	310
384	640	384	399	625	370
384	640	448	402	625	430
384	640	512	406	625	490
384	640	576	410	626	550
384	640	640	414	626	610
384	640	704	419	627	671
384	640	768	424	628	731
384	640	832	430	628	792
384	640	896	437	629	853
384	640	960	443	630	913
384	640	1023	451	631	973
384	704	0	397	686	84
384	704	64	398	686	101
384	704	128	398	686	144
384	704	192	399	686	197
384	704	256	400	686	254
384	704	320	402	686	312
384	704	384	405	687	371
384	704	448	407	687	431
384	704	512	411	687	491
384	704	576	415	688	551
384	704	640	419	688	611
384	704	704	424	689	672
384	704	768	429	689	732
384	704	832	435	690	792
384	704	896	441	691	853
384	704	960	448	692	914
384	704	1023	455	692	973
384	768	0	403	748	92
384	768	64	403	748	107
384	768	128	404	748	148
384	768	192	405	748	200
384	768	256	406	748	256
384	768	320	408	748	314
384	768	384	410	749	372
384	768	448	413	749	432
384	768	512	416	749	492
384	768	576	420	750	552
384	768	640	424	750	612
384	768	704	429	751	672
384	768	768	435	751	733
384	768	832	440	752	793
384	768	896	446	752	854
384	768	960	453	753	914
384	768	1023	460	754	974
384	832	0	410	810	100
384	832	64	410	810	114
384	832	128	410	810	153
384	832	192	411	810	203
384	832	256	412	810	258
384	832	320	414	810	315
384	832	384	416	811	374
384	832	448	419	811	433
384	832	512	422	811	493
384	832	576	426	812	553
384	832	640	430	812	613
384	832	704	435	812	673
384	832	768	440	813	733
384	832	832	446	813	794
384	832	896	452	814	854
384	832	960	459	815	915
384	832	1023	465	815	974
384	896	0	416	872	108
384	896	64	416	872	121
384	896	128	417	872	157
384	896	192	418	872	206
384	896	256	419	872	261
384	896	320	421	873	318
384	896	384	423	873	376
384	896	448	426	873	435
384	896	512	429	873	494
384	896	576	433	874	554
384	896	640	437	874	614
384	896	704	441	874	674
384	896	768	447	875	734
384	896	832	452	875	794
384	896	896	458	876	855
384	896	960	464	877	915
384	896	1023	471	877	975
384	960	0	424	934	115
384	960	64	424	934	127
384	960	128	424	934	162
384	960	192	425	934	210
384	960	256	426	935	263
384	960	320	428	935	320
384	960	384	430	935	377
384	960	448	433	935	436
384	960	512	436	935	495
384	960	576	440	936	555
384	960	640	444	936	615
384	960	704	448	936	675
384	960	768	453	937	735
384	960	832	459	937	795
384	960	896	464	938	855
384	960	960	471	938	916
384	960	1023	477	939	975
384	1023	0	431	996	123
384	1023	64	431	996	134
384	1023	128	432	996	168
384	1023	192	433	996	214
384	1023	256	434	996	266
384	1023	320	435	996	322
384	1023	384	438	996	379
384	1023	448	440	996	438
384	1023	512	443	996	497
384	1023	576	447	997	556
384	1023	640	451	997	616
384	1023	704	455	997	676
384	1023	768	460	998	736
384	1023	832	465	998	796
384	1023	896	471	999	856
384	1023	960	477	999	916
384	1023	1023	484	1000	976
448	0	0	430	63	0
448	0	64	430	64	59
448	0	128	430	65	121
448	0	192	431	66	182
448	0	256	433	69	243
448	0	320	434	72	304
448	0	384	436	76	364
448	0	448	439	80	425
448	0	512	442	85	486
448	0	576	446	90	547
448	0	640	450	95	608
448	0	704	454	101	668
448	0	768	459	107	729
448	0	832	464	113	790
448	0	896	470	120	851
448	0	960	476	126	911
448	0	1023	483	133	971
448	64	0	430	86	0
448	64	64	430	86	60
448	64	128	431	87	121
448	64	192	431	88	182
448	64	256	433	90	243
448	64	320	434	92	304
448	64	384	437	95	364
448	64	448	439	98	425
448	64	512	442	102	486
448	64	576	446	106	547
448	64	640	450	111	608
448	64	704	454	116	668
448	64	768	459	121	729
448	64	832	464	126	790
448	64	896	470	132	851
448	64	960	476	138	911
448	64	1023	483	143	971
448	128	0	430	137	0
448	128	64	431	137	61
448	128	128	431	137	122
448	128	192	432	138	182
448	128	256	433	139	243
448	128	320	435	140	304
448	128	384	437	142	365
448	128	448	440	144	425
448	128	512	443	146	486
448	128	576	446	149	547
448	128	640	450	152	608
448	128	704	455	156	668
448	128	768	460	159	729
448	128	832	465	163	790
448	128	896	471	167	851
448	128	960	477	172	911
448	128	1023	483	176	971
448	192	0	431	194	18
448	192	64	431	194	63
448	192	128	432	195	122
448	192	192	433	195	183
448	192	256	434	196	243
448	192	320	436	197	304
448	192	384	438	198	365
448	192	448	440	199	426
448	192	512	443	201	486
448	192	576	447	203	547
448	192	640	451	205	608
448	192	704	455	207	668
448	192	768	460	210	729
448	192	832	466	213	790
448	192	896	471	216	851
448	192	960	478	219	911
448	192	1023	484	222	971
448	256	0	433	254	28
448	256	64	433	255	65
448	256	128	433	255	124
448	256	192	434	255	184
448	256	256	435	256	244
448	256	320	437	256	305
448	256	384	439	257	365
448	256	448	442	258	426
448	256	512	445	259	486
448	256	576	448	261	547
448	256	640	452	262	608
448	256	704	457	264	669
448	256	768	462	266	729
448	256	832	467	268	790
448	256	896	473	270	851
448	256	960	479	273	912
448	256	1023	485	276	971
448	320	0	434	315	36
448	320	64	434	315	69
448	320	128	435	316	125
448	320	192	436	316	185
448	320	256	437	316	245
448	320	320	439	317	305
448	320	384	441	317	366
448	320	448	443	318	426
448	320	512	446	319	487
448	320	576	450	320	547
448	320	640	454	321	608
448	320	704	458	323	669
448	320	768	463	324	730
448	320	832	468	326	790
448	320	896	474	328	851
448	320	960	480	330	912
448	320	1023	487	332	972
448	384	0	436	377	44
448	384	64	437	377	73
448	384	128	437	377	127
448	384	192	438	377	186
448	384	256	439	377	246
448	384	320	441	378	306
448	384	384	443	378	366
448	384	448	445	379	427
448	384	512	448	380	487
448	384	576	452	381	548
448	384	640	456	382	608
448	384	704	460	383	669
448	384	768	465	384	730
448	384	832	470	385	791
448	384	896	476	387	851
448	384	960	482	389	912
448	384	1023	489	390	972
448	448	0	439	438	52
448	448	64	439	439	78
448	448	128	440	439	130
448	448	192	440	439	188
448	448	256	442	439	247
448	448	320	443	439	307
448	448	384	445	440	367
448	448	448	448	440	427
448	448	512	451	441	488
448	448	576	454	442	548
448	448	640	458	443	609
448	448	704	463	444	669
448	448	768	468	445	730
448	448	832	473	446	791
448	448	896	478	447	851
448	448	960	485	448	912
448	448	1023	491	450	972
448	512	0	442	500	60
448	512	64	442	500	83
448	512	128	443	500	133
448	512	192	444	501	189
448	512	256	445	501	248
448	512	320	446	501	308
448	512	384	448	501	368
448	512	448	451	502	428
448	512	512	454	502	488
448	512	576	457	503	549
448	512	640	461	504	609
448	512	704	466	505	670
448	512	768	470	505	730
448	512	832	476	506	791
448	512	896	481	508	852
448	512	960	487	509	912
448	512	1023	494	510	972
448	576	0	446	562	68
448	576	64	446	562	89
448	576	128	446	562	136
448	576	192	447	562	192
448	576	256	448	563	250
448	576	320	450	563	309
448	576	384	452	563	369
448	576	448	455	564	429
448	576	512	457	564	489
448	576	576	461	565	549
448	576	640	465	565	610
448	576	704	469	566	670
448	576	768	474	567	731
448	576	832	479	568	792
448	576	896	484	569	852
448	576	960	490	570	913
448	576	1023	497	571	972
448	640	0	450	624	76
448	640	64	450	624	95
448	640	128	450	624	140
448	640	192	451	624	194
448	640	256	452	625	251
448	640	320	454	625	310
448	640	384	456	625	370
448	640	448	458	625	430
448	640	512	461	626	490
448	640	576	465	626	550
448	640	640	469	627	610
448	640	704	473	627	671
448	640	768	477	628	731
448	640	832	483	629	792
448	640	896	488	630	853
448	640	960	494	631	913
448	640	1023	500	632	973
448	704	0	454	686	84
448	704	64	454	686	101
448	704	128	455	686	144
448	704	192	456	686	197
448	704	256	457	687	253
448	704	320	458	687	312
448	704	384	460	687	371
448	704	448	463	687	431
448	704	512	466	688	491
448	704	576	469	688	551
448	704	640	473	689	611
448	704	704	477	689	672
448	704	768	482	690	732
448	704	832	487	690	792
448	704	896	492	691	853
448	704	960	498	692	914
448	704	1023	504	693	973
448	768	0	459	748	92
448	768	64	459	748	107
448	768	128	460	748	148
448	768	192	461	748	200
448	768	256	462	749	256
448	768	320	463	749	314
448	768	384	465	749	372
448	768	448	468	749	432
448	768	512	471	750	492
448	768	576	474	750	552
448	768	640	478	750	612
448	768	704	482	751	672
448	768	768	486	752	733
448	768	832	491	752	793
448	768	896	497	753	854
448	768	960	503	754	914
448	768	1023	509	754	974
448	832	0	465	810	100
448	832	64	465	810	114
448	832	128	465	810	152
448	832	192	466	811	203
448	832	256	467	811	258
448	832	320	469	811	315
448	832	384	471	811	374
448	832	448	473	811	433
448	832	512	476	812	493
448	832	576	479	812	553
448	832	640	483	812	613
448	832	704	487	813	673
448	832	768	491	813	733
448	832	832	496	814	794
448	832	896	502	815	854
448	832	960	507	815	915
448	832	1023	513	816	974
448	896	0	470	873	108
448	896	64	471	873	120
448	896	128	471	873	157
448	896	192	472	873	206
448	896	256	473	873	261
448	896	320	474	873	317
448	896	384	476	873	376
448	896	448	479	873	435
448	896	512	481	874	494
448	896	576	485	874	554
448	896	640	488	874	614
448	896	704	492	875	674
448	896	768	497	875	734
448	896	832	502	876	794
448	896	896	507	876	855
448	896	960	513	877	915
448	896	1023	519	878	975
448	960	0	477	935	115
448	960	64	477	935	127
448	960	128	477	935	162
448	960	192	478	935	210
448	960	256	479	935	263
448	960	320	481	935	320
448	960	384	482	935	377
448	960	448	485	935	436
448	960	512	488	936	495
448	960	576	491	936	555
448	960	640	494	936	615
448	960	704	498	937	675
448	960	768	503	937	735
448	960	832	507	938	795
448	960	896	513	938	855
448	960	960	518	939	916
448	960	1023	524	939	975
448	1023	0	483	996	123
448	1023	64	483	996	134
448	1023	128	484	996	168
448	1023	192	485	996	214
448	1023	256	486	996	266
448	1023	320	487	996	322
448	1023	384	489	996	379
448	1023	448	491	997	438
448	1023	512	494	997	497
448	1023	576	497	997	556
448	1023	640	501	997	616
448	1023	704	504	998	676
448	1023	768	509	998	736
448	1023	832	514	999	796
448	1023	896	519	999	856
448	1023	960	524	1000	916
448	1023	1023	530	1000	976
512	0	0	491	73	0
512	0	64	491	73	59
512	0	128	492	74	121
512	0	192	492	75	182
512	0	256	494	77	243
512	0	320	495	80	304
512	0	384	497	83	364
512	0	448	499	87	425
512	0	512	502	91	486
512	0	576	505	96	547
512	0	640	508	101	607
512	0	704	512	106	668
512	0	768	516	112	729
512	0	832	521	118	790
512	0	896	526	124	851
512	0	960	532	130	911
512	0	1023	537	137	971
512	64	0	491	93	0
512	64	64	491	93	59
512	64	128	492	93	121
512	64	192	493	94	182
512	64	256	494	96	243
512	64	320	495	98	304
512	64	384	497	101	364
512	64	448	499	104	425
512	64	512	502	107	486
512	64	576	505	111	547
512	64	640	508	116	607
512	64	704	512	120	668
512	64	768	516	125	729
512	64	832	521	130	790
512	64	896	526	136	851
512	64	960	532	141	911
512	64	1023	537	147	971
512	128	0	492	140	0
512	128	64	492	141	60
512	128	128	492	141	121
512	128	192	493	142	182
512	128	256	494	143	243
512	128	320	496	144	304
512	128	384	497	146	364
512	128	448	500	148	425
512	128	512	502	150	486
512	128	576	505	153	547
512	128	640	509	156	608
512	128	704	513	159	668
512	128	768	517	162	729
512	128	832	521	166	790
512	128	896	527	170	851
512	128	960	532	175	911
512	128	1023	538	179	971
512	192	0	492	197	16
512	192	64	493	197	62
512	192	128	493	197	122
512	192	192	494	198	183
512	192	256	495	198	243
512	192	320	496	199	304
512	192	384	498	200	365
512	192	448	500	202	425
512	192	512	503	203	486
512	192	576	506	205	547
512	192	640	509	207	608
512	192	704	513	210	668
512	192	768	518	212	729
512	192	832	522	215	790
512	192	896	527	218	851
512	192	960	533	221	911
512	192	1023	538	225	971
512	256	0	494	256	26
512	256	64	494	256	65
512	256	128	494	257	123
512	256	192	495	257	183
512	256	256	496	257	244
512	256	320	497	258	304
512	256	384	499	259	365
512	256	448	501	260	426
512	256	512	504	261	486
512	256	576	507	262	547
512	256	640	510	264	608
512	256	704	514	266	669
512	256	768	519	268	729
512	256	832	523	270	790
512	256	896	528	272	851
512	256	960	534	275	912
512	256	1023	539	277	971
512	320	0	495	317	35
512	320	64	495	317	69
512	320	128	496	317	125
512	320	192	496	317	184
512	320	256	497	318	245
512	320	320	499	318	305
512	320	384	501	319	366
512	320	448	503	320	426
512	320	512	505	321	487
512	320	576	508	322	547
512	320	640	512	323	608
512	320	704	516	324	669
512	320	768	520	326	730
512	320	832	525	327	790
512	320	896	530	329	851
512	320	960	535	331	912
512	320	1023	541	333	971
512	384	0	497	378	44
512	384	64	497	378	73
512	384	128	497	378	127
512	384	192	498	378	186
512	384	256	499	379	246
512	384	320	501	379	306
512	384	384	502	380	366
512	384	448	505	380	427
512	384	512	507	381	487
512	384	576	510	382	548
512	384	640	514	383	608
512	384	704	517	384	669
512	384	768	522	385	730
512	384	832	526	387	790
512	384	896	531	388	851
512	384	960	537	390	912
512	384	1023	542	391	972
512	448	0	499	439	52
512	448	64	499	439	77
512	448	128	500	440	130
512	448	192	500	440	187
512	448	256	501	440	247
512	448	320	503	440	307
512	448	384	505	441	367
512	448	448	507	441	427
512	448	512	509	442	488
512	448	576	512	443	548
512	448	640	516	444	609
512	448	704	520	444	669
512	448	768	524	446	730
512	448	832	528	447	791
512	448	896	533	448	851
512	448	960	539	449	912
512	448	1023	544	451	972
512	512	0	502	501	60
512	512	64	502	501	83
512	512	128	502	501	133
512	512	192	503	501	189
512	512	256	504	502	248
512	512	320	505	502	308
512	512	384	507	502	368
512	512	448	509	503	428
512	512	512	512	503	488
512	512	576	515	504	549
512	512	640	518	505	609
512	512	704	522	505	670
512	512	768	526	506	730
512	512	832	531	507	791
512	512	896	536	508	852
512	512	960	541	510	912
512	512	1023	547	511	972
512	576	0	505	563	68
512	576	64	505	563	88
512	576	128	505	563	136
512	576	192	506	563	191
512	576	256	507	563	250
512	576	320	508	564	309
512	576	384	510	564	369
512	576	448	512	564	429
512	576	512	515	565	489
512	576	576	518	565	549
512	576	640	521	566	610
512	576	704	525	567	670
512	576	768	529	567	731
512	576	832	534	568	791
512	576	896	539	569	852
512	576	960	544	570	913
512	576	1023	549	571	972
512	640	0	508	625	76
512	640	64	508	625	94
512	640	128	509	625	140
512	640	192	510	625	194
512	640	256	511	625	251
512	640	320	512	625	310
512	640	384	514	626	370
512	640	448	516	626	430
512	640	512	518	626	490
512	640	576	521	627	550
512	640	640	525	628	610
512	640	704	528	628	671
512	640	768	532	629	731
512	640	832	537	630	792
512	640	896	542	630	853
512	640	960	547	631	913
512	640	1023	553	632	973
512	704	0	512	687	84
512	704	64	512	687	101
512	704	128	513	687	143
512	704	192	513	687	197
512	704	256	514	687	253
512	704	320	516	687	312
512	704	384	518	688	371
512	704	448	520	688	431
512	704	512	522	688	491
512	704	576	525	689	551
512	704	640	528	689	611
512	704	704	532	690	671
512	704	768	536	690	732
512	704	832	541	691	792
512	704	896	545	692	853
512	704	960	551	693	914
512	704	1023	556	693	973
512	768	0	517	749	92
512	768	64	517	749	107
512	768	128	517	749	148
512	768	192	518	749	200
512	768	256	519	749	256
512	768	320	520	749	313
512	768	384	522	750	372
512	768	448	524	750	432
512	768	512	526	750	492
512	768	576	529	751	552
512	768	640	533	751	612
512	768	704	536	751	672
512	768	768	540	752	733
512	768	832	545	753	793
512	768	896	549	753	853
512	768	960	555	754	914
512	768	1023	560	755	974
512	832	0	521	811	99
512	832	64	521	811	114
512	832	128	522	811	152
512	832	192	522	811	203
512	832	256	523	811	258
512	832	320	525	811	315
512	832	384	526	812	374
512	832	448	529	812	433
512	832	512	531	812	493
512	832	576	534	812	553
512	832	640	537	813	613
512	832	704	541	813	673
512	832	768	545	814	733
512	832	832	549	814	794
512	832	896	554	815	854
512	832	960	559	816	915
512	832	1023	564	816	974
512	896	0	526	873	107
512	896	64	526	873	120
512	896	128	527	873	157
512	896	192	527	873	206
512	896	256	528	873	261
512	896	320	530	873	317
512	896	384	531	874	376
512	896	448	534	874	435
512	896	512	536	874	494
512	896	576	539	874	554
512	896	640	542	875	614
512	896	704	546	875	674
512	896	768	549	876	734
512	896	832	554	876	794
512	896	896	559	877	855
512	896	960	564	877	915
512	896	1023	569	878	975
512	960	0	532	935	115
512	960	64	532	935	127
512	960	128	532	935	162
512	960	192	533	935	210
512	960	256	534	935	263
512	960	320	535	935	320
512	960	384	537	936	377
512	960	448	539	936	436
512	960	512	541	936	495
512	960	576	544	936	555
512	960	640	547	937	615
512	960	704	551	937	675
512	960	768	555	938	735
512	960	832	559	938	795
512	960	896	564	939	855
512	960	960	569	939	916
512	960	1023	574	940	975
512	1023	0	538	996	123
512	1023	64	538	996	134
512	1023	128	538	996	167
512	1023	192	539	996	214
512	1023	256	540	996	266
512	1023	320	541	997	322
512	1023	384	543	997	379
512	1023	448	545	997	438
512	1023	512	547	997	497
512	1023	576	550	997	556
512	1023	640	553	998	616
512	1023	704	556	998	676
512	1023	768	560	998	736
512	1023	832	564	999	796
512	1023	896	569	999	856
512	1023	960	574	1000	916
512	1023	1023	579	1000	976
576	0	0	553	82	0
576	0	64	553	82	58
576	0	128	553	82	120
576	0	192	554	84	182
576	0	256	555	86	243
576	0	320	556	88	303
576	0	384	558	91	364
576	0	448	559	94	425
576	0	512	562	98	486
576	0	576	564	103	547
576	0	640	567	107	607
576	0	704	571	112	668
576	0	768	575	118	729
576	0	832	579	123	790
576	0	896	583	129	851
576	0	960	588	135	911
576	0	1023	593	141	971
576	64	0	553	100	0
576	64	64	553	100	59
576	64	128	553	100	121
576	64	192	554	101	182
576	64	256	555	103	243
576	64	320	556	105	303
576	64	384	558	107	364
576	64	448	560	110	425
576	64	512	562	113	486
576	64	576	565	117	547
576	64	640	568	121	607
576	64	704	571	125	668
576	64	768	575	130	729
576	64	832	579	135	790
576	64	896	583	140	851
576	64	960	588	146	911
576	64	1023	593	151	971
576	128	0	553	145	0
576	128	64	553	145	60
576	128	128	554	145	121
576	128	192	554	146	182
576	128	256	555	147	243
576	128	320	556	148	304
576	128	384	558	150	364
576	128	448	560	152	425
576	128	512	562	154	486
576	128	576	565	157	547
576	128	640	568	159	608
576	128	704	571	163	668
576	128	768	575	166	729
576	128	832	579	170	790
576	128	896	584	174	851
576	128	960	588	178	911
576	128	1023	593	182	971
576	192	0	554	200	13
576	192	64	554	200	62
576	192	128	554	200	122
576	192	192	555	201	183
576	192	256	556	201	243
576	192	320	557	202	304
576	192	384	559	203	365
576	192	448	561	205	425
576	192	512	563	206	486
576	192	576	565	208	547
576	192	640	568	210	608
576	192	704	572	212	668
576	192	768	576	215	729
576	192	832	580	218	790
576	192	896	584	221	851
576	192	960	589	224	911
576	192	1023	594	227	971
576	256	0	555	258	25
576	256	64	555	258	64
576	256	128	555	259	123
576	256	192	556	259	183
576	256	256	557	259	244
576	256	320	558	260	304
576	256	384	560	261	365
576	256	448	561	262	426
576	256	512	564	263	486
576	256	576	566	264	547
576	256	640	569	266	608
576	256	704	573	268	669
576	256	768	577	270	729
576	256	832	581	272	790
576	256	896	585	274	851
576	256	960	590	277	912
576	256	1023	595	279	971
576	320	0	556	319	34
576	320	64	556	319	68
576	320	128	556	319	125
576	320	192	557	319	184
576	320	256	558	319	245
576	320	320	559	320	305
576	320	384	561	320	365
576	320	448	563	321	426
576	320	512	565	322	487
576	320	576	568	323	547
576	320	640	571	324	608
576	320	704	574	326	669
576	320	768	578	327	730
576	320	832	582	329	790
576	320	896	586	331	851
576	320	960	591	333	912
576	320	1023	596	335	971
576	384	0	558	379	43
576	384	64	558	379	72
576	384	128	558	379	127
576	384	192	559	380	186
576	384	256	560	380	245
576	384	320	561	380	306
576	384	384	562	381	366
576	384	448	564	382	427
576	384	512	567	382	487
576	384	576	569	383	548
576	384	640	572	384	608
576	384	704	576	385	669
576	384	768	579	387	730
576	384	832	583	388	790
576	384	896	588	389	851
576	384	960	593	391	912
576	384	1023	598	393	972
576	448	0	560	441	51
576	448	64	560	441	77
576	448	128	560	441	129
576	448	192	561	441	187
576	448	256	561	441	247
576	448	320	563	441	307
576	448	384	564	442	367
576	448	448	566	442	427
576	448	512	569	443	488
576	448	576	571	444	548
576	448	640	574	445	609
576	448	704	577	446	669
576	448	768	581	447	730
576	448	832	585	448	791
576	448	896	590	449	851
576	448	960	594	450	912
576	448	1023	599	452	972
576	512	0	562	502	59
576	512	64	562	502	82
576	512	128	562	502	132
576	512	192	563	502	189
576	512	256	564	503	248
576	512	320	565	503	308
576	512	384	567	503	368
576	512	448	569	504	428
576	512	512	571	504	488
576	512	576	573	505	549
576	512	640	576	506	609
576	512	704	580	506	670
576	512	768	583	507	730
576	512	832	587	508	791
576	512	896	592	509	852
576	512	960	597	511	912
576	512	1023	601	512	972
576	576	0	565	564	67
576	576	64	565	564	88
576	576	128	565	564	136
576	576	192	566	564	191
576	576	256	566	564	250
576	576	320	568	564	309
576	576	384	569	565	369
576	576	448	571	565	429
576	576	512	573	566	489
576	576	576	576	566	549
576	576	640	579	567	610
576	576	704	582	567	670
576	576	768	586	568	731
576	576	832	590	569	791
576	576	896	594	570	852
576	576	960	599	571	913
576	576	1023	604	572	972
576	640	0	568	626	75
576	640	64	568	626	94
576	640	128	568	626	139
576	640	192	569	626	194
576	640	256	570	626	251
576	640	320	571	626	310
576	640	384	572	626	370
576	640	448	574	627	430
576	640	512	576	627	490
576	640	576	579	628	550
576	640	640	582	628	610
576	640	704	585	629	671
576	640	768	589	630	731
576	640	832	593	630	792
576	640	896	597	631	853
576	640	960	602	632	913
576	640	1023	607	633	973
576	704	0	571	687	83
576	704	64	571	687	100
576	704	128	571	688	143
576	704	192	572	688	196
576	704	256	573	688	253
576	704	320	574	688	312
576	704	384	576	688	371
576	704	448	578	689	431
576	704	512	580	689	491
576	704	576	582	689	551
576	704	640	585	690	611
576	704	704	588	690	671
576	704	768	592	691	732
576	704	832	596	692	792
576	704	896	600	692	853
576	704	960	605	693	914
576	704	1023	610	694	973
576	768	0	575	749	91
576	768	64	575	749	107
576	768	128	575	749	148
576	768	192	576	750	199
576	768	256	577	750	255
576	768	320	578	750	313
576	768	384	579	750	372
576	768	448	581	750	432
576	768	512	583	751	492
576	768	576	586	751	552
576	768	640	589	752	612
576	768	704	592	752	672
576	768	768	596	753	733
576	768	832	600	753	793
576	768	896	604	754	853
576	768	960	609	755	914
576	768	1023	613	755	974
576	832	0	579	811	99
576	832	64	579	811	113
576	832	128	579	811	152
576	832	192	580	812	203
576	832	256	581	812	258
576	832	320	582	812	315
576	832	384	583	812	374
576	832	448	585	812	433
576	832	512	588	813	493
576	832	576	590	813	553
576	832	640	593	813	613
576	832	704	596	814	673
576	832	768	600	814	733
576	832	832	604	815	794
576	832	896	608	815	854
576	832	960	612	816	915
576	832	1023	617	817	974
576	896	0	583	873	107
576	896	64	583	873	120
576	896	128	584	873	157
576	896	192	584	874	206
576	896	256	585	874	260
576	896	320	586	874	317
576	896	384	588	874	376
576	896	448	590	874	434
576	896	512	592	875	494
576	896	576	594	875	554
576	896	640	597	875	614
576	896	704	600	876	674
576	896	768	604	876	734
576	896	832	608	877	794
576	896	896	612	877	855
576	896	960	617	878	915
576	896	1023	621	878	975
576	960	0	588	935	115
576	960	64	588	936	127
576	960	128	589	936	162
576	960	192	589	936	210
576	960	256	590	936	263
576	960	320	591	936	320
576	960	384	593	936	377
576	960	448	595	936	436
576	960	512	597	937	495
576	960	576	599	937	555
576	960	640	602	937	615
576	960	704	605	938	675
576	960	768	609	938	735
576	960	832	612	938	795
576	960	896	617	939	855
576	960	960	621	940	916
576	960	1023	626	940	975
576	1023	0	593	997	123
576	1023	64	593	997	134
576	1023	128	594	997	167
576	1023	192	594	997	214
576	1023	256	595	997	266
576	1023	320	596	997	322
576	1023	384	598	997	379
576	1023	448	600	997	438
576	1023	512	602	998	497
576	1023	576	604	998	556
576	1023	640	607	998	616
576	1023	704	610	999	676
576	1023	768	614	999	736
576	1023	832	617	999	796
576	1023	896	621	1000	856
576	1023	960	626	1000	916
576	1023	1023	631	1001	976
640	0	0	614	91	0
640	0	64	614	91	58
640	0	128	614	91	120
640	0	192	615	93	181
640	0	256	616	94	242
640	0	320	617	96	303
640	0	384	618	99	364
640	0	448	620	102	425
640	0	512	622	106	486
640	0	576	624	110	547
640	0	640	627	114	607
640	0	704	630	119	668
640	0	768	633	124	729
640	0	832	637	129	790
640	0	896	641	135	851
640	0	960	645	140	911
640	0	1023	650	146	971
640	64	0	614	107	0
640	64	64	614	107	58
640	64	128	615	108	120
640	64	192	615	108	182
640	64	256	616	110	243
640	64	320	617	112	303
640	64	384	618	114	364
640	64	448	620	117	425
640	64	512	622	120	486
640	64	576	625	123	547
640	64	640	627	127	607
640	64	704	630	131	668
640	64	768	634	136	729
640	64	832	637	140	790
640	64	896	641	145	851
640	64	960	646	150	911
640	64	1023	650	156	971
640	128	0	614	150	0
640	128	64	615	150	59
640	128	128	615	150	121
640	128	192	615	151	182
640	128	256	616	152	243
640	128	320	617	153	304
640	128	384	619	154	364
640	128	448	620	156	425
640	128	512	623	158	486
640	128	576	625	161	547
640	128	640	628	164	607
640	128	704	631	167	668
640	128	768	634	170	729
640	128	832	638	174	790
640	128	896	641	178	851
640	128	960	646	182	911
640	128	1023	650	186	971
640	192	0	615	203	8
640	192	64	615	203	61
640	192	128	615	203	122
640	192	192	616	204	182
640	192	256	617	205	243
640	192	320	618	205	304
640	192	384	619	206	365
640	192	448	621	208	425
640	192	512	623	209	486
640	192	576	625	211	547
640	192	640	628	213	608
640	192	704	631	215	668
640	192	768	634	218	729
640	192	832	638	221	790
640	192	896	642	224	851
640	192	960	646	227	911
640	192	1023	651	230	971
640	256	0	616	261	23
640	256	64	616	261	64
640	256	128	616	261	123
640	256	192	617	261	183
640	256	256	618	262	244
640	256	320	619	263	304
640	256	384	620	263	365
640	256	448	622	264	426
640	256	512	624	265	486
640	256	576	626	267	547
640	256	640	629	268	608
640	256	704	632	270	669
640	256	768	635	272	729
640	256	832	639	274	790
640	256	896	643	276	851
640	256	960	647	279	912
640	256	1023	652	281	971
640	320	0	617	320	33
640	320	64	617	320	67
640	320	128	617	321	125
640	320	192	618	321	184
640	320	256	619	321	244
640	320	320	620	322	305
640	320	384	621	322	365
640	320	448	623	323	426
640	320	512	625	324	487
640	320	576	627	325	547
640	320	640	630	326	608
640	320	704	633	328	669
640	320	768	636	329	729
640	320	832	640	331	790
640	320	896	644	333	851
640	320	960	648	335	912
640	320	1023	653	337	971
640	384	0	618	381	42
640	384	64	618	381	72
640	384	128	619	381	127
640	384	192	619	381	186
640	384	256	620	381	245
640	384	320	621	382	306
640	384	384	623	382	366
640	384	448	624	383	426
640	384	512	626	384	487
640	384	576	629	385	548
640	384	640	631	386	608
640	384	704	634	387	669
640	384	768	638	388	730
640	384	832	641	389	790
640	384	896	645	391	851
640	384	960	649	392	912
640	384	1023	654	394	972
640	448	0	620	442	50
640	448	64	620	442	77
640	448	128	621	442	129
640	448	192	621	442	187
640	448	256	622	442	246
640	448	320	623	443	306
640	448	384	624	443	367
640	448	448	626	444	427
640	448	512	628	444	488
640	448	576	630	445	548
640	448	640	633	446	609
640	448	704	636	447	669
640	448	768	639	448	730
640	448	832	643	449	791
640	448	896	647	450	851
640	448	960	651	452	912
640	448	1023	656	453	972
640	512	0	622	503	59
640	512	64	622	503	82
640	512	128	623	503	132
640	512	192	623	503	189
640	512	256	624	504	248
640	512	320	625	504	307
640	512	384	626	504	368
640	512	448	628	505	428
640	512	512	630	505	488
640	512	576	632	506	549
640	512	640	635	507	609
640	512	704	638	507	670
640	512	768	641	508	730
640	512	832	645	509	791
640	512	896	649	510	852
640	512	960	653	512	912
640	512	1023	658	513	972
640	576	0	625	565	67
640	576	64	625	565	88
640	576	128	625	565	135
640	576	192	625	565	191
640	576	256	626	565	249
640	576	320	627	565	309
640	576	384	629	566	369
640	576	448	630	566	429
640	576	512	632	567	489
640	576	576	635	567	549
640	576	640	637	568	610
640	576	704	640	568	670
640	576	768	644	569	731
640	576	832	647	570	791
640	576	896	651	571	852
640	576	960	655	572	913
640	576	1023	660	573	972
640	640	0	627	626	75
640	640	64	627	626	94
640	640	128	628	626	139
640	640	192	628	627	194
640	640	256	629	627	251
640	640	320	630	627	310
640	640	384	631	627	370
640	640	448	633	628	430
640	640	512	635	628	490
640	640	576	637	629	550
640	640	640	640	629	610
640	640	704	643	630	671
640	640	768	646	630	731
640	640	832	650	631	792
640	640	896	654	632	852
640	640	960	658	633	913
640	640	1023	662	634	973
640	704	0	630	688	83
640	704	64	630	688	100
640	704	128	631	688	143
640	704	192	631	688	196
640	704	256	632	689	253
640	704	320	633	689	312
640	704	384	634	689	371
640	704	448	636	689	431
640	704	512	638	690	491
640	704	576	640	690	551
640	704	640	643	691	611
640	704	704	646	691	671
640	704	768	649	692	732
640	704	832	653	692	792
640	704	896	657	693	853
640	704	960	661	694	914
640	704	1023	665	695	973
640	768	0	634	750	91
640	768	64	634	750	106
640	768	128	634	750	147
640	768	192	635	750	199
640	768	256	635	750	255
640	768	320	636	751	313
640	768	384	638	751	372
640	768	448	639	751	432
640	768	512	641	751	492
640	768	576	644	752	552
640	768	640	646	752	612
640	768	704	649	753	672
640	768	768	652	753	732
640	768	832	656	754	793
640	768	896	660	755	853
640	768	960	664	755	914
640	768	1023	668	756	974
640	832	0	637	812	99
640	832	64	637	812	113
640	832	128	638	812	152
640	832	192	638	812	202
640	832	256	639	812	258
640	832	320	640	812	315
640	832	384	641	813	374
640	832	448	643	813	433
640	832	512	645	813	493
640	832	576	647	814	553
640	832	640	650	814	613
640	832	704	653	814	673
640	832	768	656	815	733
640	832	832	659	815	794
640	832	896	663	816	854
640	832	960	667	817	915
640	832	1023	672	817	974
640	896	0	641	874	107
640	896	64	641	874	120
640	896	128	642	874	157
640	896	192	642	874	206
640	896	256	643	874	260
640	896	320	644	874	317
640	896	384	645	875	375
640	896	448	647	875	434
640	896	512	649	875	494
640	896	576	651	875	554
640	896	640	654	876	614
640	896	704	657	876	674
640	896	768	660	877	734
640	896	832	663	877	794
640	896	896	667	878	855
640	896	960	671	878	915
640	896	1023	675	879	975
640	960	0	646	936	115
640	960	64	646	936	127
640	960	128	646	936	162
640	960	192	647	936	210
640	960	256	647	936	263
640	960	320	648	936	319
640	960	384	650	937	377
640	960	448	651	937	436
640	960	512	653	937	495
640	960	576	655	937	555
640	960	640	658	938	615
640	960	704	661	938	675
640	960	768	664	938	735
640	960	832	667	939	795
640	960	896	671	939	855
640	960	960	675	940	916
640	960	1023	680	941	975
640	1023	0	650	997	122
640	1023	64	650	997	134
640	1023	128	651	997	167
640	1023	192	651	997	213
640	1023	256	652	997	266
640	1023	320	653	997	322
640	1023	384	654	998	379
640	1023	448	656	998	438
640	1023	512	658	998	497
640	1023	576	660	998	556
640	1023	640	662	999	616
640	1023	704	665	999	676
640	1023	768	668	999	736
640	1023	832	672	1000	796
640	1023	896	676	1000	856
640	1023	960	680	1001	916
640	1023	1023	684	1001	976
704	0	0	675	100	0
704	0	64	676	100	57
704	0	128	676	100	120
704	0	192	676	101	181
704	0	256	677	103	242
704	0	320	678	105	303
704	0	384	679	107	364
704	0	448	681	110	425
704	0	512	683	113	486
704	0	576	685	117	547
704	0	640	687	121	607
704	0	704	690	126	668
704	0	768	693	130	729
704	0	832	696	135	790
704	0	896	700	140	850
704	0	960	704	146	911
704	0	1023	708	151	971
704	64	0	676	114	0
704	64	64	676	115	57
704	64	128	676	115	120
704	64	192	676	116	181
704	64	256	677	117	242
704	64	320	678	119	303
704	64	384	679	121	364
704	64	448	681	123	425
704	64	512	683	126	486
704	64	576	685	130	547
704	64	640	687	133	607
704	64	704	690	137	668
704	64	768	693	141	729
704	64	832	696	146	790
704	64	896	700	151	850
704	64	960	704	156	911
704	64	1023	708	161	971
704	128	0	676	155	0
704	128	64	676	155	58
704	128	128	676	155	120
704	128	192	677	156	182
704	128	256	677	157	243
704	128	320	678	158	303
704	128	384	680	159	364
704	128	448	681	161	425
704	128	512	683	163	486
704	128	576	685	166	547
704	128	640	688	168	607
704	128	704	690	171	668
704	128	768	693	175	729
704	128	832	696	178	790
704	128	896	700	182	851
704	128	960	704	186	911
704	128	1023	708	190	971
704	192	0	676	207	0
704	192	64	676	207	60
704	192	128	677	207	121
704	192	192	677	207	182
704	192	256	678	208	243
704	192	320	679	209	304
704	192	384	680	210	365
704	192	448	682	211	425
704	192	512	684	213	486
704	192	576	686	215	547
704	192	640	688	217	608
704	192	704	691	219	668
704	192	768	694	221	729
704	192	832	697	224	790
704	192	896	701	227	851
704	192	960	704	230	911
704	192	1023	709	233	971
704	256	0	677	264	20
704	256	64	677	264	63
704	256	128	677	264	123
704	256	192	678	264	183
704	256	256	679	265	244
704	256	320	680	265	304
704	256	384	681	266	365
704	256	448	682	267	426
704	256	512	684	268	486
704	256	576	686	269	547
704	256	640	689	271	608
704	256	704	691	273	668
704	256	768	694	275	729
704	256	832	698	277	790
704	256	896	701	279	851
704	256	960	705	281	911
704	256	1023	709	284	971
704	320	0	678	322	31
704	320	64	678	323	67
704	320	128	678	323	124
704	320	192	679	323	184
704	320	256	680	323	244
704	320	320	681	324	305
704	320	384	682	324	365
704	320	448	683	325	426
704	320	512	685	326	487
704	320	576	687	327	547
704	320	640	690	328	608
704	320	704	692	330	669
704	320	768	695	331	729
704	320	832	699	333	790
704	320	896	702	335	851
704	320	960	706	337	912
704	320	1023	710	339	971
704	384	0	679	383	41
704	384	64	679	383	71
704	384	128	680	383	126
704	384	192	680	383	185
704	384	256	681	383	245
704	384	320	682	384	305
704	384	384	683	384	366
704	384	448	685	385	426
704	384	512	686	386	487
704	384	576	689	386	548
704	384	640	691	387	608
704	384	704	694	388	669
704	384	768	697	390	730
704	384	832	700	391	790
704	384	896	703	393	851
704	384	960	707	394	912
704	384	1023	711	396	972
704	448	0	681	443	50
704	448	64	681	443	76
704	448	128	681	443	129
704	448	192	682	444	187
704	448	256	682	444	246
704	448	320	683	444	306
704	448	384	685	445	367
704	448	448	686	445	427
704	448	512	688	446	488
704	448	576	690	446	548
704	448	640	692	447	609
704	448	704	695	448	669
704	448	768	698	449	730
704	448	832	701	450	791
704	448	896	705	452	851
704	448	960	709	453	912
704	448	1023	713	454	972
704	512	0	683	504	58
704	512	64	683	504	81
704	512	128	683	505	132
704	512	192	684	505	189
704	512	256	684	505	248
704	512	320	685	505	307
704	512	384	687	506	367
704	512	448	688	506	428
704	512	512	690	507	488
704	512	576	692	507	549
704	512	640	694	508	609
704	512	704	697	509	670
704	512	768	700	510	730
704	512	832	703	511	791
704	512	896	707	512	852
704	512	960	710	513	912
704	512	1023	715	514	972
704	576	0	685	566	66
704	576	64	685	566	87
704	576	128	685	566	135
704	576	192	686	566	191
704	576	256	686	566	249
704	576	320	687	566	309
704	576	384	689	567	368
704	576	448	690	567	429
704	576	512	692	568	489
704	576	576	694	568	549
704	576	640	696	569	610
704	576	704	699	569	670
704	576	768	702	570	731
704	576	832	705	571	791
704	576	896	709	572	852
704	576	960	713	573	913
704	576	1023	717	574	972
704	640	0	687	627	74
704	640	64	687	627	93
704	640	128	688	627	139
704	640	192	688	628	193
704	640	256	689	628	251
704	640	320	690	628	310
704	640	384	691	628	370
704	640	448	693	629	429
704	640	512	694	629	490
704	640	576	696	629	550
704	640	640	699	630	610
704	640	704	701	631	671
704	640	768	704	631	731
704	640	832	708	632	792
704	640	896	711	633	852
704	640	960	715	634	913
704	640	1023	719	635	973
704	704	0	690	689	82
704	704	64	690	689	99
704	704	128	690	689	143
704	704	192	691	689	196
704	704	256	692	689	253
704	704	320	692	690	312
704	704	384	694	690	371
704	704	448	695	690	431
704	704	512	697	691	491
704	704	576	699	691	551
704	704	640	701	691	611
704	704	704	704	692	671
704	704	768	707	693	732
704	704	832	710	693	792
704	704	896	714	694	853
704	704	960	717	695	913
704	704	1023	721	696	973
704	768	0	693	751	90
704	768	64	693	751	106
704	768	128	693	751	147
704	768	192	694	751	199
704	768	256	695	751	255
704	768	320	695	751	313
704	768	384	697	752	372
704	768	448	698	752	432
704	768	512	700	752	492
704	768	576	702	753	552
704	768	640	704	753	612
704	768	704	707	753	672
704	768	768	710	754	732
704	768	832	713	755	793
704	768	896	717	755	853
704	768	960	720	756	914
704	768	1023	724	757	974
704	832	0	696	813	98
704	832	64	696	813	113
704	832	128	697	813	152
704	832	192	697	813	202
704	832	256	698	813	258
704	832	320	699	813	315
704	832	384	700	813	374
704	832	448	701	814	433
704	832	512	703	814	493
704	832	576	705	814	553
704	832	640	708	815	613
704	832	704	710	815	673
704	832	768	713	816	733
704	832	832	716	816	794
704	832	896	720	817	854
704	832	960	723	817	914
704	832	1023	727	818	974
704	896	0	700	875	106
704	896	64	700	875	119
704	896	128	700	875	157
704	896	192	701	875	206
704	896	256	701	875	260
704	896	320	702	875	317
704	896	384	704	875	375
704	896	448	705	875	434
704	896	512	707	876	494
704	896	576	709	876	554
704	896	640	711	876	614
704	896	704	714	877	674
704	896	768	717	877	734
704	896	832	720	878	794
704	896	896	723	878	855
704	896	960	727	879	915
704	896	1023	731	880	975
704	960	0	704	937	114
704	960	64	704	937	126
704	960	128	704	937	162
704	960	192	705	937	209
704	960	256	705	937	263
704	960	320	706	937	319
704	960	384	707	937	377
704	960	448	709	937	436
704	960	512	711	938	495
704	960	576	713	938	555
704	960	640	715	938	615
704	960	704	718	939	675
704	960	768	720	939	735
704	960	832	723	940	795
704	960	896	727	940	855
704	960	960	731	941	916
704	960	1023	735	941	975
704	1023	0	708	998	122
704	1023	64	708	998	133
704	1023	128	708	998	167
704	1023	192	709	998	213
704	1023	256	709	998	266
704	1023	320	710	998	322
704	1023	384	712	998	379
704	1023	448	713	998	437
704	1023	512	715	999	496
704	1023	576	717	999	556
704	1023	640	719	999	616
704	1023	704	722	1000	676
704	1023	768	724	1000	736
704	1023	832	727	1000	796
704	1023	896	731	1001	856
704	1023	960	735	1001	916
704	1023	1023	738	1002	976
768	0	0	737	109	0
768	0	64	737	109	56
768	0	128	737	109	120
768	0	192	738	110	181
768	0	256	738	112	242
768	0	320	739	113	303
768	0	384	740	116	364
768	0	448	742	118	425
768	0	512	743	121	486
768	0	576	745	125	547
768	0	640	747	128	607
768	0	704	750	133	668
768	0	768	753	137	729
768	0	832	756	142	790
768	0	896	759	147	850
768	0	960	762	152	911
768	0	1023	766	157	971
768	64	0	737	122	0
768	64	64	737	122	56
768	64	128	737	123	120
768	64	192	738	124	181
768	64	256	738	125	242
768	64	320	739	126	303
768	64	384	740	128	364
768	64	448	742	131	425
768	64	512	743	133	486
768	64	576	745	136	547
768	64	640	748	140	607
768	64	704	750	143	668
768	64	768	753	147	729
768	64	832	756	152	790
768	64	896	759	156	850
768	64	960	762	161	911
768	64	1023	766	166	971
768	128	0	737	160	0
768	128	64	737	160	58
768	128	128	738	161	120
768	128	192	738	161	181
768	128	256	739	162	242
768	128	320	740	163	303
768	128	384	741	165	364
768	128	448	742	166	425
768	128	512	744	168	486
768	128	576	746	171	547
768	128	640	748	173	607
768	128	704	750	176	668
768	128	768	753	179	729
768	128	832	756	183	790
768	128	896	759	186	850
768	128	960	763	190	911
768	128	1023	766	194	971
768	192	0	738	211	0
768	192	64	738	211	60
768	192	128	738	211	121
768	192	192	738	211	182
768	192	256	739	212	243
768	192	320	740	213	304
768	192	384	741	214	364
768	192	448	742	215	425
768	192	512	744	217	486
768	192	576	746	218	547
768	192	640	748	220	608
768	192	704	751	222	668
768	192	768	753	225	729
768	192	832	756	227	790
768	192	896	760	230	851
768	192	960	763	233	911
768	192	1023	767	236	971
768	256	0	738	266	17
768	256	64	738	267	62
768	256	128	739	267	122
768	256	192	739	267	183
768	256	256	740	267	243
768	256	320	741	268	304
768	256	384	742	269	365
768	256	448	743	270	425
768	256	512	745	271	486
768	256	576	747	272	547
768	256	640	749	274	608
768	256	704	751	276	668
768	256	768	754	277	729
768	256	832	757	279	790
768	256	896	760	282	851
768	256	960	764	284	911
768	256	1023	767	287	971
768	320	0	739	325	30
768	320	64	739	325	66
768	320	128	740	325	124
768	320	192	740	325	184
768	320	256	741	326	244
768	320	320	742	326	305
768	320	384	743	327	365
768	320	448	744	327	426
768	320	512	746	328	487
768	320	576	748	329	547
768	320	640	750	331	608
768	320	704	752	332	669
768	320	768	755	333	729
768	320	832	758	335	790
768	320	896	761	337	851
768	320	960	765	339	912
768	320	1023	768	341	971
768	384	0	740	384	40
768	384	64	740	384	71
768	384	128	741	385	126
768	384	192	741	385	185
768	384	256	742	385	245
768	384	320	743	386	305
768	384	384	744	386	366
768	384	448	745	387	426
768	384	512	747	387	487
768	384	576	749	388	548
768	384	640	751	389	608
768	384	704	753	390	669
768	384	768	756	392	730
768	384	832	759	393	790
768	384	896	762	394	851
768	384	960	766	396	912
768	384	1023	769	398	972
768	448	0	742	445	49
768	448	64	742	445	75
768	448	128	742	445	129
768	448	192	743	445	187
768	448	256	743	445	246
768	448	320	744	446	306
768	448	384	745	446	367
768	448	448	747	447	427
768	448	512	748	447	487
768	448	576	750	448	548
768	448	640	752	449	609
768	448	704	755	450	669
768	448	768	757	451	730
768	448	832	760	452	791
768	448	896	764	453	851
768	448	960	767	455	912
768	448	1023	771	456	972
768	512	0	743	506	57
768	512	64	743	506	81
768	512	128	744	506	132
768	512	192	744	506	189
768	512	256	745	506	248
768	512	320	746	507	307
768	512	384	747	507	367
768	512	448	748	507	428
768	512	512	750	508	488
768	512	576	752	508	549
768	512	640	754	509	609
768	512	704	756	510	670
768	512	768	759	511	730
768	512	832	762	512	791
768	512	896	765	513	852
768	512	960	769	514	912
768	512	1023	772	515	972
768	576	0	745	567	66
768	576	64	745	567	87
768	576	128	746	567	135
768	576	192	746	567	191
768	576	256	747	567	249
768	576	320	748	568	308
768	576	384	749	568	368
768	576	448	750	568	428
768	576	512	752	569	489
768	576	576	754	569	549
768	576	640	756	570	610
768	576	704	758	571	670
768	576	768	761	571	731
768	576	832	764	572	791
768	576	896	767	573	852
768	576	960	770	574	913
768	576	1023	774	575	972
768	640	0	748	628	74
768	640	64	748	628	93
768	640	128	748	628	139
768	640	192	748	629	193
768	640	256	749	629	251
768	640	320	750	629	310
768	640	384	751	629	369
768	640	448	752	630	429
768	640	512	754	630	490
768	640	576	756	631	550
768	640	640	758	631	610
768	640	704	760	632	671
768	640	768	763	632	731
768	640	832	766	633	792
768	640	896	769	634	852
768	640	960	773	635	913
768	640	1023	776	636	973
768	704	0	750	690	82
768	704	64	750	690	99
768	704	128	750	690	143
768	704	192	751	690	196
768	704	256	751	690	253
768	704	320	752	691	311
768	704	384	753	691	371
768	704	448	755	691	430
768	704	512	756	691	490
768	704	576	758	692	551
768	704	640	760	692	611
768	704	704	763	693	671
768	704	768	765	694	732
768	704	832	768	694	792
768	704	896	771	695	853
768	704	960	775	696	913
768	704	1023	779	697	973
768	768	0	753	752	90
768	768	64	753	752	106
768	768	128	753	752	147
768	768	192	753	752	199
768	768	256	754	752	255
768	768	320	755	752	313
768	768	384	756	752	372
768	768	448	757	753	432
768	768	512	759	753	491
768	768	576	761	753	551
768	768	640	763	754	612
768	768	704	765	754	672
768	768	768	768	755	732
768	768	832	771	756	793
768	768	896	774	756	853
768	768	960	778	757	914
768	768	1023	781	758	974
768	832	0	756	813	98
768	832	64	756	813	112
768	832	128	756	814	151
768	832	192	756	814	202
768	832	256	757	814	257
768	832	320	758	814	315
768	832	384	759	814	374
768	832	448	760	814	433
768	832	512	762	815	493
768	832	576	764	815	552
768	832	640	766	815	613
768	832	704	768	816	673
768	832	768	771	816	733
768	832	832	774	817	793
768	832	896	777	818	854
768	832	960	780	818	914
768	832	1023	784	819	974
768	896	0	759	875	106
768	896	64	759	875	119
768	896	128	759	875	156
768	896	192	760	875	206
768	896	256	760	876	260
768	896	320	761	876	317
768	896	384	762	876	375
768	896	448	764	876	434
768	896	512	765	876	494
768	896	576	767	877	553
768	896	640	769	877	613
768	896	704	772	878	674
768	896	768	774	878	734
768	896	832	777	879	794
768	896	896	780	879	855
768	896	960	784	880	915
768	896	1023	787	880	975
768	960	0	763	937	114
768	960	64	763	937	126
768	960	128	763	937	161
768	960	192	763	937	209
768	960	256	764	937	263
768	960	320	765	938	319
768	960	384	766	938	377
768	960	448	767	938	436
768	960	512	769	938	495
768	960	576	771	939	555
768	960	640	773	939	614
768	960	704	775	939	675
768	960	768	778	940	735
768	960	832	780	940	795
768	960	896	784	941	855
768	960	960	787	941	916
768	960	1023	791	942	975
768	1023	0	766	998	122
768	1023	64	766	998	133
768	1023	128	767	998	167
768	1023	192	767	998	213
768	1023	256	768	998	266
768	1023	320	768	999	322
768	1023	384	770	999	379
768	1023	448	771	999	437
768	1023	512	772	999	496
768	1023	576	774	999	556
768	1023	640	776	1000	616
768	1023	704	779	1000	675
768	1023	768	781	1001	736
768	1023	832	784	1001	796
768	1023	896	787	1001	856
768	1023	960	791	1002	916
768	1023	1023	794	1003	976
832	0	0	798	118	0
832	0	64	798	118	55
832	0	128	799	118	119
832	0	192	799	119	181
832	0	256	800	120	242
832	0	320	800	122	303
832	0	384	801	124	364
832	0	448	803	126	425
832	0	512	804	129	486
832	0	576	806	132	546
832	0	640	808	136	607
832	0	704	810	140	668
832	0	768	813	144	729
832	0	832	815	148	790
832	0	896	818	153	850
832	0	960	821	158	911
832	0	1023	825	163	971
832	64	0	798	130	0
832	64	64	798	130	55
832	64	128	799	131	119
832	64	192	799	131	181
832	64	256	800	133	242
832	64	320	800	134	303
832	64	384	802	136	364
832	64	448	803	138	425
832	64	512	804	140	486
832	64	576	806	143	546
832	64	640	808	147	607
832	64	704	810	150	668
832	64	768	813	154	729
832	64	832	815	158	790
832	64	896	818	162	850
832	64	960	822	167	911
832	64	1023	825	172	971
832	128	0	799	166	0
832	128	64	799	166	57
832	128	128	799	166	120
832	128	192	799	167	181
832	128	256	800	168	242
832	128	320	801	169	303
832	128	384	802	170	364
832	128	448	803	172	425
832	128	512	804	174	486
832	128	576	806	176	547
832	128	640	808	179	607
832	128	704	810	181	668
832	128	768	813	184	729
832	128	832	816	188	790
832	128	896	819	191	850
832	128	960	822	195	911
832	128	1023	825	199	971
832	192	0	799	215	0
832	192	64	799	215	59
832	192	128	799	215	121
832	192	192	800	216	182
832	192	256	800	216	243
832	192	320	801	217	303
832	192	384	802	218	364
832	192	448	803	219	425
832	192	512	805	221	486
832	192	576	807	222	547
832	192	640	809	224	607
832	192	704	811	226	668
832	192	768	813	229	729
832	192	832	816	231	790
832	192	896	819	234	851
832	192	960	822	237	911
832	192	1023	826	240	971
832	256	0	800	270	13
832	256	64	800	270	62
832	256	128	800	270	122
832	256	192	800	270	183
832	256	256	801	271	243
832	256	320	802	271	304
832	256	384	803	272	365
832	256	448	804	273	425
832	256	512	805	274	486
832	256	576	807	275	547
832	256	640	809	277	608
832	256	704	811	279	668
832	256	768	814	280	729
832	256	832	817	282	790
832	256	896	820	285	851
832	256	960	823	287	911
832	256	1023	826	289	971
832	320	0	800	327	27
832	320	64	800	327	65
832	320	128	801	328	124
832	320	192	801	328	184
832	320	256	802	328	244
832	320	320	803	329	304
832	320	384	804	329	365
832	320	448	805	330	426
832	320	512	806	331	486
832	320	576	808	332	547
832	320	640	810	333	608
832	320	704	812	334	669
832	320	768	815	336	729
832	320	832	817	338	790
832	320	896	820	339	851
832	320	960	824	341	912
832	320	1023	827	343	971
832	384	0	801	387	38
832	384	64	802	387	70
832	384	128	802	387	126
832	384	192	802	387	185
832	384	256	803	387	245
832	384	320	804	388	305
832	384	384	805	388	366
832	384	448	806	389	426
832	384	512	807	389	487
832	384	576	809	390	548
832	384	640	811	391	608
832	384	704	813	392	669
832	384	768	816	394	730
832	384	832	818	395	790
832	384	896	821	396	851
832	384	960	825	398	912
832	384	1023	828	400	972
832	448	0	803	447	47
832	448	64	803	447	75
832	448	128	803	447	128
832	448	192	803	447	187
832	448	256	804	447	246
832	448	320	805	447	306
832	448	384	806	448	366
832	448	448	807	448	427
832	448	512	809	449	487
832	448	576	810	450	548
832	448	640	812	451	609
832	448	704	814	452	669
832	448	768	817	453	730
832	448	832	820	454	791
832	448	896	823	455	851
832	448	960	826	456	912
832	448	1023	829	458	972
832	512	0	804	507	56
832	512	64	804	507	80
832	512	128	805	507	131
832	512	192	805	508	188
832	512	256	806	508	247
832	512	320	806	508	307
832	512	384	807	508	367
832	512	448	809	509	428
832	512	512	810	509	488
832	512	576	812	510	548
832	512	640	814	511	609
832	512	704	816	511	670
832	512	768	818	512	730
832	512	832	821	513	791
832	512	896	824	514	852
832	512	960	827	516	912
832	512	1023	831	517	972
832	576	0	806	568	65
832	576	64	806	568	86
832	576	128	806	568	135
832	576	192	807	568	191
832	576	256	807	569	249
832	576	320	808	569	308
832	576	384	809	569	368
832	576	448	810	570	428
832	576	512	812	570	489
832	576	576	814	571	549
832	576	640	815	571	610
832	576	704	818	572	670
832	576	768	820	573	731
832	576	832	823	574	791
832	576	896	826	575	852
832	576	960	829	576	913
832	576	1023	832	577	972
832	640	0	808	630	73
832	640	64	808	630	92
832	640	128	808	630	138
832	640	192	809	630	193
832	640	256	809	630	251
832	640	320	810	630	310
832	640	384	811	630	369
832	640	448	812	631	429
832	640	512	814	631	489
832	640	576	815	632	550
832	640	640	817	632	610
832	640	704	820	633	671
832	640	768	822	634	731
832	640	832	825	634	792
832	640	896	828	635	852
832	640	960	831	636	913
832	640	1023	834	637	973
832	704	0	810	691	81
832	704	64	810	691	99
832	704	128	810	691	142
832	704	192	811	691	196
832	704	256	811	691	253
832	704	320	812	692	311
832	704	384	813	692	371
832	704	448	815	692	430
832	704	512	816	692	490
832	704	576	818	693	551
832	704	640	820	693	611
832	704	704	822	694	671
832	704	768	824	695	732
832	704	832	827	695	792
832	704	896	830	696	853
832	704	960	833	697	913
832	704	1023	836	698	973
832	768	0	813	753	89
832	768	64	813	753	105
832	768	128	813	753	147
832	768	192	813	753	199
832	768	256	814	753	255
832	768	320	815	753	313
832	768	384	816	753	372
832	768	448	817	754	432
832	768	512	818	754	491
832	768	576	820	754	551
832	768	640	822	755	612
832	768	704	824	755	672
832	768	768	827	756	732
832	768	832	829	756	793
832	768	896	832	757	853
832	768	960	835	758	914
832	768	1023	839	759	974
832	832	0	815	814	97
832	832	64	815	814	112
832	832	128	816	814	151
832	832	192	816	814	202
832	832	256	817	815	257
832	832	320	817	815	315
832	832	384	818	815	374
832	832	448	820	815	433
832	832	512	821	816	492
832	832	576	823	816	552
832	832	640	825	816	612
832	832	704	827	817	673
832	832	768	829	817	733
832	832	832	832	818	793
832	832	896	835	818	854
832	832	960	838	819	914
832	832	1023	841	820	974
832	896	0	818	876	105
832	896	64	818	876	119
832	896	128	819	876	156
832	896	192	819	876	205
832	896	256	820	876	260
832	896	320	820	877	317
832	896	384	821	877	375
832	896	448	823	877	434
832	896	512	824	877	494
832	896	576	826	878	553
832	896	640	828	878	613
832	896	704	830	878	674
832	896	768	832	879	734
832	896	832	835	879	794
832	896	896	838	880	855
832	896	960	841	880	915
832	896	1023	844	881	975
832	960	0	822	938	113
832	960	64	822	938	126
832	960	128	822	938	161
832	960	192	822	938	209
832	960	256	823	938	263
832	960	320	824	938	319
832	960	384	825	939	377
832	960	448	826	939	436
832	960	512	827	939	495
832	960	576	829	939	555
832	960	640	831	940	614
832	960	704	833	940	674
832	960	768	835	940	735
832	960	832	838	941	795
832	960	896	841	941	855
832	960	960	844	942	916
832	960	1023	847	943	975
832	1023	0	825	999	121
832	1023	64	825	999	133
832	1023	128	825	999	166
832	1023	192	826	999	213
832	1023	256	826	999	266
832	1023	320	827	999	321
832	1023	384	828	999	379
832	1023	448	829	1000	437
832	1023	512	831	1000	496
832	1023	576	832	1000	556
832	1023	640	834	1000	615
832	1023	704	836	1001	675
832	1023	768	839	1001	735
832	1023	832	841	1002	796
832	1023	896	844	1002	856
832	1023	960	847	1003	916
832	1023	1023	851	1003	976
896	0	0	860	127	0
896	0	64	860	127	54
896	0	128	860	127	119
896	0	192	860	128	181
896	0	256	861	129	242
896	0	320	862	131	303
896	0	384	863	133	364
896	0	448	864	135	425
896	0	512	865	137	486
896	0	576	867	140	546
896	0	640	869	144	607
896	0	704	871	147	668
896	0	768	873	151	729
896	0	832	875	155	790
896	0	896	878	160	850
896	0	960	881	164	911
896	0	1023	884	169	971
896	64	0	860	138	0
896	64	64	860	138	54
896	64	128	860	139	119
896	64	192	860	139	181
896	64	256	861	140	242
896	64	320	862	142	303
896	64	384	863	144	364
896	64	448	864	146	425
896	64	512	865	148	486
896	64	576	867	151	546
896	64	640	869	154	607
896	64	704	871	157	668
896	64	768	873	161	729
896	64	832	875	164	790
896	64	896	878	169	850
896	64	960	881	173	911
896	64	1023	884	177	971
896	128	0	860	172	0
896	128	64	860	172	56
896	128	128	860	173	119
896	128	192	861	173	181
896	128	256	861	174	242
896	128	320	862	175	303
896	128	384	863	176	364
896	128	448	864	178	425
896	128	512	865	180	486
896	128	576	867	182	546
896	128	640	869	184	607
896	128	704	871	187	668
896	128	768	873	190	729
896	128	832	876	193	790
896	128	896	878	197	850
896	128	960	881	200	911
896	128	1023	884	204	971
896	192	0	860	219	0
896	192	64	860	220	58
896	192	128	861	220	120
896	192	192	861	220	181
896	192	256	862	221	242
896	192	320	862	222	303
896	192	384	863	223	364
896	192	448	864	224	425
896	192	512	866	225	486
896	192	576	867	227	547
896	192	640	869	229	607
896	192	704	871	231	668
896	192	768	873	233	729
896	192	832	876	236	790
896	192	896	879	238	851
896	192	960	882	241	911
896	192	1023	885	244	971
896	256	0	861	273	0
896	256	64	861	273	61
896	256	128	861	273	121
896	256	192	862	274	182
896	256	256	862	274	243
896	256	320	863	275	304
896	256	384	864	276	365
896	256	448	865	276	425
896	256	512	866	278	486
896	256	576	868	279	547
896	256	640	870	280	608
896	256	704	872	282	668
896	256	768	874	284	729
896	256	832	876	286	790
896	256	896	879	288	851
896	256	960	882	290	911
896	256	1023	885	293	971
896	320	0	862	330	25
896	320	64	862	330	64
896	320	128	862	330	123
896	320	192	862	331	183
896	320	256	863	331	244
896	320	320	864	331	304
896	320	384	865	332	365
896	320	448	866	333	426
896	320	512	867	334	486
896	320	576	869	335	547
896	320	640	870	336	608
896	320	704	872	337	669
896	320	768	875	339	729
896	320	832	877	340	790
896	320	896	880	342	851
896	320	960	883	344	912
896	320	1023	886	346	971
896	384	0	863	389	36
896	384	64	863	389	69
896	384	128	863	389	125
896	384	192	863	389	185
896	384	256	864	389	245
896	384	320	865	390	305
896	384	384	865	390	366
896	384	448	867	391	426
896	384	512	868	392	487
896	384	576	870	393	547
896	384	640	871	394	608
896	384	704	873	395	669
896	384	768	876	396	730
896	384	832	878	397	790
896	384	896	881	399	851
896	384	960	884	400	912
896	384	1023	887	402	972
896	448	0	864	449	46
896	448	64	864	449	74
896	448	128	864	449	128
896	448	192	864	449	186
896	448	256	865	449	246
896	448	320	866	449	306
896	448	384	867	450	366
896	448	448	868	450	427
896	448	512	869	451	487
896	448	576	871	452	548
896	448	640	873	453	609
896	448	704	875	453	669
896	448	768	877	454	730
896	448	832	879	456	791
896	448	896	882	457	851
896	448	960	885	458	912
896	448	1023	888	460	972
896	512	0	865	509	55
896	512	64	865	509	80
896	512	128	865	509	131
896	512	192	866	509	188
896	512	256	866	509	247
896	512	320	867	510	307
896	512	384	868	510	367
896	512	448	869	510	427
896	512	512	870	511	488
896	512	576	872	512	548
896	512	640	874	512	609
896	512	704	876	513	670
896	512	768	878	514	730
896	512	832	881	515	791
896	512	896	883	516	852
896	512	960	886	517	912
896	512	1023	889	518	972
896	576	0	867	570	64
896	576	64	867	570	85
896	576	128	867	570	134
896	576	192	867	570	190
896	576	256	868	570	249
896	576	320	869	570	308
896	576	384	870	571	368
896	576	448	871	571	428
896	576	512	872	572	489
896	576	576	874	572	549
896	576	640	875	573	610
896	576	704	877	573	670
896	576	768	880	574	731
896	576	832	882	575	791
896	576	896	885	576	852
896	576	960	888	577	913
896	576	1023	891	578	972
896	640	0	869	631	72
896	640	64	869	631	92
896	640	128	869	631	138
896	640	192	869	631	193
896	640	256	870	631	251
896	640	320	870	631	310
896	640	384	871	632	369
896	640	448	873	632	429
896	640	512	874	632	489
896	640	576	875	633	550
896	640	640	877	633	610
896	640	704	879	634	671
896	640	768	881	635	731
896	640	832	884	636	792
896	640	896	887	636	852
896	640	960	890	637	913
896	640	1023	893	638	973
896	704	0	871	692	81
896	704	64	871	692	98
896	704	128	871	692	142
896	704	192	871	692	195
896	704	256	872	692	253
896	704	320	873	693	311
896	704	384	873	693	370
896	704	448	875	693	430
896	704	512	876	694	490
896	704	576	877	694	551
896	704	640	879	695	611
896	704	704	881	695	671
896	704	768	884	696	732
896	704	832	886	696	792
896	704	896	889	697	853
896	704	960	892	698	913
896	704	1023	895	699	973
896	768	0	873	754	89
896	768	64	873	754	105
896	768	128	873	754	146
896	768	192	874	754	198
896	768	256	874	754	255
896	768	320	875	754	313
896	768	384	876	754	372
896	768	448	877	755	431
896	768	512	878	755	491
896	768	576	880	755	551
896	768	640	882	756	612
896	768	704	884	756	672
896	768	768	886	757	732
896	768	832	888	757	793
896	768	896	891	758	853
896	768	960	894	759	914
896	768	1023	897	760	973
896	832	0	875	815	97
896	832	64	875	815	111
896	832	128	876	815	151
896	832	192	876	815	202
896	832	256	877	816	257
896	832	320	877	816	315
896	832	384	878	816	373
896	832	448	879	816	433
896	832	512	881	816	492
896	832	576	882	817	552
896	832	640	884	817	612
896	832	704	886	818	673
896	832	768	888	818	733
896	832	832	891	819	793
896	832	896	893	819	854
896	832	960	896	820	914
896	832	1023	899	821	974
896	896	0	878	877	105
896	896	64	878	877	118
896	896	128	878	877	156
896	896	192	879	877	205
896	896	256	879	877	260
896	896	320	880	877	317
896	896	384	881	878	375
896	896	448	882	878	434
896	896	512	883	878	494
896	896	576	885	878	553
896	896	640	887	879	613
896	896	704	889	879	674
896	896	768	891	880	734
896	896	832	893	880	794
896	896	896	896	881	854
896	896	960	899	881	915
896	896	1023	902	882	974
896	960	0	881	939	113
896	960	64	881	939	125
896	960	128	881	939	161
896	960	192	882	939	209
896	960	256	882	939	263
896	960	320	883	939	319
896	960	384	884	939	377
896	960	448	885	940	436
896	960	512	886	940	495
896	960	576	888	940	555
896	960	640	890	940	614
896	960	704	892	941	674
896	960	768	894	941	735
896	960	832	896	942	795
896	960	896	899	942	855
896	960	960	902	943	916
896	960	1023	905	943	975
896	1023	0	884	1000	121
896	1023	64	884	1000	132
896	1023	128	885	1000	166
896	1023	192	885	1000	213
896	1023	256	885	1000	266
896	1023	320	886	1000	321
896	1023	384	887	1000	379
896	1023	448	888	1000	437
896	1023	512	889	1001	496
896	1023	576	891	1001	556
896	1023	640	893	1001	615
896	1023	704	895	1002	675
896	1023	768	897	1002	735
896	1023	832	899	1002	796
896	1023	896	902	1003	856
896	1023	960	905	1003	916
896	1023	1023	908	1004	976
960	0	0	921	136	0
960	0	64	921	136	53
960	0	128	921	136	118
960	0	192	922	137	180
960	0	256	922	138	242
960	0	320	923	140	303
960	0	384	924	141	364
960	0	448	925	143	425
960	0	512	926	146	485
960	0	576	928	149	546
960	0	640	929	152	607
960	0	704	931	155	668
960	0	768	933	159	729
960	0	832	935	163	790
960	0	896	938	167	850
960	0	960	941	171	911
960	0	1023	944	176	971
960	64	0	921	147	0
960	64	64	921	147	53
960	64	128	921	147	118
960	64	192	922	148	180
960	64	256	922	149	242
960	64	320	923	150	303
960	64	384	924	151	364
960	64	448	925	153	425
960	64	512	926	156	485
960	64	576	928	158	546
960	64	640	929	161	607
960	64	704	931	164	668
960	64	768	933	168	729
960	64	832	936	171	790
960	64	896	938	175	850
960	64	960	941	179	911
960	64	1023	944	184	971
960	128	0	921	179	0
960	128	64	921	179	54
960	128	128	922	179	119
960	128	192	922	179	181
960	128	256	922	180	242
960	128	320	923	181	303
960	128	384	924	183	364
960	128	448	925	184	425
960	128	512	926	186	486
960	128	576	928	188	546
960	128	640	929	190	607
960	128	704	931	193	668
960	128	768	933	196	729
960	128	832	936	199	790
960	128	896	938	202	850
960	128	960	941	206	911
960	128	1023	944	209	971
960	192	0	922	224	0
960	192	64	922	224	57
960	192	128	922	225	120
960	192	192	922	225	181
960	192	256	923	226	242
960	192	320	923	226	303
960	192	384	924	227	364
960	192	448	925	228	425
960	192	512	927	230	486
960	192	576	928	231	547
960	192	640	930	233	607
960	192	704	932	235	668
960	192	768	934	238	729
960	192	832	936	240	790
960	192	896	939	243	850
960	192	960	941	245	911
960	192	1023	944	248	971
960	256	0	922	277	0
960	256	64	922	277	60
960	256	128	922	277	121
960	256	192	923	277	182
960	256	256	923	278	243
960	256	320	924	278	304
960	256	384	925	279	364
960	256	448	926	280	425
960	256	512	927	281	486
960	256	576	929	283	547
960	256	640	930	284	608
960	256	704	932	286	668
960	256	768	934	287	729
960	256	832	937	289	790
960	256	896	939	291	851
960	256	960	942	294	911
960	256	1023	945	296	971
960	320	0	923	333	22
960	320	64	923	333	64
960	320	128	923	333	123
960	320	192	923	334	183
960	320	256	924	334	244
960	320	320	925	334	304
960	320	384	926	335	365
960	320	448	927	336	426
960	320	512	928	337	486
960	320	576	929	338	547
960	320	640	931	339	608
960	320	704	933	340	669
960	320	768	935	342	729
960	320	832	937	343	790
960	320	896	940	345	851
960	320	960	942	347	911
960	320	1023	945	349	971
960	384	0	924	391	34
960	384	64	924	391	68
960	384	128	924	391	125
960	384	192	924	392	184
960	384	256	925	392	245
960	384	320	926	392	305
960	384	384	926	393	365
960	384	448	927	393	426
960	384	512	929	394	487
960	384	576	930	395	547
960	384	640	932	396	608
960	384	704	934	397	669
960	384	768	936	398	730
960	384	832	938	400	790
960	384	896	941	401	851
960	384	960	943	403	912
960	384	1023	946	404	971
960	448	0	925	451	45
960	448	64	925	451	73
960	448	128	925	451	127
960	448	192	925	451	186
960	448	256	926	451	246
960	448	320	927	451	306
960	448	384	927	452	366
960	448	448	929	452	427
960	448	512	930	453	487
960	448	576	931	454	548
960	448	640	933	455	608
960	448	704	935	455	669
960	448	768	937	456	730
960	448	832	939	458	791
960	448	896	942	459	851
960	448	960	944	460	912
960	448	1023	947	462	972
960	512	0	926	511	54
960	512	64	926	511	79
960	512	128	926	511	130
960	512	192	927	511	188
960	512	256	927	511	247
960	512	320	928	511	307
960	512	384	929	512	367
960	512	448	930	512	427
960	512	512	931	513	488
960	512	576	933	513	548
960	512	640	934	514	609
960	512	704	936	515	670
960	512	768	938	516	730
960	512	832	940	517	791
960	512	896	943	518	852
960	512	960	946	519	912
960	512	1023	948	520	972
960	576	0	928	571	63
960	576	64	928	571	85
960	576	128	928	571	134
960	576	192	928	571	190
960	576	256	929	572	249
960	576	320	929	572	308
960	576	384	930	572	368
960	576	448	931	573	428
960	576	512	933	573	489
960	576	576	934	574	549
960	576	640	936	574	609
960	576	704	937	575	670
960	576	768	940	576	731
960	576	832	942	577	791
960	576	896	944	577	852
960	576	960	947	579	913
960	576	1023	950	580	972
960	640	0	929	632	71
960	640	64	929	632	91
960	640	128	930	632	137
960	640	192	930	632	193
960	640	256	930	633	250
960	640	320	931	633	309
960	640	384	932	633	369
960	640	448	933	633	429
960	640	512	934	634	489
960	640	576	936	634	550
960	640	640	937	635	610
960	640	704	939	635	671
960	640	768	941	636	731
960	640	832	943	637	792
960	640	896	946	638	852
960	640	960	949	639	913
960	640	1023	952	640	973
960	704	0	931	693	80
960	704	64	931	693	97
960	704	128	931	693	141
960	704	192	932	694	195
960	704	256	932	694	252
960	704	320	933	694	311
960	704	384	934	694	370
960	704	448	935	694	430
960	704	512	936	695	490
960	704	576	938	695	550
960	704	640	939	696	611
960	704	704	941	696	671
960	704	768	943	697	732
960	704	832	945	698	792
960	704	896	948	698	853
960	704	960	951	699	913
960	704	1023	953	700	973
960	768	0	933	755	88
960	768	64	933	755	104
960	768	128	934	755	146
960	768	192	934	755	198
960	768	256	934	755	255
960	768	320	935	755	313
960	768	384	936	755	372
960	768	448	937	756	431
960	768	512	938	756	491
960	768	576	940	756	551
960	768	640	941	757	612
960	768	704	943	757	672
960	768	768	945	758	732
960	768	832	947	759	793
960	768	896	950	759	853
960	768	960	953	760	914
960	768	1023	955	761	973
960	832	0	936	816	96
960	832	64	936	816	111
960	832	128	936	816	150
960	832	192	936	816	201
960	832	256	937	817	257
960	832	320	937	817	315
960	832	384	938	817	373
960	832	448	939	817	433
960	832	512	940	817	492
960	832	576	942	818	552
960	832	640	944	818	612
960	832	704	945	819	673
960	832	768	947	819	733
960	832	832	950	820	793
960	832	896	952	820	854
960	832	960	955	821	914
960	832	1023	958	822	974
960	896	0	938	878	104
960	896	64	938	878	118
960	896	128	938	878	155
960	896	192	939	878	205
960	896	256	939	878	260
960	896	320	940	878	317
960	896	384	941	878	375
960	896	448	942	879	434
960	896	512	943	879	494
960	896	576	944	879	553
960	896	640	946	880	613
960	896	704	948	880	673
960	896	768	950	881	734
960	896	832	952	881	794
960	896	896	955	882	854
960	896	960	957	882	915
960	896	1023	960	883	974
960	960	0	941	940	112
960	960	64	941	940	125
960	960	128	941	940	160
960	960	192	941	940	209
960	960	256	942	940	262
960	960	320	943	940	319
960	960	384	943	940	377
960	960	448	944	940	436
960	960	512	946	941	495
960	960	576	947	941	554
960	960	640	949	941	614
960	960	704	951	942	674
960	960	768	953	942	735
960	960	832	955	943	795
960	960	896	957	943	855
960	960	960	960	944	916
960	960	1023	963	944	975
960	1023	0	944	1000	120
960	1023	64	944	1000	132
960	1023	128	944	1000	166
960	1023	192	944	1001	212
960	1023	256	945	1001	265
960	1023	320	946	1001	321
960	1023	384	946	1001	379
960	1023	448	947	1001	437
960	1023	512	949	1001	496
960	1023	576	950	1002	556
960	1023	640	952	1002	615
960	1023	704	953	1002	675
960	1023	768	956	1003	735
960	1023	832	958	1003	796
960	1023	896	960	1004	856
960	1023	960	963	1004	916
960	1023	1023	966	1005	976
1023	0	0	982	145	0
1023	0	64	982	145	51
1023	0	128	982	145	118
1023	0	192	982	146	180
1023	0	256	983	147	241
1023	0	320	983	148	303
1023	0	384	984	150	364
1023	0	448	985	152	424
1023	0	512	986	154	485
1023	0	576	988	157	546
1023	0	640	989	159	607
1023	0	704	991	163	668
1023	0	768	993	166	729
1023	0	832	995	170	789
1023	0	896	997	174	850
1023	0	960	1000	178	911
1023	0	1023	1002	182	971
1023	64	0	982	155	0
1023	64	64	982	155	52
1023	64	128	982	155	118
1023	64	192	982	156	180
1023	64	256	983	157	241
1023	64	320	983	158	303
1023	64	384	984	159	364
1023	64	448	985	161	425
1023	64	512	986	163	485
1023	64	576	988	166	546
1023	64	640	989	168	607
1023	64	704	991	171	668
1023	64	768	993	175	729
1023	64	832	995	178	789
1023	64	896	997	182	850
1023	64	960	1000	186	911
1023	64	1023	1003	190	971
1023	128	0	982	185	0
1023	128	64	982	185	53
1023	128	128	982	186	118
1023	128	192	982	186	180
1023	128	256	983	187	242
1023	128	320	983	188	303
1023	128	384	984	189	364
1023	128	448	985	190	425
1023	128	512	986	192	485
1023	128	576	988	194	546
1023	128	640	989	196	607
1023	128	704	991	199	668
1023	128	768	993	202	729
1023	128	832	995	205	790
1023	128	896	997	208	850
1023	128	960	1000	211	911
1023	128	1023	1003	215	971
1023	192	0	982	229	0
1023	192	64	982	229	55
1023	192	128	982	230	119
1023	192	192	983	230	181
1023	192	256	983	231	242
1023	192	320	984	231	303
1023	192	384	985	232	364
1023	192	448	986	233	425
1023	192	512	987	235	486
1023	192	576	988	236	546
1023	192	640	990	238	607
1023	192	704	991	240	668
1023	192	768	993	242	729
1023	192	832	995	245	790
1023	192	896	998	247	850
1023	192	960	1000	250	911
1023	192	1023	1003	253	971
1023	256	0	983	281	0
1023	256	64	983	281	58
1023	256	128	983	281	121
1023	256	192	983	281	182
1023	256	256	984	282	243
1023	256	320	984	282	303
1023	256	384	985	283	364
1023	256	448	986	284	425
1023	256	512	987	285	486
1023	256	576	989	286	547
1023	256	640	990	288	607
1023	256	704	992	289	668
1023	256	768	994	291	729
1023	256	832	996	293	790
1023	256	896	998	295	851
1023	256	960	1001	297	911
1023	256	1023	1003	300	971
1023	320	0	983	336	17
1023	320	64	983	336	62
1023	320	128	983	336	122
1023	320	192	984	337	183
1023	320	256	984	337	243
1023	320	320	985	337	304
1023	320	384	986	338	365
1023	320	448	987	339	425
1023	320	512	988	340	486
1023	320	576	989	341	547
1023	320	640	991	342	608
1023	320	704	992	343	668
1023	320	768	994	345	729
1023	320	832	997	346	790
1023	320	896	999	348	851
1023	320	960	1001	350	911
1023	320	1023	1004	352	971
1023	384	0	984	394	32
1023	384	64	984	394	67
1023	384	128	984	394	124
1023	384	192	985	394	184
1023	384	256	985	394	244
1023	384	320	986	395	305
1023	384	384	986	395	365
1023	384	448	987	396	426
1023	384	512	989	397	487
1023	384	576	990	398	547
1023	384	640	992	399	608
1023	384	704	993	400	669
1023	384	768	995	401	729
1023	384	832	997	402	790
1023	384	896	1000	404	851
1023	384	960	1002	405	912
1023	384	1023	1005	407	971
1023	448	0	985	453	43
1023	448	64	985	453	72
1023	448	128	985	453	127
1023	448	192	986	453	186
1023	448	256	986	453	245
1023	448	320	987	454	306
1023	448	384	987	454	366
1023	448	448	988	455	427
1023	448	512	990	455	487
1023	448	576	991	456	548
1023	448	640	993	457	608
1023	448	704	994	458	669
1023	448	768	996	459	730
1023	448	832	998	460	790
1023	448	896	1001	461	851
1023	448	960	1003	462	912
1023	448	1023	1006	464	972
1023	512	0	986	513	53
1023	512	64	986	513	78
1023	512	128	986	513	130
1023	512	192	987	513	188
1023	512	256	987	513	247
1023	512	320	988	513	307
1023	512	384	989	514	367
1023	512	448	990	514	427
1023	512	512	991	515	488
1023	512	576	992	515	548
1023	512	640	994	516	609
1023	512	704	995	517	669
1023	512	768	997	518	730
1023	512	832	999	519	791
1023	512	896	1002	520	851
1023	512	960	1004	521	912
1023	512	1023	1007	522	972
1023	576	0	988	573	62
1023	576	64	988	573	84
1023	576	128	988	573	133
1023	576	192	988	573	190
1023	576	256	989	573	248
1023	576	320	989	574	308
1023	576	384	990	574	368
1023	576	448	991	574	428
1023	576	512	992	575	488
1023	576	576	993	575	549
1023	576	640	995	576	609
1023	576	704	997	577	670
1023	576	768	999	577	731
1023	576	832	1001	578	791
1023	576	896	1003	579	852
1023	576	960	1006	580	913
1023	576	1023	1008	581	972
1023	640	0	989	634	71
1023	640	64	989	634	90
1023	640	128	989	634	137
1023	640	192	990	634	192
1023	640	256	990	634	250
1023	640	320	991	634	309
1023	640	384	992	635	369
1023	640	448	993	635	429
1023	640	512	994	635	489
1023	640	576	995	636	550
1023	640	640	997	636	610
1023	640	704	998	637	671
1023	640	768	1000	638	731
1023	640	832	1002	638	792
1023	640	896	1005	639	852
1023	640	960	1007	640	913
1023	640	1023	1010	641	973
1023	704	0	991	695	79
1023	704	64	991	695	97
1023	704	128	991	695	141
1023	704	192	991	695	195
1023	704	256	992	695	252
1023	704	320	993	695	311
1023	704	384	993	695	370
1023	704	448	994	696	430
1023	704	512	995	696	490
1023	704	576	997	697	550
1023	704	640	998	697	611
1023	704	704	1000	698	671
1023	704	768	1002	698	732
1023	704	832	1004	699	792
1023	704	896	1006	700	853
1023	704	960	1009	700	913
1023	704	1023	1012	701	973
1023	768	0	993	756	87
1023	768	64	993	756	104
1023	768	128	993	756	145
1023	768	192	993	756	198
1023	768	256	994	756	254
1023	768	320	994	756	313
1023	768	384	995	757	372
1023	768	448	996	757	431
1023	768	512	997	757	491
1023	768	576	999	758	551
1023	768	640	1000	758	611
1023	768	704	1002	759	672
1023	768	768	1004	759	732
1023	768	832	1006	760	793
1023	768	896	1008	760	853
1023	768	960	1011	761	914
1023	768	1023	1013	762	973
1023	832	0	995	817	96
1023	832	64	995	817	110
1023	832	128	995	817	150
1023	832	192	996	817	201
1023	832	256	996	818	257
1023	832	320	997	818	314
1023	832	384	997	818	373
1023	832	448	998	818	433
1023	832	512	1000	819	492
1023	832	576	1001	819	552
1023	832	640	1002	819	612
1023	832	704	1004	820	673
1023	832	768	1006	820	733
1023	832	832	1008	821	793
1023	832	896	1010	821	854
1023	832	960	1013	822	914
1023	832	1023	1016	823	974
1023	896	0	997	879	104
1023	896	64	997	879	117
1023	896	128	998	879	155
1023	896	192	998	879	205
1023	896	256	998	879	259
1023	896	320	999	879	316
1023	896	384	1000	879	375
1023	896	448	1001	880	434
1023	896	512	1002	880	493
1023	896	576	1003	880	553
1023	896	640	1005	881	613
1023	896	704	1006	881	673
1023	896	768	1008	882	734
1023	896	832	1010	882	794
1023	896	896	1013	883	854
1023	896	960	1015	883	915
1023	896	1023	1018	884	974
1023	960	0	1000	941	112
1023	960	64	1000	941	124
1023	960	128	1000	941	160
1023	960	192	1000	941	208
1023	960	256	1001	941	262
1023	960	320	1002	941	319
1023	960	384	1002	941	377
1023	960	448	1003	941	435
1023	960	512	1004	942	495
1023	960	576	1006	942	554
1023	960	640	1007	942	614
1023	960	704	1009	943	674
1023	960	768	1011	943	734
1023	960	832	1013	943	795
1023	960	896	1015	944	855
1023	960	960	1018	945	915
1023	960	1023	1020	945	975
1023	1023	0	1003	1001	120
1023	1023	64	1003	1001	131
1023	1023	128	1003	1001	165
1023	1023	192	1003	1001	212
1023	1023	256	1004	1001	265
1023	1023	320	1004	1002	321
1023	1023	384	1005	1002	379
1023	1023	448	1006	1002	437
1023	1023	512	1007	1002	496
1023	1023	576	1008	1002	556
1023	1023	640	1010	1003	615
1023	1023	704	1012	1003	675
1023	1023	768	1014	1004	735
1023	1023	832	1016	1004	796
1023	1023	896	1018	1004	856
1023	1023	960	1020	1005	916
1023	1023	1023	1023	1006	976
