0	0	0	0	0	0
0	0	64	16	8	61
0	0	128	31	15	123
0	0	192	47	23	184
0	0	256	62	30	246
0	0	320	78	38	307
0	0	384	93	46	369
0	0	448	109	53	430
0	0	512	124	61	492
0	0	576	140	68	553
0	0	640	155	76	614
0	0	704	171	83	676
0	0	768	186	91	737
0	0	832	202	99	799
0	0	896	217	106	860
0	0	960	233	114	922
0	0	1023	248	121	982
0	64	0	32	62	19
0	64	64	34	63	64
0	64	128	43	64	124
0	64	192	55	65	185
0	64	256	68	68	246
0	64	320	82	71	308
0	64	384	97	75	369
0	64	448	112	80	430
0	64	512	127	84	492
0	64	576	142	90	553
0	64	640	157	95	615
0	64	704	173	101	676
0	64	768	188	107	737
0	64	832	204	114	799
0	64	896	219	120	860
0	64	960	234	127	922
0	64	1023	250	133	982
0	128	0	63	125	39
0	128	64	65	125	71
0	128	128	69	125	127
0	128	192	76	126	187
0	128	256	86	127	248
0	128	320	97	129	309
0	128	384	110	131	370
0	128	448	123	133	431
0	128	512	136	136	492
0	128	576	150	139	554
0	128	640	165	142	615
0	128	704	179	146	676
0	128	768	194	150	738
0	128	832	209	154	799
0	128	896	224	159	861
0	128	960	239	164	922
0	128	1023	254	169	983
0	192	0	95	187	58
0	192	64	96	187	82
0	192	128	98	188	133
0	192	192	103	188	191
0	192	256	110	189	250
0	192	320	119	190	311
0	192	384	129	191	372
0	192	448	140	193	432
0	192	512	152	194	494
0	192	576	164	196	555
0	192	640	177	199	616
0	192	704	191	201	677
0	192	768	205	204	739
0	192	832	219	207	800
0	192	896	233	210	861
0	192	960	247	214	923
0	192	1023	261	217	983
0	256	0	126	250	77
0	256	64	127	250	96
0	256	128	129	250	141
0	256	192	133	250	196
0	256	256	138	251	254
0	256	320	145	252	314
0	256	384	153	253	374
0	256	448	162	254	435
0	256	512	172	255	495
0	256	576	183	256	556
0	256	640	194	258	617
0	256	704	206	260	678
0	256	768	219	262	740
0	256	832	232	264	801
0	256	896	245	267	862
0	256	960	259	269	923
0	256	1023	272	272	984
0	320	0	158	312	97
0	320	64	159	312	111
0	320	128	160	313	152
0	320	192	163	313	203
0	320	256	167	313	260
0	320	320	172	314	318
0	320	384	179	314	377
0	320	448	187	315	437
0	320	512	195	316	498
0	320	576	205	317	558
0	320	640	215	319	619
0	320	704	226	320	680
0	320	768	237	322	741
0	320	832	249	323	802
0	320	896	261	325	863
0	320	960	274	327	925
0	320	1023	287	330	985
0	384	0	190	375	116
0	384	64	190	375	128
0	384	128	191	375	164
0	384	192	194	375	212
0	384	256	197	376	266
0	384	320	201	376	323
0	384	384	207	376	382
0	384	448	213	377	441
0	384	512	221	378	501
0	384	576	229	379	561
0	384	640	238	380	622
0	384	704	247	381	682
0	384	768	258	382	743
0	384	832	269	384	804
0	384	896	280	385	865
0	384	960	291	387	926
0	384	1023	303	389	986
0	448	0	221	437	135
0	448	64	222	437	146
0	448	128	223	437	177
0	448	192	225	438	222
0	448	256	227	438	274
0	448	320	231	438	329
0	448	384	236	439	387
0	448	448	241	439	445
0	448	512	248	440	504
0	448	576	255	441	564
0	448	640	263	441	624
0	448	704	271	442	685
0	448	768	281	444	745
0	448	832	290	445	806
0	448	896	301	446	867
0	448	960	311	447	928
0	448	1023	322	449	988
0	512	0	253	500	155
0	512	64	253	500	163
0	512	128	254	500	192
0	512	192	256	500	233
0	512	256	258	500	283
0	512	320	261	501	336
0	512	384	265	501	392
0	512	448	270	501	450
0	512	512	276	502	509
0	512	576	282	503	568
0	512	640	289	503	628
0	512	704	297	504	688
0	512	768	305	505	748
0	512	832	314	506	809
0	512	896	323	507	869
0	512	960	333	508	930
0	512	1023	343	510	990
0	576	0	285	562	174
0	576	64	285	562	182
0	576	128	286	562	207
0	576	192	287	562	246
0	576	256	289	563	293
0	576	320	292	563	344
0	576	384	295	563	399
0	576	448	300	564	456
0	576	512	305	564	514
0	576	576	310	565	572
0	576	640	317	565	632
0	576	704	323	566	691
0	576	768	331	567	751
0	576	832	339	568	811
0	576	896	348	569	872
0	576	960	357	570	932
0	576	1023	366	571	992
0	640	0	316	625	193
0	640	64	316	625	200
0	640	128	317	625	223
0	640	192	318	625	259
0	640	256	320	625	303
0	640	320	323	625	353
0	640	384	326	626	407
0	640	448	330	626	462
0	640	512	334	626	519
0	640	576	339	627	577
0	640	640	345	627	636
0	640	704	351	628	695
0	640	768	358	629	755
0	640	832	365	630	815
0	640	896	373	630	875
0	640	960	381	631	935
0	640	1023	390	632	995
0	704	0	348	687	212
0	704	64	348	687	219
0	704	128	349	687	239
0	704	192	350	687	273
0	704	256	351	688	315
0	704	320	354	688	363
0	704	384	356	688	415
0	704	448	360	688	469
0	704	512	364	689	525
0	704	576	368	689	583
0	704	640	374	690	641
0	704	704	379	690	699
0	704	768	385	691	759
0	704	832	392	692	818
0	704	896	399	692	878
0	704	960	407	693	938
0	704	1023	415	694	997
0	768	0	379	750	232
0	768	64	380	750	237
0	768	128	380	750	256
0	768	192	381	750	287
0	768	256	383	750	327
0	768	320	385	750	374
0	768	384	387	750	424
0	768	448	390	751	477
0	768	512	394	751	532
0	768	576	398	751	589
0	768	640	403	752	646
0	768	704	408	752	704
0	768	768	414	753	763
0	768	832	420	754	822
0	768	896	427	754	882
0	768	960	434	755	942
0	768	1023	441	756	1001
0	832	0	411	812	251
0	832	64	411	812	256
0	832	128	412	812	274
0	832	192	413	812	303
0	832	256	414	812	340
0	832	320	416	813	385
0	832	384	418	813	434
0	832	448	421	813	486
0	832	512	424	813	540
0	832	576	428	814	595
0	832	640	432	814	652
0	832	704	437	815	710
0	832	768	442	815	768
0	832	832	448	816	827
0	832	896	454	816	886
0	832	960	461	817	945
0	832	1023	468	818	1004
0	896	0	443	875	270
0	896	64	443	875	275
0	896	128	443	875	291
0	896	192	444	875	318
0	896	256	445	875	354
0	896	320	447	875	397
0	896	384	449	875	444
0	896	448	452	875	495
0	896	512	455	876	548
0	896	576	458	876	602
0	896	640	462	876	658
0	896	704	467	877	715
0	896	768	472	877	773
0	896	832	477	878	831
0	896	896	483	878	890
0	896	960	489	879	949
0	896	1023	495	880	1008
0	960	0	474	937	290
0	960	64	474	937	294
0	960	128	475	937	309
0	960	192	476	937	334
0	960	256	477	937	368
0	960	320	478	937	409
0	960	384	480	938	455
0	960	448	483	938	504
0	960	512	485	938	556
0	960	576	489	938	610
0	960	640	492	939	665
0	960	704	496	939	722
0	960	768	501	940	779
0	960	832	506	940	837
0	960	896	511	941	895
0	960	960	517	941	954
0	960	1023	523	942	1012
0	1023	0	505	999	309
0	1023	64	506	999	313
0	1023	128	506	999	327
0	1023	192	507	999	350
0	1023	256	508	999	383
0	1023	320	509	999	422
0	1023	384	511	999	466
0	1023	448	513	999	514
0	1023	512	516	1000	565
0	1023	576	519	1000	618
0	1023	640	522	1000	673
0	1023	704	526	1000	728
0	1023	768	530	1001	785
0	1023	832	535	1001	842
0	1023	896	540	1002	900
0	1023	960	545	1002	959
0	1023	1023	551	1003	1016
64	0	0	56	15	9
64	0	64	57	17	62
64	0	128	62	21	123
64	0	192	71	27	184
64	0	256	81	33	246
64	0	320	93	40	307
64	0	384	106	47	369
64	0	448	120	55	430
64	0	512	134	62	492
64	0	576	148	69	553
64	0	640	163	77	614
64	0	704	177	84	676
64	0	768	192	92	737
64	0	832	207	99	799
64	0	896	222	107	860
64	0	960	238	114	922
64	0	1023	253	122	982
64	64	0	63	64	21
64	64	64	64	64	64
64	64	128	68	65	124
64	64	192	76	67	185
64	64	256	86	69	246
64	64	320	97	72	308
64	64	384	109	76	369
64	64	448	122	80	430
64	64	512	136	85	492
64	64	576	150	91	553
64	64	640	165	96	615
64	64	704	179	102	676
64	64	768	194	108	737
64	64	832	209	114	799
64	64	896	224	121	860
64	64	960	239	127	922
64	64	1023	254	134	982
64	128	0	82	125	39
64	128	64	83	126	71
64	128	128	86	126	127
64	128	192	92	127	187
64	128	256	100	128	248
64	128	320	109	130	309
64	128	384	120	131	370
64	128	448	132	134	431
64	128	512	145	136	492
64	128	576	158	140	554
64	128	640	172	143	615
64	128	704	186	147	676
64	128	768	200	151	738
64	128	832	214	155	799
64	128	896	229	159	861
64	128	960	243	164	922
64	128	1023	258	169	983
64	192	0	107	188	58
64	192	64	108	188	82
64	192	128	110	188	133
64	192	192	115	189	191
64	192	256	121	189	250
64	192	320	129	190	311
64	192	384	138	191	372
64	192	448	148	193	433
64	192	512	159	195	494
64	192	576	171	197	555
64	192	640	184	199	616
64	192	704	196	201	677
64	192	768	210	204	739
64	192	832	223	207	800
64	192	896	237	210	861
64	192	960	251	214	923
64	192	1023	265	218	983
64	256	0	136	250	78
64	256	64	136	250	96
64	256	128	138	250	141
64	256	192	141	251	196
64	256	256	146	251	254
64	256	320	152	252	314
64	256	384	160	253	374
64	256	448	169	254	435
64	256	512	178	255	495
64	256	576	189	257	556
64	256	640	200	258	617
64	256	704	212	260	679
64	256	768	224	262	740
64	256	832	237	264	801
64	256	896	250	267	862
64	256	960	263	269	923
64	256	1023	276	272	984
64	320	0	165	313	97
64	320	64	166	313	112
64	320	128	167	313	152
64	320	192	170	313	203
64	320	256	174	313	260
64	320	320	179	314	318
64	320	384	185	315	377
64	320	448	192	315	437
64	320	512	201	316	498
64	320	576	210	317	558
64	320	640	220	319	619
64	320	704	230	320	680
64	320	768	241	322	741
64	320	832	253	324	802
64	320	896	265	325	863
64	320	960	278	328	925
64	320	1023	290	330	985
64	384	0	195	375	116
64	384	64	196	375	128
64	384	128	197	375	164
64	384	192	199	375	212
64	384	256	202	376	266
64	384	320	207	376	323
64	384	384	212	377	382
64	384	448	218	377	441
64	384	512	225	378	501
64	384	576	234	379	561
64	384	640	242	380	622
64	384	704	252	381	682
64	384	768	262	382	743
64	384	832	272	384	804
64	384	896	283	385	865
64	384	960	295	387	926
64	384	1023	307	389	986
64	448	0	226	437	135
64	448	64	226	437	146
64	448	128	227	438	177
64	448	192	229	438	222
64	448	256	232	438	274
64	448	320	236	438	329
64	448	384	240	439	387
64	448	448	246	439	445
64	448	512	252	440	504
64	448	576	259	441	564
64	448	640	267	442	624
64	448	704	275	443	685
64	448	768	284	444	745
64	448	832	294	445	806
64	448	896	304	446	867
64	448	960	315	448	928
64	448	1023	326	449	988
64	512	0	257	500	155
64	512	64	257	500	164
64	512	128	258	500	192
64	512	192	260	500	233
64	512	256	262	500	283
64	512	320	265	501	336
64	512	384	269	501	393
64	512	448	274	502	450
64	512	512	280	502	509
64	512	576	286	503	568
64	512	640	293	503	628
64	512	704	300	504	688
64	512	768	308	505	748
64	512	832	317	506	809
64	512	896	327	507	869
64	512	960	336	509	930
64	512	1023	346	510	990
64	576	0	288	562	174
64	576	64	288	562	182
64	576	128	289	562	207
64	576	192	291	563	246
64	576	256	293	563	293
64	576	320	295	563	344
64	576	384	299	563	399
64	576	448	303	564	456
64	576	512	308	564	514
64	576	576	314	565	572
64	576	640	320	565	632
64	576	704	327	566	691
64	576	768	334	567	751
64	576	832	342	568	811
64	576	896	350	569	872
64	576	960	359	570	932
64	576	1023	369	571	992
64	640	0	319	625	193
64	640	64	320	625	200
64	640	128	320	625	223
64	640	192	321	625	259
64	640	256	323	625	303
64	640	320	326	625	353
64	640	384	329	626	407
64	640	448	333	626	462
64	640	512	337	626	519
64	640	576	342	627	577
64	640	640	348	628	636
64	640	704	354	628	695
64	640	768	361	629	755
64	640	832	368	630	815
64	640	896	376	631	875
64	640	960	384	631	935
64	640	1023	393	632	995
64	704	0	351	687	213
64	704	64	351	687	219
64	704	128	351	687	239
64	704	192	353	687	273
64	704	256	354	688	315
64	704	320	356	688	363
64	704	384	359	688	415
64	704	448	363	688	469
64	704	512	366	689	525
64	704	576	371	689	583
64	704	640	376	690	641
64	704	704	382	690	700
64	704	768	388	691	759
64	704	832	395	692	818
64	704	896	402	692	878
64	704	960	410	693	938
64	704	1023	418	694	997
64	768	0	382	750	232
64	768	64	382	750	237
64	768	128	383	750	256
64	768	192	384	750	287
64	768	256	385	750	327
64	768	320	387	750	374
64	768	384	390	750	424
64	768	448	393	751	477
64	768	512	396	751	532
64	768	576	400	751	589
64	768	640	405	752	646
64	768	704	410	752	704
64	768	768	416	753	763
64	768	832	422	754	822
64	768	896	429	754	882
64	768	960	436	755	942
64	768	1023	443	756	1001
64	832	0	413	812	251
64	832	64	414	812	256
64	832	128	414	812	274
64	832	192	415	812	303
64	832	256	416	812	341
64	832	320	418	813	385
64	832	384	420	813	434
64	832	448	423	813	486
64	832	512	426	813	540
64	832	576	430	814	595
64	832	640	435	814	652
64	832	704	439	815	710
64	832	768	445	815	768
64	832	832	450	816	827
64	832	896	456	816	886
64	832	960	463	817	945
64	832	1023	470	818	1004
64	896	0	445	875	270
64	896	64	445	875	275
64	896	128	445	875	291
64	896	192	446	875	318
64	896	256	447	875	354
64	896	320	449	875	397
64	896	384	451	875	444
64	896	448	454	875	495
64	896	512	457	876	548
64	896	576	460	876	602
64	896	640	464	876	658
64	896	704	469	877	715
64	896	768	474	877	773
64	896	832	479	878	832
64	896	896	485	878	890
64	896	960	491	879	949
64	896	1023	497	880	1008
64	960	0	476	937	290
64	960	64	476	937	294
64	960	128	477	937	309
64	960	192	478	937	334
64	960	256	479	937	368
64	960	320	480	937	409
64	960	384	482	938	455
64	960	448	485	938	504
64	960	512	487	938	556
64	960	576	491	938	610
64	960	640	494	939	665
64	960	704	498	939	722
64	960	768	503	940	779
64	960	832	508	940	837
64	960	896	513	941	895
64	960	960	519	941	954
64	960	1023	525	942	1012
64	1023	0	507	999	309
64	1023	64	507	999	313
64	1023	128	508	999	327
64	1023	192	508	999	351
64	1023	256	509	999	383
64	1023	320	511	999	422
64	1023	384	513	999	466
64	1023	448	515	999	514
64	1023	512	518	1000	565
64	1023	576	521	1000	618
64	1023	640	524	1000	673
64	1023	704	528	1001	728
64	1023	768	532	1001	785
64	1023	832	537	1001	842
64	1023	896	542	1002	900
64	1023	960	547	1002	959
64	1023	1023	553	1003	1016
128	0	0	112	30	18
128	0	64	113	31	63
128	0	128	115	33	124
128	0	192	119	37	185
128	0	256	125	42	246
128	0	320	132	47	308
128	0	384	141	53	369
128	0	448	151	60	430
128	0	512	162	66	492
128	0	576	174	73	553
128	0	640	186	80	615
128	0	704	199	87	676
128	0	768	212	95	737
128	0	832	225	102	799
128	0	896	239	109	860
128	0	960	253	117	922
128	0	1023	267	124	982
128	64	0	115	68	26
128	64	64	116	68	65
128	64	128	118	69	125
128	64	192	122	71	185
128	64	256	128	73	247
128	64	320	135	76	308
128	64	384	144	80	369
128	64	448	153	84	431
128	64	512	164	88	492
128	64	576	176	93	553
128	64	640	188	99	615
128	64	704	200	104	676
128	64	768	213	110	738
128	64	832	227	116	799
128	64	896	240	123	860
128	64	960	254	129	922
128	64	1023	268	136	982
128	128	0	125	127	42
128	128	64	126	128	72
128	128	128	128	128	128
128	128	192	132	129	188
128	128	256	137	130	248
128	128	320	144	131	309
128	128	384	152	133	370
128	128	448	161	136	431
128	128	512	171	138	493
128	128	576	182	141	554
128	128	640	194	145	615
128	128	704	206	148	677
128	128	768	218	152	738
128	128	832	232	156	799
128	128	896	245	161	861
128	128	960	258	166	922
128	128	1023	272	170	983
128	192	0	142	189	60
128	192	64	143	189	83
128	192	128	144	189	134
128	192	192	148	190	191
128	192	256	152	191	251
128	192	320	158	191	311
128	192	384	165	193	372
128	192	448	174	194	433
128	192	512	183	196	494
128	192	576	193	198	555
128	192	640	204	200	616
128	192	704	216	203	677
128	192	768	228	205	739
128	192	832	240	208	800
128	192	896	253	212	861
128	192	960	266	215	923
128	192	1023	279	219	983
128	256	0	164	251	79
128	256	64	164	251	97
128	256	128	166	251	142
128	256	192	168	252	197
128	256	256	172	252	255
128	256	320	177	253	314
128	256	384	184	254	374
128	256	448	191	255	435
128	256	512	200	256	496
128	256	576	209	257	556
128	256	640	219	259	617
128	256	704	229	261	679
128	256	768	240	263	740
128	256	832	252	265	801
128	256	896	264	268	862
128	256	960	277	270	924
128	256	1023	289	273	984
128	320	0	188	313	98
128	320	64	189	313	112
128	320	128	190	313	152
128	320	192	192	314	204
128	320	256	196	314	260
128	320	320	200	315	318
128	320	384	205	315	378
128	320	448	212	316	438
128	320	512	219	317	498
128	320	576	228	318	559
128	320	640	237	319	619
128	320	704	246	321	680
128	320	768	257	322	741
128	320	832	268	324	802
128	320	896	279	326	863
128	320	960	291	328	925
128	320	1023	302	330	985
128	384	0	215	376	117
128	384	64	215	376	129
128	384	128	216	376	164
128	384	192	218	376	212
128	384	256	221	376	266
128	384	320	225	377	323
128	384	384	230	377	382
128	384	448	235	378	441
128	384	512	242	379	501
128	384	576	249	379	561
128	384	640	257	381	622
128	384	704	266	382	682
128	384	768	276	383	743
128	384	832	286	384	804
128	384	896	296	386	865
128	384	960	307	388	926
128	384	1023	318	389	986
128	448	0	243	438	136
128	448	64	243	438	146
128	448	128	244	438	178
128	448	192	245	438	222
128	448	256	248	438	274
128	448	320	251	439	329
128	448	384	256	439	387
128	448	448	261	440	445
128	448	512	266	440	505
128	448	576	273	441	564
128	448	640	280	442	624
128	448	704	288	443	685
128	448	768	297	444	745
128	448	832	306	445	806
128	448	896	316	447	867
128	448	960	326	448	928
128	448	1023	336	449	988
128	512	0	271	500	155
128	512	64	271	500	164
128	512	128	272	500	192
128	512	192	274	501	234
128	512	256	276	501	283
128	512	320	279	501	337
128	512	384	283	501	393
128	512	448	287	502	450
128	512	512	292	502	509
128	512	576	298	503	568
128	512	640	305	504	628
128	512	704	312	505	688
128	512	768	320	506	748
128	512	832	328	507	809
128	512	896	337	508	869
128	512	960	347	509	930
128	512	1023	356	510	990
128	576	0	301	563	174
128	576	64	301	563	182
128	576	128	302	563	207
128	576	192	303	563	246
128	576	256	305	563	293
128	576	320	307	563	345
128	576	384	311	564	399
128	576	448	315	564	456
128	576	512	319	565	514
128	576	576	325	565	572
128	576	640	331	566	632
128	576	704	337	566	691
128	576	768	345	567	751
128	576	832	352	568	811
128	576	896	360	569	872
128	576	960	369	570	932
128	576	1023	378	571	992
128	640	0	330	625	194
128	640	64	331	625	201
128	640	128	331	625	223
128	640	192	332	625	259
128	640	256	334	625	304
128	640	320	337	626	354
128	640	384	340	626	407
128	640	448	343	626	462
128	640	512	347	627	519
128	640	576	352	627	577
128	640	640	358	628	636
128	640	704	364	628	695
128	640	768	370	629	755
128	640	832	377	630	815
128	640	896	385	631	875
128	640	960	393	632	935
128	640	1023	401	633	995
128	704	0	361	688	213
128	704	64	361	688	219
128	704	128	361	688	240
128	704	192	362	688	273
128	704	256	364	688	315
128	704	320	366	688	363
128	704	384	369	688	415
128	704	448	372	689	470
128	704	512	376	689	526
128	704	576	380	689	583
128	704	640	385	690	641
128	704	704	391	691	700
128	704	768	397	691	759
128	704	832	403	692	818
128	704	896	410	693	878
128	704	960	418	693	938
128	704	1023	426	694	997
128	768	0	391	750	232
128	768	64	391	750	238
128	768	128	392	750	257
128	768	192	393	750	288
128	768	256	394	750	328
128	768	320	396	750	374
128	768	384	398	751	424
128	768	448	401	751	477
128	768	512	405	751	532
128	768	576	409	752	589
128	768	640	414	752	646
128	768	704	419	753	704
128	768	768	424	753	763
128	768	832	430	754	822
128	768	896	437	755	882
128	768	960	444	755	942
128	768	1023	451	756	1001
128	832	0	422	812	251
128	832	64	422	812	257
128	832	128	422	812	274
128	832	192	423	813	303
128	832	256	424	813	341
128	832	320	426	813	385
128	832	384	428	813	434
128	832	448	431	813	486
128	832	512	434	814	540
128	832	576	438	814	595
128	832	640	442	814	652
128	832	704	447	815	710
128	832	768	452	815	768
128	832	832	458	816	827
128	832	896	464	817	886
128	832	960	470	817	945
128	832	1023	477	818	1004
128	896	0	452	875	271
128	896	64	452	875	275
128	896	128	453	875	291
128	896	192	454	875	318
128	896	256	455	875	354
128	896	320	457	875	397
128	896	384	459	875	444
128	896	448	461	876	495
128	896	512	464	876	548
128	896	576	468	876	603
128	896	640	471	877	659
128	896	704	476	877	716
128	896	768	481	878	773
128	896	832	486	878	832
128	896	896	491	879	890
128	896	960	497	879	949
128	896	1023	504	880	1008
128	960	0	483	937	290
128	960	64	483	937	294
128	960	128	484	937	309
128	960	192	484	937	335
128	960	256	486	938	369
128	960	320	487	938	409
128	960	384	489	938	455
128	960	448	491	938	504
128	960	512	494	938	556
128	960	576	497	939	610
128	960	640	501	939	665
128	960	704	505	939	722
128	960	768	509	940	779
128	960	832	514	940	837
128	960	896	519	941	895
128	960	960	525	941	954
128	960	1023	531	942	1012
128	1023	0	514	999	309
128	1023	64	514	999	313
128	1023	128	514	999	327
128	1023	192	515	999	351
128	1023	256	516	999	383
128	1023	320	517	999	422
128	1023	384	519	999	466
128	1023	448	521	999	515
128	1023	512	524	1000	565
128	1023	576	527	1000	618
128	1023	640	530	1000	673
128	1023	704	534	1001	728
128	1023	768	538	1001	785
128	1023	832	543	1002	842
128	1023	896	548	1002	900
128	1023	960	553	1003	959
128	1023	1023	558	1003	1017
192	0	0	168	46	28
192	0	64	168	46	66
192	0	128	170	48	125
192	0	192	172	50	186
192	0	256	176	53	247
192	0	320	181	58	308
192	0	384	187	63	369
192	0	448	195	68	431
192	0	512	203	74	492
192	0	576	212	80	553
192	0	640	222	86	615
192	0	704	232	93	676
192	0	768	243	100	738
192	0	832	255	107	799
192	0	896	267	113	860
192	0	960	279	121	922
192	0	1023	291	128	982
192	64	0	170	75	33
192	64	64	170	75	68
192	64	128	172	76	126
192	64	192	174	78	186
192	64	256	178	80	247
192	64	320	183	82	308
192	64	384	189	86	369
192	64	448	196	89	431
192	64	512	204	94	492
192	64	576	213	98	554
192	64	640	223	104	615
192	64	704	233	109	676
192	64	768	244	115	738
192	64	832	256	120	799
192	64	896	268	126	861
192	64	960	280	133	922
192	64	1023	292	139	982
192	128	0	176	131	46
192	128	64	177	131	75
192	128	128	178	132	129
192	128	192	181	132	188
192	128	256	184	133	249
192	128	320	189	135	309
192	128	384	195	137	370
192	128	448	202	139	432
192	128	512	210	141	493
192	128	576	218	144	554
192	128	640	228	148	615
192	128	704	238	151	677
192	128	768	249	155	738
192	128	832	260	159	799
192	128	896	272	164	861
192	128	960	284	168	922
192	128	1023	296	173	983
192	192	0	188	191	63
192	192	64	188	191	85
192	192	128	190	192	135
192	192	192	192	192	192
192	192	256	195	193	251
192	192	320	200	194	311
192	192	384	205	195	372
192	192	448	212	196	433
192	192	512	219	198	494
192	192	576	228	200	555
192	192	640	237	202	616
192	192	704	246	205	678
192	192	768	257	207	739
192	192	832	267	210	800
192	192	896	279	213	861
192	192	960	290	217	923
192	192	1023	302	220	983
192	256	0	204	253	81
192	256	64	204	253	99
192	256	128	205	253	143
192	256	192	208	253	197
192	256	256	211	254	255
192	256	320	215	254	315
192	256	384	220	255	375
192	256	448	226	256	435
192	256	512	233	258	496
192	256	576	240	259	557
192	256	640	249	261	618
192	256	704	258	262	679
192	256	768	268	264	740
192	256	832	278	267	801
192	256	896	289	269	862
192	256	960	300	272	924
192	256	1023	312	274	984
192	320	0	223	314	99
192	320	64	224	314	114
192	320	128	225	315	153
192	320	192	227	315	204
192	320	256	229	315	260
192	320	320	233	316	319
192	320	384	238	316	378
192	320	448	243	317	438
192	320	512	250	318	498
192	320	576	257	319	559
192	320	640	265	321	619
192	320	704	273	322	680
192	320	768	282	324	741
192	320	832	292	325	802
192	320	896	302	327	864
192	320	960	313	329	925
192	320	1023	324	331	985
192	384	0	246	376	118
192	384	64	246	377	130
192	384	128	247	377	165
192	384	192	248	377	213
192	384	256	251	377	267
192	384	320	254	378	324
192	384	384	258	378	382
192	384	448	263	379	441
192	384	512	269	380	501
192	384	576	276	380	561
192	384	640	283	381	622
192	384	704	291	383	682
192	384	768	299	384	743
192	384	832	308	385	804
192	384	896	318	387	865
192	384	960	328	389	926
192	384	1023	338	390	986
192	448	0	270	439	137
192	448	64	270	439	147
192	448	128	271	439	178
192	448	192	272	439	223
192	448	256	274	439	275
192	448	320	277	440	330
192	448	384	281	440	387
192	448	448	286	441	446
192	448	512	291	441	505
192	448	576	297	442	565
192	448	640	304	443	625
192	448	704	311	444	685
192	448	768	319	445	746
192	448	832	327	446	806
192	448	896	336	447	867
192	448	960	346	449	928
192	448	1023	355	450	988
192	512	0	295	501	156
192	512	64	295	501	165
192	512	128	296	501	193
192	512	192	298	501	234
192	512	256	300	501	283
192	512	320	302	502	337
192	512	384	306	502	393
192	512	448	310	503	451
192	512	512	315	503	509
192	512	576	320	504	568
192	512	640	326	505	628
192	512	704	333	505	688
192	512	768	340	506	748
192	512	832	348	507	809
192	512	896	356	508	869
192	512	960	365	510	930
192	512	1023	374	511	990
192	576	0	322	563	175
192	576	64	322	563	183
192	576	128	323	563	208
192	576	192	324	563	246
192	576	256	326	564	293
192	576	320	328	564	345
192	576	384	331	564	400
192	576	448	335	565	456
192	576	512	340	565	514
192	576	576	344	566	573
192	576	640	350	566	632
192	576	704	356	567	691
192	576	768	363	568	751
192	576	832	370	569	812
192	576	896	378	570	872
192	576	960	386	571	932
192	576	1023	395	572	992
192	640	0	350	626	194
192	640	64	350	626	201
192	640	128	350	626	224
192	640	192	352	626	260
192	640	256	353	626	304
192	640	320	355	626	354
192	640	384	358	627	407
192	640	448	362	627	463
192	640	512	366	627	520
192	640	576	370	628	578
192	640	640	375	628	636
192	640	704	381	629	695
192	640	768	387	630	755
192	640	832	394	630	815
192	640	896	401	631	875
192	640	960	409	632	935
192	640	1023	417	633	995
192	704	0	378	688	214
192	704	64	378	688	220
192	704	128	379	688	240
192	704	192	380	688	274
192	704	256	381	688	316
192	704	320	383	689	364
192	704	384	386	689	415
192	704	448	389	689	470
192	704	512	393	689	526
192	704	576	397	690	583
192	704	640	401	690	641
192	704	704	407	691	700
192	704	768	412	692	759
192	704	832	419	692	818
192	704	896	425	693	878
192	704	960	433	694	938
192	704	1023	440	695	998
192	768	0	407	750	233
192	768	64	407	750	238
192	768	128	408	750	257
192	768	192	408	751	288
192	768	256	410	751	328
192	768	320	412	751	374
192	768	384	414	751	424
192	768	448	417	751	478
192	768	512	420	752	533
192	768	576	424	752	589
192	768	640	428	753	646
192	768	704	433	753	705
192	768	768	439	754	763
192	768	832	444	754	822
192	768	896	451	755	882
192	768	960	457	756	942
192	768	1023	464	757	1001
192	832	0	436	813	252
192	832	64	436	813	257
192	832	128	437	813	274
192	832	192	438	813	303
192	832	256	439	813	341
192	832	320	441	813	385
192	832	384	443	813	434
192	832	448	445	814	486
192	832	512	448	814	540
192	832	576	452	814	596
192	832	640	456	815	652
192	832	704	461	815	710
192	832	768	466	816	768
192	832	832	471	816	827
192	832	896	477	817	886
192	832	960	483	818	945
192	832	1023	490	818	1004
192	896	0	466	875	271
192	896	64	466	875	276
192	896	128	466	875	292
192	896	192	467	875	319
192	896	256	468	875	355
192	896	320	470	876	397
192	896	384	472	876	444
192	896	448	474	876	495
192	896	512	477	876	548
192	896	576	480	877	603
192	896	640	484	877	659
192	896	704	488	877	716
192	896	768	493	878	773
192	896	832	498	878	832
192	896	896	504	879	890
192	896	960	509	880	950
192	896	1023	516	880	1008
192	960	0	496	938	290
192	960	64	496	938	295
192	960	128	496	938	310
192	960	192	497	938	335
192	960	256	498	938	369
192	960	320	499	938	410
192	960	384	501	938	455
192	960	448	504	938	505
192	960	512	506	939	557
192	960	576	509	939	610
192	960	640	513	939	666
192	960	704	517	940	722
192	960	768	521	940	779
192	960	832	526	941	837
192	960	896	531	941	895
192	960	960	536	942	954
192	960	1023	542	942	1012
192	1023	0	525	999	309
192	1023	64	525	999	313
192	1023	128	526	999	327
192	1023	192	526	999	351
192	1023	256	527	999	383
192	1023	320	529	999	423
192	1023	384	531	1000	467
192	1023	448	533	1000	515
192	1023	512	535	1000	566
192	1023	576	538	1000	618
192	1023	640	541	1001	673
192	1023	704	545	1001	729
192	1023	768	549	1001	785
192	1023	832	554	1002	842
192	1023	896	558	1002	900
192	1023	960	564	1003	959
192	1023	1023	569	1003	1017
256	0	0	224	61	37
256	0	64	224	61	70
256	0	128	225	62	127
256	0	192	227	64	187
256	0	256	230	67	247
256	0	320	233	70	309
256	0	384	238	74	370
256	0	448	243	78	431
256	0	512	250	83	492
256	0	576	257	89	554
256	0	640	265	94	615
256	0	704	273	100	676
256	0	768	282	107	738
256	0	832	292	113	799
256	0	896	302	119	861
256	0	960	313	126	922
256	0	1023	324	133	982
256	64	0	225	85	41
256	64	64	225	85	72
256	64	128	226	85	128
256	64	192	228	87	187
256	64	256	231	89	248
256	64	320	235	91	309
256	64	384	239	94	370
256	64	448	245	97	431
256	64	512	251	101	492
256	64	576	258	105	554
256	64	640	266	110	615
256	64	704	274	115	677
256	64	768	283	120	738
256	64	832	293	126	799
256	64	896	303	132	861
256	64	960	314	138	922
256	64	1023	325	144	983
256	128	0	230	136	52
256	128	64	230	136	78
256	128	128	231	137	131
256	128	192	233	137	189
256	128	256	236	138	249
256	128	320	239	140	310
256	128	384	244	142	371
256	128	448	249	144	432
256	128	512	255	146	493
256	128	576	262	149	554
256	128	640	270	152	616
256	128	704	278	155	677
256	128	768	287	159	738
256	128	832	297	163	800
256	128	896	307	168	861
256	128	960	317	172	922
256	128	1023	328	177	983
256	192	0	239	194	67
256	192	64	239	195	88
256	192	128	240	195	137
256	192	192	242	195	193
256	192	256	244	196	252
256	192	320	248	197	312
256	192	384	252	198	373
256	192	448	257	199	433
256	192	512	263	201	494
256	192	576	270	203	555
256	192	640	277	205	617
256	192	704	285	208	678
256	192	768	294	210	739
256	192	832	303	213	800
256	192	896	313	216	862
256	192	960	323	220	923
256	192	1023	334	223	983
256	256	0	251	255	84
256	256	64	251	255	101
256	256	128	252	255	145
256	256	192	254	255	198
256	256	256	256	256	256
256	256	320	259	257	315
256	256	384	263	258	375
256	256	448	268	259	435
256	256	512	274	260	496
256	256	576	280	261	557
256	256	640	287	263	618
256	256	704	295	265	679
256	256	768	303	267	740
256	256	832	312	269	801
256	256	896	322	271	863
256	256	960	332	274	924
256	256	1023	342	276	984
256	320	0	266	316	102
256	320	64	266	316	116
256	320	128	267	316	155
256	320	192	269	317	205
256	320	256	271	317	261
256	320	320	274	318	319
256	320	384	278	318	378
256	320	448	283	319	438
256	320	512	288	320	498
256	320	576	294	321	559
256	320	640	301	322	620
256	320	704	308	324	681
256	320	768	316	325	742
256	320	832	324	327	803
256	320	896	333	329	864
256	320	960	343	331	925
256	320	1023	353	333	985
256	384	0	284	378	120
256	384	64	285	378	132
256	384	128	285	378	166
256	384	192	287	378	214
256	384	256	289	379	268
256	384	320	292	379	324
256	384	384	295	380	383
256	384	448	300	380	442
256	384	512	305	381	501
256	384	576	310	382	562
256	384	640	316	383	622
256	384	704	323	384	683
256	384	768	331	385	743
256	384	832	339	387	804
256	384	896	348	388	865
256	384	960	357	390	926
256	384	1023	366	392	987
256	448	0	305	440	139
256	448	64	305	440	149
256	448	128	306	440	180
256	448	192	307	440	224
256	448	256	309	440	275
256	448	320	312	441	330
256	448	384	315	441	388
256	448	448	319	442	446
256	448	512	324	442	505
256	448	576	329	443	565
256	448	640	335	444	625
256	448	704	341	445	685
256	448	768	348	446	746
256	448	832	356	447	806
256	448	896	364	449	867
256	448	960	373	450	928
256	448	1023	381	451	988
256	512	0	327	502	157
256	512	64	328	502	166
256	512	128	328	502	194
256	512	192	329	502	235
256	512	256	331	502	284
256	512	320	334	503	338
256	512	384	337	503	393
256	512	448	340	504	451
256	512	512	344	504	509
256	512	576	349	505	569
256	512	640	355	506	628
256	512	704	361	506	688
256	512	768	368	507	748
256	512	832	375	508	809
256	512	896	382	509	870
256	512	960	390	511	930
256	512	1023	399	512	990
256	576	0	351	564	176
256	576	64	351	564	184
256	576	128	352	564	209
256	576	192	353	564	247
256	576	256	355	565	294
256	576	320	357	565	346
256	576	384	360	565	400
256	576	448	363	566	457
256	576	512	367	566	514
256	576	576	372	567	573
256	576	640	377	567	632
256	576	704	382	568	692
256	576	768	389	569	752
256	576	832	395	570	812
256	576	896	402	571	872
256	576	960	410	572	933
256	576	1023	418	573	992
256	640	0	376	626	195
256	640	64	377	626	202
256	640	128	377	626	225
256	640	192	378	627	260
256	640	256	380	627	305
256	640	320	382	627	354
256	640	384	384	627	408
256	640	448	387	628	463
256	640	512	391	628	520
256	640	576	395	629	578
256	640	640	400	629	636
256	640	704	405	630	696
256	640	768	411	630	755
256	640	832	417	631	815
256	640	896	424	632	875
256	640	960	431	633	935
256	640	1023	439	634	995
256	704	0	403	689	214
256	704	64	403	689	221
256	704	128	403	689	241
256	704	192	404	689	274
256	704	256	405	689	316
256	704	320	407	689	364
256	704	384	410	689	416
256	704	448	413	690	470
256	704	512	416	690	526
256	704	576	420	691	583
256	704	640	424	691	641
256	704	704	429	692	700
256	704	768	435	692	759
256	704	832	440	693	819
256	704	896	447	694	878
256	704	960	454	695	938
256	704	1023	461	696	998
256	768	0	429	751	234
256	768	64	430	751	239
256	768	128	430	751	258
256	768	192	431	751	289
256	768	256	432	751	329
256	768	320	434	752	375
256	768	384	436	752	425
256	768	448	439	752	478
256	768	512	442	752	533
256	768	576	446	753	589
256	768	640	450	753	647
256	768	704	454	754	705
256	768	768	459	754	764
256	768	832	465	755	823
256	768	896	471	756	882
256	768	960	477	756	942
256	768	1023	484	757	1001
256	832	0	457	813	253
256	832	64	457	813	258
256	832	128	458	813	275
256	832	192	458	814	304
256	832	256	460	814	342
256	832	320	461	814	386
256	832	384	463	814	435
256	832	448	466	814	486
256	832	512	469	815	540
256	832	576	472	815	596
256	832	640	476	815	653
256	832	704	480	816	710
256	832	768	485	816	768
256	832	832	490	817	827
256	832	896	496	818	886
256	832	960	502	818	946
256	832	1023	508	819	1004
256	896	0	485	876	272
256	896	64	485	876	277
256	896	128	486	876	293
256	896	192	486	876	319
256	896	256	487	876	355
256	896	320	489	876	398
256	896	384	491	876	445
256	896	448	493	877	495
256	896	512	496	877	548
256	896	576	499	877	603
256	896	640	503	878	659
256	896	704	507	878	716
256	896	768	511	878	774
256	896	832	516	879	832
256	896	896	521	880	891
256	896	960	527	880	950
256	896	1023	533	881	1008
256	960	0	514	938	291
256	960	64	514	938	295
256	960	128	514	938	310
256	960	192	515	938	335
256	960	256	516	938	369
256	960	320	517	938	410
256	960	384	519	939	456
256	960	448	521	939	505
256	960	512	524	939	557
256	960	576	527	939	611
256	960	640	530	940	666
256	960	704	534	940	722
256	960	768	538	941	779
256	960	832	543	941	837
256	960	896	548	942	895
256	960	960	553	942	954
256	960	1023	558	943	1012
256	1023	0	542	1000	310
256	1023	64	542	1000	314
256	1023	128	543	1000	328
256	1023	192	543	1000	352
256	1023	256	544	1000	384
256	1023	320	545	1000	423
256	1023	384	547	1000	467
256	1023	448	549	1000	515
256	1023	512	552	1000	566
256	1023	576	554	1001	619
256	1023	640	558	1001	673
256	1023	704	561	1001	729
256	1023	768	565	1002	785
256	1023	832	569	1002	843
256	1023	896	574	1003	901
256	1023	960	579	1003	959
256	1023	1023	584	1004	1017
320	0	0	280	76	46
320	0	64	280	76	75
320	0	128	281	77	129
320	0	192	282	79	188
320	0	256	284	81	249
320	0	320	287	83	309
320	0	384	291	87	370
320	0	448	295	90	432
320	0	512	300	95	493
320	0	576	306	99	554
320	0	640	312	104	615
320	0	704	319	110	677
320	0	768	327	115	738
320	0	832	335	121	799
320	0	896	344	127	861
320	0	960	353	133	922
320	0	1023	363	139	983
320	64	0	281	96	49
320	64	64	281	96	76
320	64	128	282	96	130
320	64	192	283	97	189
320	64	256	285	99	249
320	64	320	288	101	310
320	64	384	292	104	371
320	64	448	296	107	432
320	64	512	301	110	493
320	64	576	307	114	554
320	64	640	313	118	616
320	64	704	320	123	677
320	64	768	328	128	738
320	64	832	336	133	800
320	64	896	345	139	861
320	64	960	354	144	922
320	64	1023	363	150	983
320	128	0	284	143	58
320	128	64	285	143	82
320	128	128	285	143	133
320	128	192	287	144	191
320	128	256	289	145	250
320	128	320	292	146	311
320	128	384	295	148	372
320	128	448	300	150	433
320	128	512	305	152	494
320	128	576	310	155	555
320	128	640	316	158	616
320	128	704	323	161	677
320	128	768	331	165	739
320	128	832	339	169	800
320	128	896	348	173	861
320	128	960	357	177	923
320	128	1023	366	182	983
320	192	0	291	199	72
320	192	64	291	199	92
320	192	128	292	199	139
320	192	192	294	200	195
320	192	256	296	200	253
320	192	320	298	201	313
320	192	384	302	202	373
320	192	448	306	204	434
320	192	512	311	205	495
320	192	576	316	207	556
320	192	640	322	209	617
320	192	704	329	212	678
320	192	768	337	214	739
320	192	832	344	217	801
320	192	896	353	220	862
320	192	960	362	223	923
320	192	1023	371	227	984
320	256	0	301	258	88
320	256	64	301	258	104
320	256	128	302	258	147
320	256	192	303	259	200
320	256	256	305	259	257
320	256	320	308	260	316
320	256	384	311	261	376
320	256	448	315	262	436
320	256	512	320	263	497
320	256	576	325	264	557
320	256	640	331	266	618
320	256	704	338	268	679
320	256	768	345	270	740
320	256	832	352	272	802
320	256	896	361	274	863
320	256	960	369	277	924
320	256	1023	378	279	984
320	320	0	313	319	105
320	320	64	314	319	118
320	320	128	314	319	157
320	320	192	316	319	207
320	320	256	317	319	262
320	320	320	320	320	320
320	320	384	323	321	379
320	320	448	327	321	439
320	320	512	331	322	499
320	320	576	337	324	559
320	320	640	342	325	620
320	320	704	349	326	681
320	320	768	355	328	742
320	320	832	363	329	803
320	320	896	371	331	864
320	320	960	379	333	925
320	320	1023	388	335	985
320	384	0	329	380	123
320	384	64	329	380	134
320	384	128	329	380	168
320	384	192	331	380	215
320	384	256	332	381	269
320	384	320	335	381	325
320	384	384	338	382	383
320	384	448	341	382	442
320	384	512	346	383	502
320	384	576	351	384	562
320	384	640	356	385	622
320	384	704	362	386	683
320	384	768	369	387	744
320	384	832	376	389	805
320	384	896	383	390	866
320	384	960	391	392	927
320	384	1023	400	394	987
320	448	0	346	442	141
320	448	64	346	442	151
320	448	128	347	442	181
320	448	192	348	442	225
320	448	256	350	442	276
320	448	320	352	442	331
320	448	384	355	443	388
320	448	448	358	443	447
320	448	512	362	444	506
320	448	576	367	445	565
320	448	640	372	446	625
320	448	704	378	447	686
320	448	768	384	448	746
320	448	832	391	449	807
320	448	896	398	450	867
320	448	960	406	452	928
320	448	1023	414	453	988
320	512	0	366	503	159
320	512	64	366	503	168
320	512	128	366	503	195
320	512	192	367	504	236
320	512	256	369	504	285
320	512	320	371	504	338
320	512	384	374	505	394
320	512	448	377	505	451
320	512	512	381	506	510
320	512	576	385	506	569
320	512	640	390	507	629
320	512	704	395	508	689
320	512	768	401	509	749
320	512	832	408	510	809
320	512	896	415	511	870
320	512	960	422	512	930
320	512	1023	430	513	990
320	576	0	387	565	178
320	576	64	387	565	186
320	576	128	387	565	210
320	576	192	388	566	248
320	576	256	390	566	295
320	576	320	392	566	346
320	576	384	394	566	401
320	576	448	397	567	457
320	576	512	401	567	515
320	576	576	405	568	573
320	576	640	409	568	632
320	576	704	415	569	692
320	576	768	420	570	752
320	576	832	426	571	812
320	576	896	433	572	872
320	576	960	440	573	933
320	576	1023	447	574	993
320	640	0	409	627	197
320	640	64	409	628	204
320	640	128	410	628	226
320	640	192	411	628	261
320	640	256	412	628	305
320	640	320	414	628	355
320	640	384	416	628	408
320	640	448	419	629	464
320	640	512	422	629	520
320	640	576	426	630	578
320	640	640	431	630	637
320	640	704	435	631	696
320	640	768	441	632	755
320	640	832	446	632	815
320	640	896	453	633	875
320	640	960	459	634	936
320	640	1023	466	635	995
320	704	0	433	690	216
320	704	64	433	690	222
320	704	128	434	690	242
320	704	192	434	690	275
320	704	256	436	690	317
320	704	320	437	690	365
320	704	384	440	690	416
320	704	448	442	691	471
320	704	512	445	691	527
320	704	576	449	692	584
320	704	640	453	692	642
320	704	704	458	693	700
320	704	768	463	693	759
320	704	832	468	694	819
320	704	896	474	695	879
320	704	960	480	696	939
320	704	1023	487	696	998
320	768	0	458	752	235
320	768	64	458	752	240
320	768	128	458	752	259
320	768	192	459	752	290
320	768	256	460	752	329
320	768	320	462	752	375
320	768	384	464	753	425
320	768	448	466	753	478
320	768	512	469	753	533
320	768	576	473	754	590
320	768	640	477	754	647
320	768	704	481	755	705
320	768	768	486	755	764
320	768	832	491	756	823
320	768	896	496	756	882
320	768	960	502	757	942
320	768	1023	509	758	1001
320	832	0	483	814	254
320	832	64	484	814	259
320	832	128	484	814	276
320	832	192	485	814	305
320	832	256	486	814	342
320	832	320	487	815	386
320	832	384	489	815	435
320	832	448	492	815	487
320	832	512	494	815	541
320	832	576	498	816	596
320	832	640	501	816	653
320	832	704	505	817	710
320	832	768	510	817	769
320	832	832	514	818	827
320	832	896	520	818	886
320	832	960	525	819	946
320	832	1023	531	820	1005
320	896	0	510	876	273
320	896	64	510	876	278
320	896	128	510	877	293
320	896	192	511	877	320
320	896	256	512	877	356
320	896	320	513	877	398
320	896	384	515	877	445
320	896	448	517	877	496
320	896	512	520	878	549
320	896	576	523	878	603
320	896	640	526	878	659
320	896	704	530	879	716
320	896	768	534	879	774
320	896	832	539	880	832
320	896	896	544	880	891
320	896	960	549	881	950
320	896	1023	555	882	1008
320	960	0	537	939	292
320	960	64	537	939	296
320	960	128	537	939	311
320	960	192	538	939	336
320	960	256	539	939	370
320	960	320	540	939	411
320	960	384	542	939	456
320	960	448	544	940	506
320	960	512	546	940	557
320	960	576	549	940	611
320	960	640	552	940	666
320	960	704	556	941	722
320	960	768	560	941	780
320	960	832	564	942	837
320	960	896	569	942	896
320	960	960	574	943	954
320	960	1023	579	943	1013
320	1023	0	564	1000	311
320	1023	64	564	1000	315
320	1023	128	564	1000	329
320	1023	192	565	1000	352
320	1023	256	566	1000	385
320	1023	320	567	1000	424
320	1023	384	569	1001	468
320	1023	448	571	1001	516
320	1023	512	573	1001	566
320	1023	576	576	1001	619
320	1023	640	579	1002	673
320	1023	704	582	1002	729
320	1023	768	586	1002	786
320	1023	832	590	1003	843
320	1023	896	594	1003	901
320	1023	960	599	1004	959
320	1023	1023	604	1005	1017
384	0	0	336	91	55
384	0	64	336	92	80
384	0	128	336	92	132
384	0	192	338	93	190
384	0	256	339	95	250
384	0	320	342	97	310
384	0	384	345	100	371
384	0	448	348	103	432
384	0	512	352	107	493
384	0	576	357	111	555
384	0	640	362	115	616
384	0	704	368	120	677
384	0	768	375	125	738
384	0	832	382	130	800
384	0	896	389	136	861
384	0	960	397	142	923
384	0	1023	405	147	983
384	64	0	336	108	58
384	64	64	337	108	82
384	64	128	337	108	133
384	64	192	338	109	191
384	64	256	340	111	250
384	64	320	342	113	311
384	64	384	345	115	371
384	64	448	349	118	432
384	64	512	353	121	494
384	64	576	358	124	555
384	64	640	363	128	616
384	64	704	369	132	677
384	64	768	375	137	739
384	64	832	382	142	800
384	64	896	390	147	861
384	64	960	398	152	923
384	64	1023	406	157	983
384	128	0	339	150	66
384	128	64	340	151	87
384	128	128	340	151	136
384	128	192	341	151	193
384	128	256	343	152	252
384	128	320	345	154	312
384	128	384	348	155	372
384	128	448	352	157	433
384	128	512	356	159	494
384	128	576	361	162	555
384	128	640	366	165	616
384	128	704	372	168	678
384	128	768	378	171	739
384	128	832	385	175	800
384	128	896	392	179	862
384	128	960	400	183	923
384	128	1023	409	187	983
384	192	0	345	204	78
384	192	64	345	204	96
384	192	128	346	204	141
384	192	192	347	205	196
384	192	256	349	206	254
384	192	320	351	206	314
384	192	384	354	207	374
384	192	448	357	209	435
384	192	512	361	210	495
384	192	576	366	212	556
384	192	640	371	214	617
384	192	704	377	217	679
384	192	768	383	219	740
384	192	832	390	222	801
384	192	896	397	225	862
384	192	960	405	228	923
384	192	1023	413	231	984
384	256	0	353	262	92
384	256	64	353	262	108
384	256	128	354	262	149
384	256	192	355	263	202
384	256	256	356	263	258
384	256	320	359	264	317
384	256	384	361	265	377
384	256	448	365	266	437
384	256	512	369	267	497
384	256	576	373	268	558
384	256	640	378	270	619
384	256	704	384	271	680
384	256	768	390	273	741
384	256	832	397	275	802
384	256	896	404	278	863
384	256	960	411	280	924
384	256	1023	419	283	985
384	320	0	363	322	109
384	320	64	364	322	122
384	320	128	364	322	159
384	320	192	365	322	209
384	320	256	367	323	264
384	320	320	369	323	321
384	320	384	372	324	380
384	320	448	375	324	439
384	320	512	379	325	500
384	320	576	383	327	560
384	320	640	388	328	621
384	320	704	393	329	681
384	320	768	399	331	742
384	320	832	406	332	803
384	320	896	413	334	864
384	320	960	420	336	925
384	320	1023	428	338	986
384	384	0	376	382	126
384	384	64	376	382	137
384	384	128	377	383	170
384	384	192	378	383	217
384	384	256	379	383	270
384	384	320	381	383	326
384	384	384	384	384	384
384	384	448	387	385	443
384	384	512	391	385	503
384	384	576	395	386	563
384	384	640	400	387	623
384	384	704	405	388	683
384	384	768	411	390	744
384	384	832	417	391	805
384	384	896	424	393	866
384	384	960	431	394	927
384	384	1023	438	396	987
384	448	0	391	444	143
384	448	64	391	444	153
384	448	128	392	444	183
384	448	192	393	444	227
384	448	256	394	444	277
384	448	320	396	445	332
384	448	384	399	445	389
384	448	448	402	445	447
384	448	512	405	446	506
384	448	576	409	447	566
384	448	640	414	448	626
384	448	704	419	449	686
384	448	768	424	450	746
384	448	832	430	451	807
384	448	896	437	452	868
384	448	960	444	454	929
384	448	1023	451	455	989
384	512	0	408	505	162
384	512	64	408	505	170
384	512	128	409	505	197
384	512	192	410	505	238
384	512	256	411	506	286
384	512	320	413	506	339
384	512	384	415	506	395
384	512	448	418	507	452
384	512	512	421	507	510
384	512	576	425	508	570
384	512	640	430	509	629
384	512	704	434	510	689
384	512	768	440	510	749
384	512	832	445	511	810
384	512	896	452	513	870
384	512	960	458	514	931
384	512	1023	465	515	991
384	576	0	427	567	180
384	576	64	427	567	188
384	576	128	427	567	212
384	576	192	428	567	250
384	576	256	429	567	296
384	576	320	431	568	347
384	576	384	433	568	402
384	576	448	436	568	458
384	576	512	439	569	515
384	576	576	443	569	574
384	576	640	447	570	633
384	576	704	452	571	692
384	576	768	457	572	752
384	576	832	462	572	812
384	576	896	468	573	873
384	576	960	475	574	933
384	576	1023	481	576	993
384	640	0	447	629	199
384	640	64	447	629	205
384	640	128	447	629	228
384	640	192	448	629	263
384	640	256	449	629	307
384	640	320	451	629	356
384	640	384	453	630	409
384	640	448	456	630	464
384	640	512	459	631	521
384	640	576	462	631	579
384	640	640	466	632	637
384	640	704	471	632	696
384	640	768	475	633	756
384	640	832	481	634	816
384	640	896	486	635	876
384	640	960	493	635	936
384	640	1023	499	636	995
384	704	0	468	691	217
384	704	64	468	691	223
384	704	128	469	691	244
384	704	192	470	691	276
384	704	256	471	691	318
384	704	320	472	691	366
384	704	384	474	692	417
384	704	448	477	692	471
384	704	512	480	692	527
384	704	576	483	693	584
384	704	640	487	693	642
384	704	704	491	694	701
384	704	768	495	694	760
384	704	832	500	695	819
384	704	896	506	696	879
384	704	960	512	697	939
384	704	1023	518	698	998
384	768	0	491	753	236
384	768	64	491	753	242
384	768	128	492	753	260
384	768	192	492	753	291
384	768	256	493	753	330
384	768	320	495	753	376
384	768	384	497	754	426
384	768	448	499	754	479
384	768	512	502	754	534
384	768	576	505	755	590
384	768	640	508	755	647
384	768	704	512	756	706
384	768	768	517	756	764
384	768	832	522	757	823
384	768	896	527	758	883
384	768	960	532	758	942
384	768	1023	538	759	1001
384	832	0	515	815	255
384	832	64	515	815	260
384	832	128	515	815	277
384	832	192	516	815	306
384	832	256	517	815	343
384	832	320	518	816	387
384	832	384	520	816	436
384	832	448	522	816	487
384	832	512	525	816	541
384	832	576	528	817	597
384	832	640	531	817	653
384	832	704	535	818	711
384	832	768	539	818	769
384	832	832	544	819	828
384	832	896	549	819	887
384	832	960	554	820	946
384	832	1023	559	821	1005
384	896	0	539	877	274
384	896	64	539	877	279
384	896	128	540	877	295
384	896	192	540	877	321
384	896	256	541	878	357
384	896	320	543	878	399
384	896	384	544	878	446
384	896	448	546	878	496
384	896	512	549	878	549
384	896	576	552	879	604
384	896	640	555	879	660
384	896	704	558	880	717
384	896	768	562	880	774
384	896	832	567	881	832
384	896	896	571	881	891
384	896	960	576	882	950
384	896	1023	582	882	1009
384	960	0	565	940	293
384	960	64	565	940	297
384	960	128	565	940	312
384	960	192	566	940	337
384	960	256	567	940	371
384	960	320	568	940	411
384	960	384	569	940	457
384	960	448	571	940	506
384	960	512	574	941	558
384	960	576	576	941	611
384	960	640	579	941	667
384	960	704	583	942	723
384	960	768	587	942	780
384	960	832	591	943	838
384	960	896	595	943	896
384	960	960	600	944	955
384	960	1023	605	944	1013
384	1023	0	590	1001	312
384	1023	64	590	1001	316
384	1023	128	591	1001	330
384	1023	192	591	1001	353
384	1023	256	592	1001	385
384	1023	320	593	1001	424
384	1023	384	595	1001	468
384	1023	448	597	1002	516
384	1023	512	599	1002	567
384	1023	576	601	1002	619
384	1023	640	604	1002	674
384	1023	704	607	1003	729
384	1023	768	611	1003	786
384	1023	832	615	1004	843
384	1023	896	619	1004	901
384	1023	960	624	1005	959
384	1023	1023	629	1005	1017
448	0	0	392	107	64
448	0	64	392	107	86
448	0	128	392	107	136
448	0	192	393	108	192
448	0	256	395	110	252
448	0	320	397	112	312
448	0	384	399	114	372
448	0	448	402	117	433
448	0	512	406	120	494
448	0	576	410	123	555
448	0	640	414	127	616
448	0	704	419	131	678
448	0	768	425	136	739
448	0	832	431	141	800
448	0	896	437	146	862
448	0	960	444	151	923
448	0	1023	451	157	983
448	64	0	392	121	66
448	64	64	392	121	88
448	64	128	393	121	136
448	64	192	394	122	193
448	64	256	395	123	252
448	64	320	397	125	312
448	64	384	400	127	373
448	64	448	403	129	433
448	64	512	406	132	494
448	64	576	410	135	555
448	64	640	415	139	617
448	64	704	420	143	678
448	64	768	425	147	739
448	64	832	431	151	800
448	64	896	438	156	862
448	64	960	445	161	923
448	64	1023	452	166	983
448	128	0	395	159	73
448	128	64	395	159	93
448	128	128	395	160	139
448	128	192	396	160	195
448	128	256	398	161	253
448	128	320	400	162	313
448	128	384	402	164	373
448	128	448	405	166	434
448	128	512	409	168	495
448	128	576	413	170	556
448	128	640	417	173	617
448	128	704	422	176	678
448	128	768	428	179	739
448	128	832	434	183	801
448	128	896	440	186	862
448	128	960	447	190	923
448	128	1023	454	194	984
448	192	0	399	210	84
448	192	64	399	210	101
448	192	128	400	211	145
448	192	192	401	211	199
448	192	256	402	212	256
448	192	320	404	213	315
448	192	384	407	214	375
448	192	448	410	215	435
448	192	512	413	217	496
448	192	576	417	218	557
448	192	640	421	220	618
448	192	704	426	222	679
448	192	768	432	225	740
448	192	832	438	228	801
448	192	896	444	231	863
448	192	960	451	234	924
448	192	1023	458	237	984
448	256	0	406	267	98
448	256	64	406	267	112
448	256	128	407	267	152
448	256	192	408	267	204
448	256	256	409	268	260
448	256	320	411	268	318
448	256	384	413	269	378
448	256	448	416	270	438
448	256	512	419	271	498
448	256	576	423	273	559
448	256	640	428	274	619
448	256	704	433	276	680
448	256	768	438	278	741
448	256	832	444	280	802
448	256	896	450	282	863
448	256	960	457	285	925
448	256	1023	464	287	985
448	320	0	415	325	113
448	320	64	415	325	126
448	320	128	416	326	162
448	320	192	416	326	211
448	320	256	418	326	265
448	320	320	420	327	322
448	320	384	422	327	381
448	320	448	425	328	440
448	320	512	428	329	500
448	320	576	432	330	561
448	320	640	436	331	621
448	320	704	441	333	682
448	320	768	446	334	743
448	320	832	452	336	804
448	320	896	458	338	865
448	320	960	464	340	926
448	320	1023	471	342	986
448	384	0	426	385	129
448	384	64	426	385	140
448	384	128	427	386	173
448	384	192	427	386	219
448	384	256	429	386	271
448	384	320	430	386	327
448	384	384	433	387	385
448	384	448	435	388	444
448	384	512	439	388	503
448	384	576	442	389	563
448	384	640	446	390	623
448	384	704	451	391	684
448	384	768	456	393	745
448	384	832	462	394	805
448	384	896	468	396	866
448	384	960	474	397	927
448	384	1023	481	399	987
448	448	0	439	446	147
448	448	64	439	446	156
448	448	128	439	446	186
448	448	192	440	446	229
448	448	256	442	447	279
448	448	320	443	447	333
448	448	384	445	447	390
448	448	448	448	448	448
448	448	512	451	449	507
448	448	576	455	449	566
448	448	640	459	450	626
448	448	704	463	451	686
448	448	768	468	452	747
448	448	832	473	453	807
448	448	896	479	455	868
448	448	960	485	456	929
448	448	1023	492	458	989
448	512	0	454	507	164
448	512	64	454	507	173
448	512	128	454	507	199
448	512	192	455	508	239
448	512	256	456	508	288
448	512	320	458	508	340
448	512	384	460	508	396
448	512	448	462	509	453
448	512	512	465	509	511
448	512	576	469	510	570
448	512	640	473	511	630
448	512	704	477	512	689
448	512	768	482	513	750
448	512	832	487	514	810
448	512	896	493	515	870
448	512	960	499	516	931
448	512	1023	505	517	991
448	576	0	470	569	182
448	576	64	470	569	190
448	576	128	471	569	214
448	576	192	471	569	251
448	576	256	473	569	297
448	576	320	474	569	348
448	576	384	476	570	402
448	576	448	479	570	459
448	576	512	481	571	516
448	576	576	485	571	574
448	576	640	488	572	633
448	576	704	493	573	693
448	576	768	497	573	753
448	576	832	502	574	813
448	576	896	508	575	873
448	576	960	513	576	933
448	576	1023	520	577	993
448	640	0	488	631	201
448	640	64	488	631	207
448	640	128	489	631	229
448	640	192	489	631	264
448	640	256	491	631	308
448	640	320	492	631	357
448	640	384	494	631	410
448	640	448	496	632	465
448	640	512	499	632	522
448	640	576	502	633	579
448	640	640	506	633	638
448	640	704	510	634	697
448	640	768	514	635	756
448	640	832	519	635	816
448	640	896	524	636	876
448	640	960	530	637	936
448	640	1023	536	638	996
448	704	0	508	692	219
448	704	64	508	692	225
448	704	128	508	692	245
448	704	192	509	693	278
448	704	256	510	693	319
448	704	320	511	693	367
448	704	384	513	693	418
448	704	448	515	693	472
448	704	512	518	694	528
448	704	576	521	694	585
448	704	640	524	695	643
448	704	704	528	695	701
448	704	768	532	696	760
448	704	832	537	697	820
448	704	896	542	697	879
448	704	960	547	698	939
448	704	1023	553	699	998
448	768	0	528	754	238
448	768	64	528	754	243
448	768	128	529	754	262
448	768	192	529	754	292
448	768	256	531	755	332
448	768	320	532	755	377
448	768	384	534	755	427
448	768	448	536	755	480
448	768	512	538	756	535
448	768	576	541	756	591
448	768	640	544	757	648
448	768	704	548	757	706
448	768	768	552	758	765
448	768	832	556	758	824
448	768	896	561	759	883
448	768	960	566	760	943
448	768	1023	572	760	1002
448	832	0	550	816	257
448	832	64	550	816	262
448	832	128	551	816	279
448	832	192	551	817	307
448	832	256	552	817	344
448	832	320	553	817	388
448	832	384	555	817	437
448	832	448	557	817	488
448	832	512	560	818	542
448	832	576	562	818	597
448	832	640	565	818	654
448	832	704	569	819	711
448	832	768	573	819	769
448	832	832	577	820	828
448	832	896	582	821	887
448	832	960	586	821	946
448	832	1023	592	822	1005
448	896	0	573	878	276
448	896	64	573	878	280
448	896	128	573	879	296
448	896	192	574	879	322
448	896	256	575	879	358
448	896	320	576	879	400
448	896	384	578	879	447
448	896	448	580	879	497
448	896	512	582	880	550
448	896	576	584	880	604
448	896	640	587	880	660
448	896	704	591	881	717
448	896	768	594	881	775
448	896	832	598	882	833
448	896	896	603	882	892
448	896	960	608	883	951
448	896	1023	613	884	1009
448	960	0	597	941	295
448	960	64	597	941	299
448	960	128	597	941	313
448	960	192	597	941	338
448	960	256	598	941	372
448	960	320	600	941	412
448	960	384	601	941	458
448	960	448	603	941	507
448	960	512	605	942	558
448	960	576	608	942	612
448	960	640	610	942	667
448	960	704	614	943	723
448	960	768	617	943	780
448	960	832	621	944	838
448	960	896	625	944	896
448	960	960	630	945	955
448	960	1023	634	945	1013
448	1023	0	620	1002	313
448	1023	64	621	1002	317
448	1023	128	621	1002	331
448	1023	192	621	1002	354
448	1023	256	622	1002	386
448	1023	320	623	1002	425
448	1023	384	625	1002	469
448	1023	448	627	1003	517
448	1023	512	629	1003	567
448	1023	576	631	1003	620
448	1023	640	634	1003	674
448	1023	704	637	1004	730
448	1023	768	640	1004	786
448	1023	832	644	1005	844
448	1023	896	648	1005	901
448	1023	960	652	1006	960
448	1023	1023	657	1006	1018
512	0	0	447	122	74
512	0	64	448	122	93
512	0	128	448	123	140
512	0	192	449	123	195
512	0	256	450	125	254
512	0	320	452	126	313
512	0	384	454	128	373
512	0	448	456	131	434
512	0	512	459	133	495
512	0	576	463	136	556
512	0	640	467	140	617
512	0	704	471	144	678
512	0	768	476	148	739
512	0	832	481	152	801
512	0	896	487	157	862
512	0	960	493	162	923
512	0	1023	500	167	984
512	64	0	448	134	75
512	64	64	448	134	94
512	64	128	449	135	140
512	64	192	449	135	196
512	64	256	451	136	254
512	64	320	452	138	313
512	64	384	454	140	374
512	64	448	457	142	434
512	64	512	460	144	495
512	64	576	463	147	556
512	64	640	467	150	617
512	64	704	472	154	678
512	64	768	477	158	740
512	64	832	482	162	801
512	64	896	488	166	862
512	64	960	494	170	923
512	64	1023	500	175	984
512	128	0	450	169	81
512	128	64	450	169	99
512	128	128	451	170	143
512	128	192	452	170	198
512	128	256	453	171	255
512	128	320	454	172	315
512	128	384	457	173	375
512	128	448	459	175	435
512	128	512	462	177	496
512	128	576	466	179	557
512	128	640	469	182	618
512	128	704	474	185	679
512	128	768	479	188	740
512	128	832	484	191	801
512	128	896	489	195	862
512	128	960	496	198	924
512	128	1023	502	202	984
512	192	0	454	218	91
512	192	64	454	218	107
512	192	128	455	218	148
512	192	192	456	218	201
512	192	256	457	219	258
512	192	320	458	220	317
512	192	384	460	221	376
512	192	448	463	222	436
512	192	512	466	223	497
512	192	576	469	225	558
512	192	640	473	227	619
512	192	704	477	229	680
512	192	768	482	232	741
512	192	832	487	234	802
512	192	896	493	237	863
512	192	960	499	240	924
512	192	1023	505	243	985
512	256	0	460	272	103
512	256	64	460	272	117
512	256	128	460	272	156
512	256	192	461	273	206
512	256	256	462	273	262
512	256	320	464	274	320
512	256	384	466	275	379
512	256	448	469	276	439
512	256	512	471	277	499
512	256	576	475	278	559
512	256	640	479	279	620
512	256	704	483	281	681
512	256	768	488	283	742
512	256	832	493	285	803
512	256	896	498	287	864
512	256	960	504	290	925
512	256	1023	510	292	985
512	320	0	468	330	118
512	320	64	468	330	130
512	320	128	468	330	165
512	320	192	469	330	213
512	320	256	470	331	267
512	320	320	472	331	324
512	320	384	474	332	382
512	320	448	476	332	441
512	320	512	479	333	501
512	320	576	482	334	561
512	320	640	486	336	622
512	320	704	490	337	682
512	320	768	495	338	743
512	320	832	500	340	804
512	320	896	505	342	865
512	320	960	511	344	926
512	320	1023	517	346	986
512	384	0	477	389	134
512	384	64	477	389	144
512	384	128	478	389	176
512	384	192	478	389	221
512	384	256	480	390	273
512	384	320	481	390	329
512	384	384	483	391	386
512	384	448	485	391	445
512	384	512	488	392	504
512	384	576	491	393	564
512	384	640	495	394	624
512	384	704	499	395	685
512	384	768	504	396	745
512	384	832	509	397	806
512	384	896	514	399	867
512	384	960	520	401	928
512	384	1023	526	402	988
512	448	0	488	449	150
512	448	64	489	449	160
512	448	128	489	449	188
512	448	192	490	449	231
512	448	256	491	450	281
512	448	320	492	450	335
512	448	384	494	450	391
512	448	448	497	451	449
512	448	512	499	452	508
512	448	576	502	452	567
512	448	640	506	453	627
512	448	704	510	454	687
512	448	768	514	455	747
512	448	832	519	456	808
512	448	896	524	458	869
512	448	960	530	459	929
512	448	1023	536	460	989
512	512	0	502	510	168
512	512	64	502	510	176
512	512	128	502	510	202
512	512	192	503	510	241
512	512	256	504	510	289
512	512	320	505	511	342
512	512	384	507	511	397
512	512	448	509	511	454
512	512	512	512	512	512
512	512	576	515	513	571
512	512	640	518	513	630
512	512	704	522	514	690
512	512	768	527	515	750
512	512	832	531	516	810
512	512	896	536	517	871
512	512	960	542	518	931
512	512	1023	548	520	991
512	576	0	516	571	185
512	576	64	516	571	193
512	576	128	517	571	216
512	576	192	517	571	253
512	576	256	518	571	299
512	576	320	520	572	350
512	576	384	522	572	404
512	576	448	524	572	460
512	576	512	526	573	517
512	576	576	529	573	575
512	576	640	533	574	634
512	576	704	536	575	693
512	576	768	541	576	753
512	576	832	545	576	813
512	576	896	550	577	873
512	576	960	555	578	934
512	576	1023	561	580	993
512	640	0	532	632	203
512	640	64	533	632	210
512	640	128	533	633	232
512	640	192	534	633	266
512	640	256	535	633	309
512	640	320	536	633	358
512	640	384	538	633	411
512	640	448	540	634	466
512	640	512	542	634	522
512	640	576	545	635	580
512	640	640	548	635	638
512	640	704	552	636	697
512	640	768	556	636	757
512	640	832	560	637	816
512	640	896	565	638	876
512	640	960	570	639	937
512	640	1023	576	640	996
512	704	0	550	694	222
512	704	64	550	694	228
512	704	128	550	694	247
512	704	192	551	694	280
512	704	256	552	694	321
512	704	320	553	695	368
512	704	384	555	695	419
512	704	448	557	695	473
512	704	512	559	696	529
512	704	576	562	696	585
512	704	640	565	697	643
512	704	704	569	697	702
512	704	768	573	698	761
512	704	832	577	698	820
512	704	896	581	699	880
512	704	960	586	700	940
512	704	1023	592	701	999
512	768	0	569	756	240
512	768	64	569	756	245
512	768	128	569	756	264
512	768	192	570	756	294
512	768	256	571	756	333
512	768	320	572	756	378
512	768	384	574	757	428
512	768	448	576	757	481
512	768	512	578	757	535
512	768	576	581	758	591
512	768	640	584	758	649
512	768	704	587	759	707
512	768	768	591	759	765
512	768	832	595	760	824
512	768	896	599	760	883
512	768	960	604	761	943
512	768	1023	609	762	1002
512	832	0	589	818	259
512	832	64	589	818	264
512	832	128	589	818	280
512	832	192	590	818	309
512	832	256	591	818	346
512	832	320	592	818	389
512	832	384	594	818	438
512	832	448	595	819	489
512	832	512	598	819	543
512	832	576	600	819	598
512	832	640	603	820	655
512	832	704	606	820	712
512	832	768	610	821	770
512	832	832	614	821	829
512	832	896	618	822	888
512	832	960	623	823	947
512	832	1023	627	823	1006
512	896	0	610	880	277
512	896	64	610	880	282
512	896	128	610	880	297
512	896	192	611	880	324
512	896	256	612	880	359
512	896	320	613	880	401
512	896	384	614	880	448
512	896	448	616	881	498
512	896	512	618	881	551
512	896	576	621	881	605
512	896	640	623	882	661
512	896	704	627	882	718
512	896	768	630	883	775
512	896	832	634	883	833
512	896	896	638	884	892
512	896	960	642	884	951
512	896	1023	647	885	1009
512	960	0	632	942	296
512	960	64	632	942	300
512	960	128	632	942	315
512	960	192	633	942	340
512	960	256	634	942	373
512	960	320	635	942	413
512	960	384	636	942	459
512	960	448	638	943	508
512	960	512	640	943	559
512	960	576	642	943	613
512	960	640	645	944	668
512	960	704	648	944	724
512	960	768	651	944	781
512	960	832	655	945	839
512	960	896	659	945	897
512	960	960	663	946	955
512	960	1023	668	947	1013
512	1023	0	654	1003	315
512	1023	64	654	1003	319
512	1023	128	655	1003	332
512	1023	192	655	1003	356
512	1023	256	656	1003	387
512	1023	320	657	1003	426
512	1023	384	658	1004	470
512	1023	448	660	1004	518
512	1023	512	662	1004	568
512	1023	576	664	1004	621
512	1023	640	667	1005	675
512	1023	704	670	1005	730
512	1023	768	673	1005	787
512	1023	832	676	1006	844
512	1023	896	680	1006	902
512	1023	960	684	1007	960
512	1023	1023	689	1007	1018
576	0	0	503	137	83
576	0	64	504	137	100
576	0	128	504	138	144
576	0	192	505	138	198
576	0	256	506	139	256
576	0	320	507	141	315
576	0	384	509	143	375
576	0	448	511	145	435
576	0	512	514	147	496
576	0	576	517	150	557
576	0	640	520	153	618
576	0	704	524	156	679
576	0	768	528	160	740
576	0	832	533	164	801
576	0	896	538	168	863
576	0	960	544	173	924
576	0	1023	549	178	984
576	64	0	504	148	84
576	64	64	504	148	101
576	64	128	504	148	145
576	64	192	505	149	199
576	64	256	506	150	256
576	64	320	508	151	315
576	64	384	510	153	375
576	64	448	512	155	436
576	64	512	514	157	496
576	64	576	517	160	557
576	64	640	521	162	618
576	64	704	525	166	679
576	64	768	529	169	740
576	64	832	534	173	801
576	64	896	539	177	863
576	64	960	544	181	924
576	64	1023	550	185	984
576	128	0	506	180	90
576	128	64	506	180	106
576	128	128	506	180	148
576	128	192	507	181	201
576	128	256	508	182	258
576	128	320	510	183	316
576	128	384	511	184	376
576	128	448	514	185	436
576	128	512	516	187	497
576	128	576	519	189	558
576	128	640	523	192	618
576	128	704	526	194	679
576	128	768	531	197	741
576	128	832	535	200	802
576	128	896	540	204	863
576	128	960	546	207	924
576	128	1023	551	211	984
576	192	0	509	226	98
576	192	64	509	226	113
576	192	128	510	226	153
576	192	192	510	226	204
576	192	256	511	227	260
576	192	320	513	228	318
576	192	384	515	229	378
576	192	448	517	230	438
576	192	512	519	231	498
576	192	576	522	233	559
576	192	640	526	235	619
576	192	704	530	237	680
576	192	768	534	239	741
576	192	832	538	242	802
576	192	896	543	244	864
576	192	960	549	247	925
576	192	1023	554	250	985
576	256	0	514	278	110
576	256	64	514	278	123
576	256	128	515	279	160
576	256	192	515	279	209
576	256	256	516	279	264
576	256	320	518	280	321
576	256	384	520	281	380
576	256	448	522	282	440
576	256	512	524	283	500
576	256	576	527	284	560
576	256	640	531	285	621
576	256	704	534	287	682
576	256	768	539	289	742
576	256	832	543	291	803
576	256	896	548	293	864
576	256	960	553	295	926
576	256	1023	559	298	986
576	320	0	521	335	123
576	320	64	521	335	135
576	320	128	521	335	169
576	320	192	522	335	216
576	320	256	523	335	269
576	320	320	525	336	325
576	320	384	526	337	383
576	320	448	528	337	442
576	320	512	531	338	502
576	320	576	534	339	562
576	320	640	537	340	623
576	320	704	541	342	683
576	320	768	545	343	744
576	320	832	549	345	805
576	320	896	554	347	866
576	320	960	560	348	927
576	320	1023	565	351	987
576	384	0	529	393	138
576	384	64	529	393	149
576	384	128	530	393	179
576	384	192	531	393	224
576	384	256	532	394	275
576	384	320	533	394	330
576	384	384	535	395	388
576	384	448	537	395	446
576	384	512	539	396	505
576	384	576	542	397	565
576	384	640	545	398	625
576	384	704	549	399	685
576	384	768	553	400	746
576	384	832	557	401	806
576	384	896	562	403	867
576	384	960	567	404	928
576	384	1023	573	406	988
576	448	0	539	453	154
576	448	64	540	453	163
576	448	128	540	453	192
576	448	192	541	453	233
576	448	256	542	453	283
576	448	320	543	453	336
576	448	384	545	454	392
576	448	448	547	454	450
576	448	512	549	455	509
576	448	576	552	456	568
576	448	640	555	457	628
576	448	704	559	457	688
576	448	768	563	459	748
576	448	832	567	460	808
576	448	896	572	461	869
576	448	960	577	462	930
576	448	1023	582	464	990
576	512	0	551	513	171
576	512	64	551	513	179
576	512	128	552	513	205
576	512	192	552	513	244
576	512	256	553	513	291
576	512	320	554	514	343
576	512	384	556	514	398
576	512	448	558	514	455
576	512	512	560	515	513
576	512	576	563	516	572
576	512	640	566	516	631
576	512	704	570	517	691
576	512	768	574	518	751
576	512	832	578	519	811
576	512	896	582	520	871
576	512	960	587	521	932
576	512	1023	593	522	992
576	576	0	564	574	189
576	576	64	564	574	196
576	576	128	565	574	219
576	576	192	565	574	256
576	576	256	566	574	301
576	576	320	567	574	351
576	576	384	569	575	405
576	576	448	571	575	461
576	576	512	573	575	518
576	576	576	576	576	576
576	576	640	579	577	635
576	576	704	582	577	694
576	576	768	586	578	754
576	576	832	590	579	814
576	576	896	595	580	874
576	576	960	600	581	934
576	576	1023	605	582	994
576	640	0	579	635	206
576	640	64	579	635	213
576	640	128	579	635	234
576	640	192	580	635	268
576	640	256	581	635	311
576	640	320	582	635	360
576	640	384	584	636	412
576	640	448	585	636	467
576	640	512	588	636	523
576	640	576	590	637	581
576	640	640	593	637	639
576	640	704	596	638	698
576	640	768	600	639	757
576	640	832	604	640	817
576	640	896	608	640	877
576	640	960	613	641	937
576	640	1023	618	642	996
576	704	0	595	696	224
576	704	64	595	696	230
576	704	128	595	696	250
576	704	192	596	696	282
576	704	256	597	696	322
576	704	320	598	697	369
576	704	384	599	697	420
576	704	448	601	697	474
576	704	512	603	698	530
576	704	576	606	698	586
576	704	640	609	699	644
576	704	704	612	699	702
576	704	768	615	700	761
576	704	832	619	700	821
576	704	896	624	701	880
576	704	960	628	702	940
576	704	1023	633	703	999
576	768	0	612	758	242
576	768	64	612	758	248
576	768	128	612	758	266
576	768	192	613	758	296
576	768	256	614	758	335
576	768	320	615	758	380
576	768	384	616	758	429
576	768	448	618	759	482
576	768	512	620	759	536
576	768	576	623	759	592
576	768	640	625	760	649
576	768	704	629	760	707
576	768	768	632	761	766
576	768	832	636	762	825
576	768	896	640	762	884
576	768	960	644	763	944
576	768	1023	649	764	1002
576	832	0	630	819	261
576	832	64	630	819	266
576	832	128	631	820	282
576	832	192	631	820	310
576	832	256	632	820	347
576	832	320	633	820	391
576	832	384	635	820	439
576	832	448	636	820	490
576	832	512	638	821	544
576	832	576	641	821	599
576	832	640	643	821	655
576	832	704	646	822	713
576	832	768	650	822	771
576	832	832	653	823	829
576	832	896	657	824	888
576	832	960	662	824	947
576	832	1023	666	825	1006
576	896	0	650	881	279
576	896	64	650	881	284
576	896	128	650	881	299
576	896	192	651	881	326
576	896	256	652	882	361
576	896	320	653	882	402
576	896	384	654	882	449
576	896	448	656	882	499
576	896	512	658	882	552
576	896	576	660	883	606
576	896	640	662	883	662
576	896	704	665	884	718
576	896	768	668	884	776
576	896	832	672	885	834
576	896	896	676	885	892
576	896	960	680	886	951
576	896	1023	684	886	1010
576	960	0	670	943	298
576	960	64	670	943	302
576	960	128	671	943	317
576	960	192	671	943	341
576	960	256	672	943	375
576	960	320	673	944	415
576	960	384	674	944	460
576	960	448	676	944	509
576	960	512	678	944	560
576	960	576	680	945	613
576	960	640	682	945	668
576	960	704	685	945	724
576	960	768	688	946	781
576	960	832	692	946	839
576	960	896	695	947	897
576	960	960	699	947	956
576	960	1023	704	948	1014
576	1023	0	691	1004	316
576	1023	64	691	1004	320
576	1023	128	692	1004	334
576	1023	192	692	1004	357
576	1023	256	693	1005	389
576	1023	320	694	1005	427
576	1023	384	695	1005	471
576	1023	448	697	1005	519
576	1023	512	698	1005	569
576	1023	576	701	1006	621
576	1023	640	703	1006	676
576	1023	704	706	1006	731
576	1023	768	709	1007	787
576	1023	832	712	1007	845
576	1023	896	715	1008	902
576	1023	960	719	1008	961
576	1023	1023	723	1009	1018
640	0	0	559	152	92
640	0	64	559	153	108
640	0	128	560	153	149
640	0	192	560	154	202
640	0	256	561	154	258
640	0	320	563	156	317
640	0	384	564	157	376
640	0	448	566	159	437
640	0	512	569	161	497
640	0	576	571	164	558
640	0	640	574	167	619
640	0	704	578	170	680
640	0	768	582	173	741
640	0	832	586	177	802
640	0	896	590	181	863
640	0	960	595	185	924
640	0	1023	600	189	985
640	64	0	560	162	93
640	64	64	560	162	109
640	64	128	560	162	150
640	64	192	561	163	202
640	64	256	562	164	259
640	64	320	563	165	317
640	64	384	565	166	377
640	64	448	567	168	437
640	64	512	569	170	497
640	64	576	572	172	558
640	64	640	575	175	619
640	64	704	578	178	680
640	64	768	582	181	741
640	64	832	586	185	802
640	64	896	591	188	863
640	64	960	595	192	924
640	64	1023	601	196	985
640	128	0	561	191	98
640	128	64	562	191	113
640	128	128	562	192	153
640	128	192	563	192	204
640	128	256	563	193	260
640	128	320	565	194	318
640	128	384	566	195	378
640	128	448	568	196	438
640	128	512	571	198	498
640	128	576	573	200	559
640	128	640	576	202	619
640	128	704	580	205	680
640	128	768	584	207	741
640	128	832	588	210	802
640	128	896	592	213	864
640	128	960	597	217	925
640	128	1023	602	220	985
640	192	0	564	234	106
640	192	64	565	234	119
640	192	128	565	235	157
640	192	192	566	235	207
640	192	256	566	236	263
640	192	320	568	236	320
640	192	384	569	237	379
640	192	448	571	238	439
640	192	512	574	240	499
640	192	576	576	241	560
640	192	640	579	243	620
640	192	704	583	245	681
640	192	768	586	247	742
640	192	832	590	250	803
640	192	896	595	252	864
640	192	960	600	255	925
640	192	1023	605	258	985
640	256	0	569	285	117
640	256	64	569	285	129
640	256	128	569	285	164
640	256	192	570	286	212
640	256	256	571	286	266
640	256	320	572	287	323
640	256	384	574	287	382
640	256	448	576	288	441
640	256	512	578	289	501
640	256	576	581	291	561
640	256	640	584	292	622
640	256	704	587	294	682
640	256	768	591	295	743
640	256	832	595	297	804
640	256	896	599	300	865
640	256	960	604	302	926
640	256	1023	609	304	986
640	320	0	575	340	129
640	320	64	575	340	140
640	320	128	575	340	173
640	320	192	576	341	219
640	320	256	577	341	271
640	320	320	578	341	327
640	320	384	580	342	385
640	320	448	582	343	444
640	320	512	584	344	503
640	320	576	586	345	563
640	320	640	589	346	623
640	320	704	593	347	684
640	320	768	596	349	745
640	320	832	600	350	805
640	320	896	605	352	866
640	320	960	609	354	927
640	320	1023	614	356	987
640	384	0	582	398	144
640	384	64	582	398	153
640	384	128	583	398	183
640	384	192	583	398	227
640	384	256	584	398	278
640	384	320	586	399	332
640	384	384	587	399	389
640	384	448	589	400	447
640	384	512	591	400	506
640	384	576	594	401	566
640	384	640	597	402	626
640	384	704	600	403	686
640	384	768	604	405	746
640	384	832	607	406	807
640	384	896	612	407	868
640	384	960	616	409	929
640	384	1023	621	411	989
640	448	0	591	456	159
640	448	64	591	456	168
640	448	128	592	456	195
640	448	192	592	457	236
640	448	256	593	457	285
640	448	320	594	457	338
640	448	384	596	458	394
640	448	448	598	458	451
640	448	512	600	459	510
640	448	576	602	460	569
640	448	640	605	460	629
640	448	704	609	461	688
640	448	768	612	462	749
640	448	832	616	463	809
640	448	896	620	465	870
640	448	960	625	466	930
640	448	1023	630	467	990
640	512	0	602	516	175
640	512	64	602	516	183
640	512	128	602	516	208
640	512	192	603	516	247
640	512	256	604	517	293
640	512	320	605	517	345
640	512	384	606	517	400
640	512	448	608	518	456
640	512	512	610	518	514
640	512	576	613	519	573
640	512	640	616	520	632
640	512	704	619	520	691
640	512	768	622	521	751
640	512	832	626	522	812
640	512	896	630	523	872
640	512	960	635	524	932
640	512	1023	639	526	992
640	576	0	614	577	192
640	576	64	614	577	199
640	576	128	614	577	222
640	576	192	615	577	258
640	576	256	615	577	303
640	576	320	617	577	353
640	576	384	618	577	406
640	576	448	620	578	462
640	576	512	622	578	519
640	576	576	624	579	577
640	576	640	627	580	636
640	576	704	630	580	695
640	576	768	634	581	755
640	576	832	637	582	814
640	576	896	641	583	875
640	576	960	646	584	935
640	576	1023	650	585	994
640	640	0	627	637	210
640	640	64	627	637	216
640	640	128	627	637	237
640	640	192	628	638	271
640	640	256	629	638	313
640	640	320	630	638	362
640	640	384	631	638	414
640	640	448	633	639	468
640	640	512	635	639	524
640	640	576	637	639	582
640	640	640	640	640	640
640	640	704	643	641	699
640	640	768	646	641	758
640	640	832	650	642	818
640	640	896	654	643	878
640	640	960	658	644	938
640	640	1023	663	645	997
640	704	0	641	698	227
640	704	64	642	698	233
640	704	128	642	699	252
640	704	192	642	699	284
640	704	256	643	699	324
640	704	320	644	699	371
640	704	384	646	699	422
640	704	448	647	700	475
640	704	512	649	700	531
640	704	576	652	700	587
640	704	640	654	701	645
640	704	704	657	701	703
640	704	768	660	702	762
640	704	832	664	703	821
640	704	896	668	703	881
640	704	960	672	704	941
640	704	1023	676	705	1000
640	768	0	657	760	245
640	768	64	657	760	250
640	768	128	658	760	268
640	768	192	658	760	298
640	768	256	659	760	336
640	768	320	660	760	381
640	768	384	661	761	431
640	768	448	663	761	483
640	768	512	665	761	537
640	768	576	667	762	593
640	768	640	670	762	650
640	768	704	672	763	708
640	768	768	676	763	766
640	768	832	679	764	825
640	768	896	683	764	885
640	768	960	687	765	944
640	768	1023	691	766	1003
640	832	0	674	821	263
640	832	64	674	821	268
640	832	128	675	821	285
640	832	192	675	822	312
640	832	256	676	822	349
640	832	320	677	822	392
640	832	384	678	822	440
640	832	448	680	822	491
640	832	512	682	823	545
640	832	576	684	823	600
640	832	640	686	823	656
640	832	704	689	824	713
640	832	768	692	824	771
640	832	832	695	825	830
640	832	896	699	826	889
640	832	960	703	826	948
640	832	1023	707	827	1006
640	896	0	692	883	282
640	896	64	692	883	286
640	896	128	692	883	301
640	896	192	693	883	327
640	896	256	694	883	362
640	896	320	695	883	404
640	896	384	696	884	450
640	896	448	697	884	500
640	896	512	699	884	553
640	896	576	701	885	607
640	896	640	704	885	662
640	896	704	706	885	719
640	896	768	709	886	776
640	896	832	713	886	834
640	896	896	716	887	893
640	896	960	720	887	952
640	896	1023	724	888	1010
640	960	0	711	945	300
640	960	64	711	945	304
640	960	128	711	945	319
640	960	192	712	945	343
640	960	256	713	945	376
640	960	320	714	945	416
640	960	384	715	945	461
640	960	448	716	946	510
640	960	512	718	946	561
640	960	576	720	946	614
640	960	640	722	947	669
640	960	704	725	947	725
640	960	768	728	947	782
640	960	832	731	948	840
640	960	896	735	948	898
640	960	960	738	949	956
640	960	1023	742	950	1014
640	1023	0	731	1006	318
640	1023	64	731	1006	322
640	1023	128	731	1006	336
640	1023	192	731	1006	359
640	1023	256	732	1006	390
640	1023	320	733	1006	429
640	1023	384	734	1006	472
640	1023	448	736	1007	520
640	1023	512	737	1007	570
640	1023	576	739	1007	622
640	1023	640	742	1007	676
640	1023	704	744	1008	732
640	1023	768	747	1008	788
640	1023	832	750	1009	845
640	1023	896	753	1009	903
640	1023	960	757	1010	961
640	1023	1023	761	1010	1019
704	0	0	615	168	101
704	0	64	615	168	115
704	0	128	616	168	154
704	0	192	616	169	205
704	0	256	617	170	261
704	0	320	618	171	319
704	0	384	620	172	378
704	0	448	621	174	438
704	0	512	624	176	498
704	0	576	626	178	559
704	0	640	629	180	620
704	0	704	632	183	681
704	0	768	635	186	742
704	0	832	639	190	803
704	0	896	643	193	864
704	0	960	647	197	925
704	0	1023	652	201	985
704	64	0	616	176	102
704	64	64	616	176	116
704	64	128	616	177	155
704	64	192	617	177	206
704	64	256	618	178	261
704	64	320	619	179	319
704	64	384	620	180	379
704	64	448	622	182	438
704	64	512	624	184	499
704	64	576	626	186	559
704	64	640	629	188	620
704	64	704	632	191	681
704	64	768	636	194	742
704	64	832	639	197	803
704	64	896	643	200	864
704	64	960	648	204	925
704	64	1023	652	208	985
704	128	0	617	203	107
704	128	64	617	203	120
704	128	128	618	203	158
704	128	192	618	204	208
704	128	256	619	204	263
704	128	320	620	205	320
704	128	384	622	206	379
704	128	448	623	208	439
704	128	512	625	209	499
704	128	576	628	211	560
704	128	640	630	213	620
704	128	704	634	216	681
704	128	768	637	218	742
704	128	832	641	221	803
704	128	896	645	224	864
704	128	960	649	227	925
704	128	1023	654	231	986
704	192	0	620	244	114
704	192	64	620	244	126
704	192	128	620	244	162
704	192	192	621	244	211
704	192	256	622	245	265
704	192	320	623	246	322
704	192	384	624	247	381
704	192	448	626	248	440
704	192	512	628	249	500
704	192	576	630	250	561
704	192	640	633	252	621
704	192	704	636	254	682
704	192	768	640	256	743
704	192	832	643	258	804
704	192	896	647	261	865
704	192	960	652	264	926
704	192	1023	656	266	986
704	256	0	624	293	124
704	256	64	624	293	135
704	256	128	624	293	169
704	256	192	625	293	216
704	256	256	626	294	269
704	256	320	627	294	325
704	256	384	628	295	383
704	256	448	630	296	442
704	256	512	632	297	502
704	256	576	634	298	562
704	256	640	637	299	623
704	256	704	640	301	683
704	256	768	643	303	744
704	256	832	647	305	805
704	256	896	651	307	866
704	256	960	655	309	927
704	256	1023	660	311	987
704	320	0	629	346	136
704	320	64	629	346	146
704	320	128	630	346	177
704	320	192	630	347	222
704	320	256	631	347	274
704	320	320	632	348	329
704	320	384	633	348	387
704	320	448	635	349	445
704	320	512	637	350	505
704	320	576	640	351	564
704	320	640	642	352	624
704	320	704	645	353	685
704	320	768	649	355	745
704	320	832	652	356	806
704	320	896	656	358	867
704	320	960	660	360	928
704	320	1023	665	362	988
704	384	0	636	403	149
704	384	64	636	403	158
704	384	128	636	403	187
704	384	192	637	403	230
704	384	256	638	403	280
704	384	320	639	404	334
704	384	384	640	404	391
704	384	448	642	405	449
704	384	512	644	405	507
704	384	576	646	406	567
704	384	640	649	407	627
704	384	704	652	408	687
704	384	768	655	410	747
704	384	832	659	411	808
704	384	896	663	412	868
704	384	960	667	414	929
704	384	1023	671	415	989
704	448	0	644	461	164
704	448	64	644	461	172
704	448	128	644	461	199
704	448	192	645	461	239
704	448	256	646	461	287
704	448	320	647	462	340
704	448	384	648	462	396
704	448	448	650	462	453
704	448	512	652	463	511
704	448	576	654	464	570
704	448	640	657	465	630
704	448	704	660	466	689
704	448	768	663	467	750
704	448	832	666	468	810
704	448	896	670	469	870
704	448	960	674	470	931
704	448	1023	679	472	991
704	512	0	653	520	180
704	512	64	654	520	187
704	512	128	654	520	212
704	512	192	654	520	249
704	512	256	655	520	296
704	512	320	656	521	347
704	512	384	658	521	401
704	512	448	659	521	458
704	512	512	661	522	515
704	512	576	663	523	574
704	512	640	666	523	633
704	512	704	669	524	692
704	512	768	672	525	752
704	512	832	675	526	812
704	512	896	679	527	873
704	512	960	683	528	933
704	512	1023	688	529	993
704	576	0	664	580	196
704	576	64	664	580	203
704	576	128	665	580	225
704	576	192	665	580	261
704	576	256	666	580	305
704	576	320	667	580	355
704	576	384	668	581	408
704	576	448	670	581	463
704	576	512	672	582	520
704	576	576	674	582	578
704	576	640	676	583	637
704	576	704	679	583	696
704	576	768	682	584	755
704	576	832	686	585	815
704	576	896	690	586	875
704	576	960	694	587	935
704	576	1023	698	588	995
704	640	0	676	640	213
704	640	64	676	640	219
704	640	128	677	640	240
704	640	192	677	640	273
704	640	256	678	641	315
704	640	320	679	641	363
704	640	384	680	641	415
704	640	448	682	641	470
704	640	512	684	642	526
704	640	576	686	642	583
704	640	640	688	643	641
704	640	704	691	644	700
704	640	768	694	644	759
704	640	832	697	645	818
704	640	896	701	646	878
704	640	960	705	647	938
704	640	1023	709	648	998
704	704	0	690	701	230
704	704	64	690	701	236
704	704	128	690	701	255
704	704	192	690	701	286
704	704	256	691	701	327
704	704	320	692	702	373
704	704	384	693	702	423
704	704	448	695	702	477
704	704	512	697	703	532
704	704	576	699	703	588
704	704	640	701	703	646
704	704	704	704	704	704
704	704	768	707	705	763
704	704	832	710	705	822
704	704	896	714	706	881
704	704	960	718	707	941
704	704	1023	722	708	1000
704	768	0	704	762	248
704	768	64	704	762	253
704	768	128	704	762	271
704	768	192	705	762	300
704	768	256	706	762	338
704	768	320	707	763	383
704	768	384	708	763	432
704	768	448	709	763	484
704	768	512	711	764	539
704	768	576	713	764	594
704	768	640	716	764	651
704	768	704	718	765	709
704	768	768	721	765	767
704	768	832	724	766	826
704	768	896	728	767	885
704	768	960	732	767	945
704	768	1023	736	768	1004
704	832	0	720	824	266
704	832	64	720	824	271
704	832	128	720	824	287
704	832	192	721	824	315
704	832	256	721	824	351
704	832	320	722	824	394
704	832	384	723	824	442
704	832	448	725	824	493
704	832	512	727	825	546
704	832	576	729	825	601
704	832	640	731	825	657
704	832	704	733	826	714
704	832	768	736	826	772
704	832	832	739	827	830
704	832	896	743	828	889
704	832	960	746	828	948
704	832	1023	750	829	1007
704	896	0	736	885	284
704	896	64	736	885	289
704	896	128	737	885	304
704	896	192	737	885	330
704	896	256	738	885	364
704	896	320	739	885	406
704	896	384	740	886	452
704	896	448	741	886	501
704	896	512	743	886	554
704	896	576	745	886	608
704	896	640	747	887	663
704	896	704	750	887	720
704	896	768	752	888	777
704	896	832	756	888	835
704	896	896	759	889	894
704	896	960	762	889	953
704	896	1023	766	890	1011
704	960	0	754	947	302
704	960	64	754	947	307
704	960	128	754	947	321
704	960	192	755	947	345
704	960	256	755	947	378
704	960	320	756	947	418
704	960	384	757	947	463
704	960	448	759	947	511
704	960	512	760	948	562
704	960	576	762	948	615
704	960	640	765	948	670
704	960	704	767	949	726
704	960	768	770	949	783
704	960	832	773	950	840
704	960	896	776	950	898
704	960	960	779	951	957
704	960	1023	783	951	1015
704	1023	0	772	1007	321
704	1023	64	772	1007	324
704	1023	128	773	1008	338
704	1023	192	773	1008	361
704	1023	256	774	1008	392
704	1023	320	775	1008	430
704	1023	384	776	1008	474
704	1023	448	777	1008	521
704	1023	512	779	1008	571
704	1023	576	780	1009	623
704	1023	640	783	1009	677
704	1023	704	785	1009	733
704	1023	768	788	1010	789
704	1023	832	790	1010	846
704	1023	896	794	1011	903
704	1023	960	797	1011	962
704	1023	1023	801	1012	1019
768	0	0	671	183	110
768	0	64	671	183	123
768	0	128	672	183	160
768	0	192	672	184	209
768	0	256	673	185	264
768	0	320	674	186	322
768	0	384	675	187	380
768	0	448	677	188	440
768	0	512	679	190	500
768	0	576	681	192	560
768	0	640	683	195	621
768	0	704	686	197	682
768	0	768	689	200	742
768	0	832	693	203	803
768	0	896	696	206	865
768	0	960	700	210	926
768	0	1023	704	214	986
768	64	0	672	191	112
768	64	64	672	191	124
768	64	128	672	191	161
768	64	192	672	191	210
768	64	256	673	192	265
768	64	320	674	193	322
768	64	384	676	194	381
768	64	448	677	196	440
768	64	512	679	197	500
768	64	576	681	199	560
768	64	640	684	202	621
768	64	704	686	204	682
768	64	768	690	207	743
768	64	832	693	210	804
768	64	896	697	213	865
768	64	960	701	216	926
768	64	1023	705	220	986
768	128	0	673	215	115
768	128	64	673	215	128
768	128	128	673	216	163
768	128	192	674	216	212
768	128	256	675	217	266
768	128	320	676	218	323
768	128	384	677	219	381
768	128	448	678	220	441
768	128	512	680	221	501
768	128	576	682	223	561
768	128	640	685	225	621
768	128	704	688	227	682
768	128	768	691	230	743
768	128	832	694	232	804
768	128	896	698	235	865
768	128	960	702	238	926
768	128	1023	706	241	986
768	192	0	675	254	122
768	192	64	675	254	134
768	192	128	676	254	168
768	192	192	676	254	215
768	192	256	677	255	268
768	192	320	678	256	325
768	192	384	679	256	383
768	192	448	681	257	442
768	192	512	683	259	502
768	192	576	685	260	562
768	192	640	687	262	622
768	192	704	690	264	683
768	192	768	693	266	744
768	192	832	697	268	805
768	192	896	700	270	866
768	192	960	704	273	927
768	192	1023	708	275	987
768	256	0	679	301	131
768	256	64	679	301	142
768	256	128	679	301	174
768	256	192	680	301	220
768	256	256	681	302	272
768	256	320	682	302	328
768	256	384	683	303	385
768	256	448	684	304	444
768	256	512	686	305	504
768	256	576	688	306	563
768	256	640	691	307	624
768	256	704	694	309	684
768	256	768	697	310	745
768	256	832	700	312	806
768	256	896	704	314	866
768	256	960	708	316	927
768	256	1023	712	319	987
768	320	0	684	353	142
768	320	64	684	353	152
768	320	128	684	353	182
768	320	192	685	353	226
768	320	256	685	354	277
768	320	320	686	354	332
768	320	384	688	355	389
768	320	448	689	355	447
768	320	512	691	356	506
768	320	576	693	357	566
768	320	640	696	358	626
768	320	704	698	360	686
768	320	768	701	361	746
768	320	832	705	363	807
768	320	896	708	364	868
768	320	960	712	366	929
768	320	1023	716	368	989
768	384	0	690	408	155
768	384	64	690	408	164
768	384	128	690	408	192
768	384	192	691	409	234
768	384	256	691	409	283
768	384	320	692	409	337
768	384	384	694	410	393
768	384	448	695	410	450
768	384	512	697	411	509
768	384	576	699	412	568
768	384	640	702	413	628
768	384	704	704	414	688
768	384	768	707	415	748
768	384	832	711	416	809
768	384	896	714	418	869
768	384	960	718	419	930
768	384	1023	722	421	990
768	448	0	697	465	169
768	448	64	697	465	177
768	448	128	698	466	203
768	448	192	698	466	243
768	448	256	699	466	290
768	448	320	700	466	342
768	448	384	701	467	398
768	448	448	703	467	454
768	448	512	704	468	512
768	448	576	706	469	571
768	448	640	709	469	631
768	448	704	711	470	690
768	448	768	714	471	750
768	448	832	718	472	811
768	448	896	721	474	871
768	448	960	725	475	932
768	448	1023	729	476	991
768	512	0	706	524	185
768	512	64	706	524	192
768	512	128	706	524	216
768	512	192	707	524	253
768	512	256	707	524	298
768	512	320	708	525	349
768	512	384	710	525	403
768	512	448	711	526	459
768	512	512	713	526	517
768	512	576	715	527	575
768	512	640	717	527	634
768	512	704	720	528	693
768	512	768	723	529	753
768	512	832	726	530	813
768	512	896	729	531	873
768	512	960	733	532	934
768	512	1023	737	533	993
768	576	0	716	583	201
768	576	64	716	583	207
768	576	128	716	583	229
768	576	192	716	584	264
768	576	256	717	584	308
768	576	320	718	584	357
768	576	384	719	584	410
768	576	448	721	585	465
768	576	512	723	585	522
768	576	576	725	586	579
768	576	640	727	586	638
768	576	704	729	587	697
768	576	768	732	588	756
768	576	832	735	589	816
768	576	896	739	590	876
768	576	960	743	591	936
768	576	1023	747	592	996
768	640	0	727	643	217
768	640	64	727	643	223
768	640	128	727	644	243
768	640	192	728	644	276
768	640	256	728	644	318
768	640	320	729	644	366
768	640	384	730	644	417
768	640	448	732	645	471
768	640	512	733	645	527
768	640	576	735	646	584
768	640	640	738	646	642
768	640	704	740	647	701
768	640	768	743	647	760
768	640	832	746	648	819
768	640	896	750	649	879
768	640	960	753	650	939
768	640	1023	757	651	998
768	704	0	739	704	234
768	704	64	739	704	240
768	704	128	739	704	258
768	704	192	740	704	289
768	704	256	740	704	329
768	704	320	741	704	375
768	704	384	742	705	425
768	704	448	744	705	478
768	704	512	746	705	533
768	704	576	748	706	589
768	704	640	750	706	647
768	704	704	752	707	705
768	704	768	755	707	764
768	704	832	758	708	823
768	704	896	761	709	882
768	704	960	765	710	942
768	704	1023	769	711	1001
768	768	0	752	765	251
768	768	64	752	765	257
768	768	128	753	765	274
768	768	192	753	765	303
768	768	256	754	765	341
768	768	320	755	765	385
768	768	384	756	765	434
768	768	448	757	766	486
768	768	512	759	766	540
768	768	576	761	766	595
768	768	640	763	767	652
768	768	704	765	767	710
768	768	768	768	768	768
768	768	832	771	769	827
768	768	896	774	769	886
768	768	960	778	770	945
768	768	1023	781	771	1004
768	832	0	767	826	269
768	832	64	767	826	274
768	832	128	767	826	290
768	832	192	767	826	317
768	832	256	768	826	353
768	832	320	769	826	396
768	832	384	770	827	443
768	832	448	771	827	494
768	832	512	773	827	547
768	832	576	775	827	602
768	832	640	777	828	658
768	832	704	779	828	715
768	832	768	782	829	773
768	832	832	785	829	831
768	832	896	788	830	890
768	832	960	792	831	949
768	832	1023	795	831	1008
768	896	0	782	887	287
768	896	64	782	887	291
768	896	128	783	887	306
768	896	192	783	887	332
768	896	256	784	887	366
768	896	320	784	888	407
768	896	384	786	888	453
768	896	448	787	888	503
768	896	512	788	888	555
768	896	576	790	889	609
768	896	640	792	889	664
768	896	704	795	889	721
768	896	768	797	890	778
768	896	832	800	890	836
768	896	896	803	891	894
768	896	960	807	892	953
768	896	1023	810	892	1011
768	960	0	799	949	305
768	960	64	799	949	309
768	960	128	799	949	323
768	960	192	799	949	347
768	960	256	800	949	380
768	960	320	801	949	420
768	960	384	802	949	464
768	960	448	803	949	512
768	960	512	805	950	563
768	960	576	806	950	616
768	960	640	808	950	671
768	960	704	811	951	727
768	960	768	813	951	784
768	960	832	816	952	841
768	960	896	819	952	899
768	960	960	822	953	958
768	960	1023	826	953	1016
768	1023	0	816	1009	323
768	1023	64	816	1009	327
768	1023	128	816	1009	340
768	1023	192	816	1009	363
768	1023	256	817	1010	394
768	1023	320	818	1010	432
768	1023	384	819	1010	475
768	1023	448	820	1010	522
768	1023	512	822	1010	572
768	1023	576	823	1011	624
768	1023	640	825	1011	678
768	1023	704	828	1011	733
768	1023	768	830	1012	790
768	1023	832	833	1012	847
768	1023	896	836	1013	904
768	1023	960	839	1013	962
768	1023	1023	842	1014	1020
832	0	0	727	198	120
832	0	64	727	198	132
832	0	128	728	199	166
832	0	192	728	199	214
832	0	256	729	200	268
832	0	320	730	201	324
832	0	384	731	202	382
832	0	448	732	203	442
832	0	512	734	205	501
832	0	576	736	207	562
832	0	640	738	209	622
832	0	704	741	211	683
832	0	768	744	214	743
832	0	832	747	217	804
832	0	896	750	220	865
832	0	960	754	223	926
832	0	1023	758	226	987
832	64	0	728	205	121
832	64	64	728	205	132
832	64	128	728	206	167
832	64	192	728	206	214
832	64	256	729	207	268
832	64	320	730	207	325
832	64	384	731	209	383
832	64	448	733	210	442
832	64	512	734	211	502
832	64	576	736	213	562
832	64	640	738	215	622
832	64	704	741	218	683
832	64	768	744	220	744
832	64	832	747	223	804
832	64	896	750	226	865
832	64	960	754	229	926
832	64	1023	758	232	987
832	128	0	729	228	124
832	128	64	729	228	135
832	128	128	729	228	169
832	128	192	729	229	216
832	128	256	730	229	269
832	128	320	731	230	326
832	128	384	732	231	384
832	128	448	734	232	443
832	128	512	735	234	502
832	128	576	737	235	562
832	128	640	740	237	623
832	128	704	742	239	683
832	128	768	745	241	744
832	128	832	748	244	805
832	128	896	751	247	866
832	128	960	755	249	927
832	128	1023	759	252	987
832	192	0	731	264	130
832	192	64	731	264	141
832	192	128	731	265	173
832	192	192	732	265	219
832	192	256	732	265	272
832	192	320	733	266	328
832	192	384	734	267	385
832	192	448	736	268	444
832	192	512	738	269	503
832	192	576	740	270	563
832	192	640	742	272	624
832	192	704	744	274	684
832	192	768	747	276	745
832	192	832	750	278	805
832	192	896	754	280	866
832	192	960	757	282	927
832	192	1023	761	285	987
832	256	0	734	309	139
832	256	64	734	310	149
832	256	128	735	310	180
832	256	192	735	310	224
832	256	256	736	310	275
832	256	320	737	311	330
832	256	384	738	312	388
832	256	448	739	312	446
832	256	512	741	313	505
832	256	576	743	314	565
832	256	640	745	316	625
832	256	704	748	317	685
832	256	768	750	319	746
832	256	832	753	321	806
832	256	896	757	323	867
832	256	960	760	325	928
832	256	1023	764	327	988
832	320	0	739	360	149
832	320	64	739	360	158
832	320	128	739	360	187
832	320	192	739	361	230
832	320	256	740	361	280
832	320	320	741	361	334
832	320	384	742	362	391
832	320	448	744	363	449
832	320	512	745	363	507
832	320	576	747	364	567
832	320	640	749	365	627
832	320	704	752	367	687
832	320	768	755	368	747
832	320	832	758	369	808
832	320	896	761	371	868
832	320	960	765	373	929
832	320	1023	768	375	989
832	384	0	744	414	161
832	384	64	744	414	170
832	384	128	744	414	197
832	384	192	745	415	238
832	384	256	746	415	286
832	384	320	746	415	339
832	384	384	748	416	395
832	384	448	749	416	452
832	384	512	751	417	510
832	384	576	753	418	569
832	384	640	755	419	629
832	384	704	757	420	689
832	384	768	760	421	749
832	384	832	763	422	809
832	384	896	766	424	870
832	384	960	770	425	931
832	384	1023	774	427	991
832	448	0	751	471	175
832	448	64	751	471	183
832	448	128	751	471	208
832	448	192	752	471	246
832	448	256	752	471	293
832	448	320	753	471	345
832	448	384	754	472	400
832	448	448	756	472	456
832	448	512	757	473	514
832	448	576	759	474	573
832	448	640	761	474	632
832	448	704	764	475	691
832	448	768	767	476	751
832	448	832	770	477	812
832	448	896	773	479	872
832	448	960	776	480	932
832	448	1023	780	481	992
832	512	0	759	528	190
832	512	64	759	529	197
832	512	128	759	529	220
832	512	192	759	529	256
832	512	256	760	529	301
832	512	320	761	529	352
832	512	384	762	530	405
832	512	448	764	530	461
832	512	512	765	531	518
832	512	576	767	531	576
832	512	640	769	532	635
832	512	704	772	533	694
832	512	768	774	533	754
832	512	832	777	534	814
832	512	896	780	535	874
832	512	960	784	537	935
832	512	1023	788	538	994
832	576	0	768	587	205
832	576	64	768	587	212
832	576	128	768	587	233
832	576	192	769	588	267
832	576	256	769	588	310
832	576	320	770	588	359
832	576	384	771	588	412
832	576	448	773	589	467
832	576	512	774	589	523
832	576	576	776	590	581
832	576	640	778	590	639
832	576	704	780	591	698
832	576	768	783	592	757
832	576	832	786	593	817
832	576	896	789	594	877
832	576	960	793	595	937
832	576	1023	796	596	996
832	640	0	778	647	221
832	640	64	778	647	227
832	640	128	778	647	247
832	640	192	779	647	279
832	640	256	779	647	321
832	640	320	780	648	368
832	640	384	781	648	419
832	640	448	783	648	473
832	640	512	784	649	528
832	640	576	786	649	585
832	640	640	788	650	643
832	640	704	790	650	702
832	640	768	793	651	761
832	640	832	796	652	820
832	640	896	799	652	880
832	640	960	802	653	940
832	640	1023	806	654	999
832	704	0	789	707	238
832	704	64	789	707	243
832	704	128	790	707	262
832	704	192	790	707	292
832	704	256	791	707	331
832	704	320	791	708	377
832	704	384	792	708	427
832	704	448	794	708	480
832	704	512	795	709	535
832	704	576	797	709	591
832	704	640	799	709	648
832	704	704	802	710	706
832	704	768	804	711	765
832	704	832	807	711	824
832	704	896	810	712	883
832	704	960	813	713	943
832	704	1023	817	714	1002
832	768	0	802	768	255
832	768	64	802	768	260
832	768	128	802	768	277
832	768	192	802	768	306
832	768	256	803	768	343
832	768	320	804	768	387
832	768	384	805	768	436
832	768	448	806	769	487
832	768	512	808	769	541
832	768	576	809	769	597
832	768	640	811	770	653
832	768	704	814	770	711
832	768	768	816	771	769
832	768	832	819	771	828
832	768	896	822	772	887
832	768	960	825	773	946
832	768	1023	829	774	1005
832	832	0	815	829	272
832	832	64	815	829	277
832	832	128	815	829	293
832	832	192	816	829	320
832	832	256	816	829	356
832	832	320	817	829	398
832	832	384	818	829	445
832	832	448	819	829	496
832	832	512	821	830	549
832	832	576	823	830	603
832	832	640	825	830	659
832	832	704	827	831	716
832	832	768	829	831	774
832	832	832	832	832	832
832	832	896	835	833	891
832	832	960	838	833	950
832	832	1023	842	834	1008
832	896	0	829	890	290
832	896	64	829	890	294
832	896	128	830	890	309
832	896	192	830	890	335
832	896	256	831	890	369
832	896	320	831	890	409
832	896	384	832	890	455
832	896	448	834	890	504
832	896	512	835	891	556
832	896	576	837	891	610
832	896	640	839	891	665
832	896	704	841	892	722
832	896	768	843	892	779
832	896	832	846	893	837
832	896	896	849	893	895
832	896	960	852	894	954
832	896	1023	855	895	1012
832	960	0	845	951	308
832	960	64	845	951	312
832	960	128	845	951	326
832	960	192	845	951	350
832	960	256	846	951	382
832	960	320	847	951	421
832	960	384	848	951	466
832	960	448	849	952	514
832	960	512	850	952	565
832	960	576	852	952	618
832	960	640	854	953	672
832	960	704	856	953	728
832	960	768	858	953	785
832	960	832	861	954	842
832	960	896	864	954	900
832	960	960	867	955	958
832	960	1023	870	956	1016
832	1023	0	861	1011	326
832	1023	64	861	1011	329
832	1023	128	861	1011	342
832	1023	192	861	1012	365
832	1023	256	862	1012	396
832	1023	320	863	1012	434
832	1023	384	864	1012	477
832	1023	448	865	1012	524
832	1023	512	866	1012	574
832	1023	576	868	1013	626
832	1023	640	870	1013	679
832	1023	704	872	1013	734
832	1023	768	874	1014	791
832	1023	832	877	1014	847
832	1023	896	879	1015	905
832	1023	960	883	1015	963
832	1023	1023	886	1016	1021
896	0	0	783	213	129
896	0	64	783	214	140
896	0	128	783	214	173
896	0	192	784	214	219
896	0	256	784	215	271
896	0	320	785	216	327
896	0	384	786	217	385
896	0	448	788	218	444
896	0	512	789	219	503
896	0	576	791	221	563
896	0	640	793	223	623
896	0	704	796	225	684
896	0	768	798	228	745
896	0	832	801	230	805
896	0	896	804	233	866
896	0	960	807	236	927
896	0	1023	811	240	987
896	64	0	783	220	130
896	64	64	783	220	141
896	64	128	784	220	173
896	64	192	784	221	219
896	64	256	785	221	272
896	64	320	786	222	327
896	64	384	787	223	385
896	64	448	788	224	444
896	64	512	790	226	503
896	64	576	791	227	563
896	64	640	793	229	624
896	64	704	796	231	684
896	64	768	798	234	745
896	64	832	801	236	805
896	64	896	804	239	866
896	64	960	808	242	927
896	64	1023	811	245	987
896	128	0	785	241	133
896	128	64	785	241	144
896	128	128	785	241	175
896	128	192	785	242	221
896	128	256	786	242	273
896	128	320	787	243	328
896	128	384	788	244	386
896	128	448	789	245	445
896	128	512	791	246	504
896	128	576	792	248	564
896	128	640	795	250	624
896	128	704	797	252	684
896	128	768	799	254	745
896	128	832	802	256	806
896	128	896	805	258	867
896	128	960	809	261	928
896	128	1023	812	264	988
896	192	0	787	275	139
896	192	64	787	275	149
896	192	128	787	276	180
896	192	192	787	276	224
896	192	256	788	276	275
896	192	320	789	277	330
896	192	384	790	278	388
896	192	448	791	279	446
896	192	512	793	280	505
896	192	576	794	281	565
896	192	640	797	283	625
896	192	704	799	284	685
896	192	768	801	286	746
896	192	832	804	288	806
896	192	896	807	290	867
896	192	960	811	293	928
896	192	1023	814	295	988
896	256	0	790	319	146
896	256	64	790	319	156
896	256	128	790	319	185
896	256	192	790	319	228
896	256	256	791	319	279
896	256	320	792	320	333
896	256	384	793	321	390
896	256	448	794	321	448
896	256	512	796	322	507
896	256	576	797	324	566
896	256	640	800	325	626
896	256	704	802	326	686
896	256	768	804	328	747
896	256	832	807	329	807
896	256	896	810	331	868
896	256	960	814	333	929
896	256	1023	817	335	989
896	320	0	794	368	156
896	320	64	794	368	165
896	320	128	794	368	193
896	320	192	794	368	234
896	320	256	795	369	284
896	320	320	796	369	337
896	320	384	797	370	393
896	320	448	798	370	451
896	320	512	800	371	509
896	320	576	801	372	568
896	320	640	803	373	628
896	320	704	806	374	688
896	320	768	808	375	748
896	320	832	811	377	809
896	320	896	814	379	869
896	320	960	817	380	930
896	320	1023	821	382	990
896	384	0	799	421	168
896	384	64	799	421	176
896	384	128	799	421	202
896	384	192	799	421	242
896	384	256	800	421	289
896	384	320	801	422	342
896	384	384	802	422	397
896	384	448	803	423	454
896	384	512	805	423	512
896	384	576	806	424	571
896	384	640	808	425	630
896	384	704	811	426	690
896	384	768	813	427	750
896	384	832	816	429	810
896	384	896	819	430	871
896	384	960	822	431	932
896	384	1023	826	433	991
896	448	0	805	476	181
896	448	64	805	476	188
896	448	128	805	476	213
896	448	192	806	477	250
896	448	256	806	477	296
896	448	320	807	477	348
896	448	384	808	477	402
896	448	448	809	478	458
896	448	512	811	479	516
896	448	576	813	479	574
896	448	640	815	480	633
896	448	704	817	481	693
896	448	768	819	482	752
896	448	832	822	483	813
896	448	896	825	484	873
896	448	960	828	485	933
896	448	1023	832	487	993
896	512	0	812	533	195
896	512	64	812	533	202
896	512	128	812	533	225
896	512	192	813	534	260
896	512	256	813	534	304
896	512	320	814	534	354
896	512	384	815	534	408
896	512	448	817	535	463
896	512	512	818	535	520
896	512	576	820	536	578
896	512	640	822	537	636
896	512	704	824	537	696
896	512	768	826	538	755
896	512	832	829	539	815
896	512	896	832	540	875
896	512	960	835	541	935
896	512	1023	839	543	995
896	576	0	820	592	210
896	576	64	821	592	216
896	576	128	821	592	237
896	576	192	821	592	271
896	576	256	822	592	314
896	576	320	823	592	362
896	576	384	824	593	414
896	576	448	825	593	468
896	576	512	826	593	525
896	576	576	828	594	582
896	576	640	830	595	640
896	576	704	832	595	699
896	576	768	835	596	758
896	576	832	837	597	818
896	576	896	840	598	878
896	576	960	843	599	938
896	576	1023	847	600	997
896	640	0	830	651	226
896	640	64	830	651	232
896	640	128	830	651	251
896	640	192	831	651	283
896	640	256	831	651	323
896	640	320	832	651	370
896	640	384	833	652	421
896	640	448	834	652	475
896	640	512	836	652	530
896	640	576	837	653	587
896	640	640	839	653	644
896	640	704	841	654	703
896	640	768	844	655	762
896	640	832	846	655	821
896	640	896	849	656	881
896	640	960	853	657	940
896	640	1023	856	658	1000
896	704	0	840	711	242
896	704	64	840	711	247
896	704	128	841	711	266
896	704	192	841	711	295
896	704	256	842	711	334
896	704	320	842	711	380
896	704	384	843	711	429
896	704	448	845	712	482
896	704	512	846	712	536
896	704	576	848	712	592
896	704	640	850	713	649
896	704	704	852	713	707
896	704	768	854	714	766
896	704	832	857	715	825
896	704	896	860	715	884
896	704	960	863	716	943
896	704	1023	866	717	1002
896	768	0	852	771	259
896	768	64	852	771	264
896	768	128	852	771	281
896	768	192	852	771	309
896	768	256	853	771	346
896	768	320	854	771	390
896	768	384	855	771	438
896	768	448	856	772	489
896	768	512	857	772	543
896	768	576	859	772	598
896	768	640	861	773	655
896	768	704	863	773	712
896	768	768	865	774	770
896	768	832	868	775	829
896	768	896	871	775	888
896	768	960	874	776	947
896	768	1023	877	777	1006
896	832	0	864	831	276
896	832	64	864	831	280
896	832	128	865	831	296
896	832	192	865	832	323
896	832	256	865	832	358
896	832	320	866	832	400
896	832	384	867	832	447
896	832	448	868	832	497
896	832	512	870	833	550
896	832	576	871	833	605
896	832	640	873	833	660
896	832	704	875	834	717
896	832	768	878	834	775
896	832	832	880	835	833
896	832	896	883	835	892
896	832	960	886	836	951
896	832	1023	889	837	1009
896	896	0	878	892	293
896	896	64	878	892	298
896	896	128	878	892	312
896	896	192	878	892	337
896	896	256	879	892	371
896	896	320	880	893	412
896	896	384	881	893	457
896	896	448	882	893	506
896	896	512	883	893	558
896	896	576	885	894	612
896	896	640	886	894	667
896	896	704	889	894	723
896	896	768	891	895	780
896	896	832	893	895	838
896	896	896	896	896	896
896	896	960	899	897	955
896	896	1023	902	897	1013
896	960	0	892	953	311
896	960	64	892	953	315
896	960	128	892	953	329
896	960	192	893	953	352
896	960	256	893	954	385
896	960	320	894	954	424
896	960	384	895	954	468
896	960	448	896	954	516
896	960	512	897	954	566
896	960	576	899	955	619
896	960	640	901	955	673
896	960	704	903	955	729
896	960	768	905	956	786
896	960	832	907	956	843
896	960	896	910	957	901
896	960	960	913	957	959
896	960	1023	916	958	1017
896	1023	0	907	1014	329
896	1023	64	907	1014	332
896	1023	128	907	1014	345
896	1023	192	908	1014	368
896	1023	256	908	1014	398
896	1023	320	909	1014	436
896	1023	384	910	1014	479
896	1023	448	911	1014	525
896	1023	512	912	1015	575
896	1023	576	914	1015	627
896	1023	640	916	1015	681
896	1023	704	917	1016	736
896	1023	768	920	1016	792
896	1023	832	922	1016	848
896	1023	896	925	1017	906
896	1023	960	928	1017	964
896	1023	1023	931	1018	1021
960	0	0	839	229	138
960	0	64	839	229	148
960	0	128	839	229	179
960	0	192	840	229	224
960	0	256	840	230	275
960	0	320	841	231	330
960	0	384	842	232	387
960	0	448	843	233	446
960	0	512	845	234	505
960	0	576	846	236	565
960	0	640	848	238	625
960	0	704	850	240	685
960	0	768	853	242	746
960	0	832	855	244	806
960	0	896	858	247	867
960	0	960	861	250	928
960	0	1023	865	253	988
960	64	0	839	235	139
960	64	64	839	235	149
960	64	128	840	235	180
960	64	192	840	235	224
960	64	256	841	236	275
960	64	320	841	237	331
960	64	384	842	238	388
960	64	448	844	239	446
960	64	512	845	240	505
960	64	576	847	242	565
960	64	640	849	243	625
960	64	704	851	245	685
960	64	768	853	247	746
960	64	832	856	250	806
960	64	896	859	252	867
960	64	960	862	255	928
960	64	1023	865	258	988
960	128	0	840	254	142
960	128	64	840	255	152
960	128	128	841	255	182
960	128	192	841	255	226
960	128	256	842	256	277
960	128	320	842	256	332
960	128	384	843	257	389
960	128	448	845	258	447
960	128	512	846	259	506
960	128	576	848	261	565
960	128	640	850	262	625
960	128	704	852	264	686
960	128	768	854	266	746
960	128	832	857	268	807
960	128	896	860	271	868
960	128	960	863	273	928
960	128	1023	866	276	988
960	192	0	842	287	147
960	192	64	842	287	156
960	192	128	842	287	186
960	192	192	843	287	229
960	192	256	843	288	279
960	192	320	844	288	333
960	192	384	845	289	390
960	192	448	846	290	448
960	192	512	848	291	507
960	192	576	850	292	566
960	192	640	851	294	626
960	192	704	854	295	687
960	192	768	856	297	747
960	192	832	859	299	808
960	192	896	861	301	868
960	192	960	865	303	929
960	192	1023	868	306	989
960	256	0	845	328	154
960	256	64	845	328	163
960	256	128	845	328	191
960	256	192	846	329	233
960	256	256	846	329	283
960	256	320	847	330	336
960	256	384	848	330	392
960	256	448	849	331	450
960	256	512	851	332	509
960	256	576	852	333	568
960	256	640	854	334	628
960	256	704	856	336	688
960	256	768	859	337	748
960	256	832	861	339	808
960	256	896	864	341	869
960	256	960	867	342	930
960	256	1023	870	345	990
960	320	0	849	376	164
960	320	64	849	376	172
960	320	128	849	376	199
960	320	192	849	376	239
960	320	256	850	377	287
960	320	320	851	377	340
960	320	384	852	378	396
960	320	448	853	378	453
960	320	512	854	379	511
960	320	576	856	380	570
960	320	640	858	381	629
960	320	704	860	382	689
960	320	768	862	383	749
960	320	832	865	385	810
960	320	896	868	386	870
960	320	960	871	388	931
960	320	1023	874	390	991
960	384	0	853	428	175
960	384	64	853	428	183
960	384	128	854	428	208
960	384	192	854	428	246
960	384	256	855	428	293
960	384	320	855	429	345
960	384	384	856	429	400
960	384	448	858	430	456
960	384	512	859	430	514
960	384	576	861	431	573
960	384	640	862	432	632
960	384	704	865	433	691
960	384	768	867	434	751
960	384	832	870	435	812
960	384	896	872	437	872
960	384	960	875	438	932
960	384	1023	879	440	992
960	448	0	859	482	187
960	448	64	859	482	194
960	448	128	859	482	218
960	448	192	860	483	255
960	448	256	860	483	300
960	448	320	861	483	351
960	448	384	862	483	404
960	448	448	863	484	460
960	448	512	865	485	517
960	448	576	866	485	576
960	448	640	868	486	635
960	448	704	870	487	694
960	448	768	873	488	754
960	448	832	875	489	814
960	448	896	878	490	874
960	448	960	881	491	934
960	448	1023	884	493	994
960	512	0	866	539	201
960	512	64	866	539	207
960	512	128	866	539	229
960	512	192	866	539	264
960	512	256	867	539	308
960	512	320	868	539	357
960	512	384	869	540	410
960	512	448	870	540	465
960	512	512	871	541	522
960	512	576	873	541	579
960	512	640	875	542	638
960	512	704	877	543	697
960	512	768	879	544	756
960	512	832	882	544	816
960	512	896	884	545	876
960	512	960	887	547	936
960	512	1023	891	548	996
960	576	0	874	596	215
960	576	64	874	596	222
960	576	128	874	596	242
960	576	192	874	597	275
960	576	256	875	597	317
960	576	320	875	597	365
960	576	384	876	597	416
960	576	448	878	598	471
960	576	512	879	598	526
960	576	576	881	599	584
960	576	640	882	599	642
960	576	704	884	600	700
960	576	768	887	601	759
960	576	832	889	601	819
960	576	896	892	602	879
960	576	960	895	603	939
960	576	1023	898	604	998
960	640	0	882	655	231
960	640	64	882	655	236
960	640	128	883	655	255
960	640	192	883	655	286
960	640	256	883	655	327
960	640	320	884	656	373
960	640	384	885	656	423
960	640	448	886	656	477
960	640	512	888	657	532
960	640	576	889	657	588
960	640	640	891	658	646
960	640	704	893	658	704
960	640	768	895	659	763
960	640	832	898	660	822
960	640	896	900	660	882
960	640	960	903	661	941
960	640	1023	907	662	1000
960	704	0	892	714	247
960	704	64	892	714	252
960	704	128	892	714	270
960	704	192	893	714	299
960	704	256	893	715	337
960	704	320	894	715	382
960	704	384	895	715	431
960	704	448	896	715	484
960	704	512	897	716	538
960	704	576	899	716	594
960	704	640	901	717	651
960	704	704	903	717	708
960	704	768	905	718	767
960	704	832	907	718	826
960	704	896	910	719	885
960	704	960	913	720	944
960	704	1023	916	721	1003
960	768	0	903	774	263
960	768	64	903	774	268
960	768	128	903	774	284
960	768	192	903	774	312
960	768	256	904	774	349
960	768	320	905	775	392
960	768	384	905	775	440
960	768	448	907	775	491
960	768	512	908	775	545
960	768	576	909	776	600
960	768	640	911	776	656
960	768	704	913	777	713
960	768	768	915	777	771
960	768	832	918	778	830
960	768	896	920	779	889
960	768	960	923	779	948
960	768	1023	926	780	1006
960	832	0	914	834	280
960	832	64	914	835	284
960	832	128	915	835	300
960	832	192	915	835	326
960	832	256	915	835	361
960	832	320	916	835	403
960	832	384	917	835	449
960	832	448	918	835	499
960	832	512	919	836	552
960	832	576	921	836	606
960	832	640	923	836	662
960	832	704	925	837	718
960	832	768	927	837	776
960	832	832	929	838	834
960	832	896	932	839	893
960	832	960	935	839	952
960	832	1023	938	840	1010
960	896	0	927	895	297
960	896	64	927	895	301
960	896	128	927	895	316
960	896	192	928	895	340
960	896	256	928	895	374
960	896	320	929	895	414
960	896	384	930	896	459
960	896	448	931	896	508
960	896	512	932	896	560
960	896	576	933	897	613
960	896	640	935	897	668
960	896	704	937	897	724
960	896	768	939	898	781
960	896	832	942	898	839
960	896	896	944	899	897
960	896	960	947	899	956
960	896	1023	950	900	1014
960	960	0	940	956	314
960	960	64	940	956	318
960	960	128	941	956	332
960	960	192	941	956	355
960	960	256	941	956	387
960	960	320	942	956	426
960	960	384	943	957	470
960	960	448	944	957	517
960	960	512	945	957	568
960	960	576	947	957	621
960	960	640	948	958	675
960	960	704	950	958	730
960	960	768	952	958	787
960	960	832	955	959	844
960	960	896	957	959	902
960	960	960	960	960	960
960	960	1023	963	961	1018
960	1023	0	954	1016	332
960	1023	64	955	1016	335
960	1023	128	955	1016	348
960	1023	192	955	1016	370
960	1023	256	956	1016	401
960	1023	320	956	1016	438
960	1023	384	957	1017	481
960	1023	448	958	1017	527
960	1023	512	959	1017	577
960	1023	576	961	1017	628
960	1023	640	962	1018	682
960	1023	704	964	1018	737
960	1023	768	966	1018	793
960	1023	832	969	1019	849
960	1023	896	971	1019	907
960	1023	960	974	1020	965
960	1023	1023	977	1020	1022
1023	0	0	894	244	147
1023	0	64	894	244	157
1023	0	128	894	244	186
1023	0	192	895	244	229
1023	0	256	895	245	279
1023	0	320	896	246	334
1023	0	384	897	246	390
1023	0	448	898	248	448
1023	0	512	899	249	507
1023	0	576	901	250	566
1023	0	640	903	252	626
1023	0	704	905	254	687
1023	0	768	907	256	747
1023	0	832	909	258	808
1023	0	896	912	261	868
1023	0	960	915	264	929
1023	0	1023	918	266	989
1023	64	0	894	249	148
1023	64	64	894	249	157
1023	64	128	895	249	187
1023	64	192	895	250	229
1023	64	256	896	250	280
1023	64	320	896	251	334
1023	64	384	897	252	390
1023	64	448	898	253	448
1023	64	512	900	254	507
1023	64	576	901	256	567
1023	64	640	903	257	626
1023	64	704	905	259	687
1023	64	768	907	261	747
1023	64	832	910	263	808
1023	64	896	912	266	868
1023	64	960	915	269	929
1023	64	1023	918	271	989
1023	128	0	895	268	151
1023	128	64	895	268	160
1023	128	128	896	268	189
1023	128	192	896	268	231
1023	128	256	896	269	281
1023	128	320	897	269	335
1023	128	384	898	270	391
1023	128	448	899	271	449
1023	128	512	901	272	508
1023	128	576	902	274	567
1023	128	640	904	275	627
1023	128	704	906	277	687
1023	128	768	908	279	747
1023	128	832	911	281	808
1023	128	896	913	283	869
1023	128	960	916	286	929
1023	128	1023	919	288	989
1023	192	0	897	298	155
1023	192	64	897	298	164
1023	192	128	897	299	192
1023	192	192	898	299	234
1023	192	256	898	299	283
1023	192	320	899	300	337
1023	192	384	900	301	393
1023	192	448	901	301	450
1023	192	512	902	302	509
1023	192	576	904	304	568
1023	192	640	906	305	628
1023	192	704	908	307	688
1023	192	768	910	308	748
1023	192	832	912	310	809
1023	192	896	915	312	869
1023	192	960	918	314	930
1023	192	1023	921	316	990
1023	256	0	900	338	162
1023	256	64	900	338	171
1023	256	128	900	338	198
1023	256	192	900	339	238
1023	256	256	901	339	287
1023	256	320	901	340	340
1023	256	384	902	340	395
1023	256	448	904	341	452
1023	256	512	905	342	511
1023	256	576	906	343	570
1023	256	640	908	344	629
1023	256	704	910	345	689
1023	256	768	912	347	749
1023	256	832	915	348	810
1023	256	896	917	350	870
1023	256	960	920	352	931
1023	256	1023	923	354	991
1023	320	0	903	384	171
1023	320	64	903	385	179
1023	320	128	903	385	205
1023	320	192	904	385	244
1023	320	256	904	385	291
1023	320	320	905	386	343
1023	320	384	906	386	398
1023	320	448	907	387	455
1023	320	512	908	387	513
1023	320	576	910	388	572
1023	320	640	912	389	631
1023	320	704	914	391	691
1023	320	768	916	392	751
1023	320	832	918	393	811
1023	320	896	921	395	871
1023	320	960	924	396	932
1023	320	1023	927	398	992
1023	384	0	907	435	182
1023	384	64	907	435	189
1023	384	128	908	435	213
1023	384	192	908	435	251
1023	384	256	909	436	297
1023	384	320	909	436	348
1023	384	384	910	436	402
1023	384	448	911	437	458
1023	384	512	913	438	516
1023	384	576	914	438	574
1023	384	640	916	439	633
1023	384	704	918	440	693
1023	384	768	920	441	753
1023	384	832	922	443	813
1023	384	896	925	444	873
1023	384	960	928	445	933
1023	384	1023	931	447	993
1023	448	0	913	489	194
1023	448	64	913	489	201
1023	448	128	913	489	223
1023	448	192	913	489	259
1023	448	256	914	489	304
1023	448	320	915	489	354
1023	448	384	915	490	407
1023	448	448	917	490	462
1023	448	512	918	491	519
1023	448	576	919	492	577
1023	448	640	921	492	636
1023	448	704	923	493	695
1023	448	768	925	494	755
1023	448	832	928	495	815
1023	448	896	930	496	875
1023	448	960	933	498	935
1023	448	1023	936	499	995
1023	512	0	919	544	207
1023	512	64	919	544	213
1023	512	128	919	544	234
1023	512	192	920	544	269
1023	512	256	920	545	311
1023	512	320	921	545	360
1023	512	384	922	545	412
1023	512	448	923	546	467
1023	512	512	924	546	524
1023	512	576	926	547	581
1023	512	640	927	547	639
1023	512	704	929	548	698
1023	512	768	931	549	757
1023	512	832	934	550	817
1023	512	896	936	551	877
1023	512	960	939	552	937
1023	512	1023	942	553	997
1023	576	0	926	601	221
1023	576	64	926	601	227
1023	576	128	926	601	247
1023	576	192	927	601	279
1023	576	256	927	602	320
1023	576	320	928	602	368
1023	576	384	929	602	419
1023	576	448	930	603	473
1023	576	512	931	603	528
1023	576	576	933	604	585
1023	576	640	934	604	643
1023	576	704	936	605	702
1023	576	768	938	606	761
1023	576	832	941	606	820
1023	576	896	943	607	880
1023	576	960	946	608	940
1023	576	1023	949	609	999
1023	640	0	934	659	236
1023	640	64	934	659	241
1023	640	128	935	659	260
1023	640	192	935	660	290
1023	640	256	935	660	330
1023	640	320	936	660	376
1023	640	384	937	660	426
1023	640	448	938	661	479
1023	640	512	939	661	534
1023	640	576	941	661	590
1023	640	640	942	662	647
1023	640	704	944	663	705
1023	640	768	946	663	764
1023	640	832	949	664	823
1023	640	896	951	665	883
1023	640	960	954	666	942
1023	640	1023	957	667	1001
1023	704	0	943	718	251
1023	704	64	943	718	256
1023	704	128	944	718	274
1023	704	192	944	718	303
1023	704	256	944	719	341
1023	704	320	945	719	385
1023	704	384	946	719	434
1023	704	448	947	719	486
1023	704	512	948	720	540
1023	704	576	950	720	595
1023	704	640	951	721	652
1023	704	704	953	721	710
1023	704	768	955	722	768
1023	704	832	958	722	827
1023	704	896	960	723	886
1023	704	960	963	724	945
1023	704	1023	966	725	1004
1023	768	0	953	778	267
1023	768	64	953	778	272
1023	768	128	954	778	288
1023	768	192	954	778	316
1023	768	256	954	778	352
1023	768	320	955	778	395
1023	768	384	956	778	442
1023	768	448	957	779	493
1023	768	512	958	779	546
1023	768	576	960	779	601
1023	768	640	961	780	657
1023	768	704	963	780	714
1023	768	768	965	781	772
1023	768	832	968	782	831
1023	768	896	970	782	890
1023	768	960	973	783	949
1023	768	1023	976	784	1007
1023	832	0	964	838	284
1023	832	64	964	838	288
1023	832	128	965	838	303
1023	832	192	965	838	329
1023	832	256	965	838	364
1023	832	320	966	838	405
1023	832	384	967	838	452
1023	832	448	968	839	501
1023	832	512	969	839	554
1023	832	576	971	839	608
1023	832	640	972	840	663
1023	832	704	974	840	720
1023	832	768	976	841	777
1023	832	832	978	841	835
1023	832	896	981	842	894
1023	832	960	983	842	952
1023	832	1023	986	843	1011
1023	896	0	976	898	301
1023	896	64	976	898	305
1023	896	128	976	898	319
1023	896	192	977	898	343
1023	896	256	977	898	377
1023	896	320	978	899	417
1023	896	384	979	899	461
1023	896	448	980	899	510
1023	896	512	981	899	561
1023	896	576	982	900	615
1023	896	640	984	900	669
1023	896	704	986	900	725
1023	896	768	988	901	782
1023	896	832	990	901	840
1023	896	896	992	902	898
1023	896	960	995	902	957
1023	896	1023	998	903	1015
1023	960	0	989	959	318
1023	960	64	989	959	322
1023	960	128	989	959	335
1023	960	192	989	959	358
1023	960	256	990	959	390
1023	960	320	990	959	428
1023	960	384	991	959	472
1023	960	448	992	960	519
1023	960	512	993	960	570
1023	960	576	995	960	622
1023	960	640	996	960	676
1023	960	704	998	961	732
1023	960	768	1000	961	788
1023	960	832	1002	962	845
1023	960	896	1005	962	903
1023	960	960	1007	963	961
1023	960	1023	1010	963	1019
1023	1023	0	1002	1019	335
1023	1023	64	1002	1019	339
1023	1023	128	1002	1019	351
1023	1023	192	1003	1019	373
1023	1023	256	1003	1019	403
1023	1023	320	1004	1019	440
1023	1023	384	1005	1019	483
1023	1023	448	1006	1019	529
1023	1023	512	1007	1020	578
1023	1023	576	1008	1020	630
1023	1023	640	1010	1020	683
1023	1023	704	1011	1021	738
1023	1023	768	1013	1021	794
1023	1023	832	1015	1021	850
1023	1023	896	1018	1022	908
1023	1023	960	1020	1022	966
1023	1023	1023	1023	1023	1023
