0	0	0	0	0	0
0	0	64	15	7	58
0	0	128	30	14	117
0	0	192	44	22	175
0	0	256	59	29	234
0	0	320	74	36	292
0	0	384	89	43	350
0	0	448	103	50	409
0	0	512	118	58	467
0	0	576	133	65	526
0	0	640	148	72	584
0	0	704	162	79	642
0	0	768	177	87	701
0	0	832	192	94	759
0	0	896	207	101	818
0	0	960	222	108	876
0	0	1023	236	115	934
0	64	0	31	61	19
0	64	64	34	62	61
0	64	128	42	62	118
0	64	192	53	64	176
0	64	256	65	66	234
0	64	320	79	69	292
0	64	384	93	73	351
0	64	448	107	77	409
0	64	512	121	82	467
0	64	576	135	87	526
0	64	640	150	92	584
0	64	704	164	97	643
0	64	768	179	103	701
0	64	832	194	109	759
0	64	896	208	115	818
0	64	960	223	121	876
0	64	1023	237	128	934
0	128	0	62	123	38
0	128	64	63	123	68
0	128	128	67	123	121
0	128	192	74	124	178
0	128	256	83	125	236
0	128	320	94	126	294
0	128	384	105	128	352
0	128	448	118	130	410
0	128	512	130	133	468
0	128	576	144	136	526
0	128	640	157	139	585
0	128	704	171	142	643
0	128	768	185	146	701
0	128	832	199	150	760
0	128	896	213	154	818
0	128	960	228	159	876
0	128	1023	242	163	934
0	192	0	93	184	57
0	192	64	94	184	79
0	192	128	96	184	127
0	192	192	101	185	182
0	192	256	107	185	238
0	192	320	115	186	296
0	192	384	125	187	353
0	192	448	135	189	411
0	192	512	146	190	469
0	192	576	158	192	527
0	192	640	170	194	586
0	192	704	183	197	644
0	192	768	196	199	702
0	192	832	209	202	760
0	192	896	222	205	819
0	192	960	236	208	877
0	192	1023	249	211	934
0	256	0	124	245	76
0	256	64	125	245	93
0	256	128	127	246	136
0	256	192	130	246	187
0	256	256	135	246	242
0	256	320	141	247	299
0	256	384	148	248	356
0	256	448	157	249	413
0	256	512	166	250	471
0	256	576	176	251	529
0	256	640	187	253	587
0	256	704	198	255	645
0	256	768	210	256	703
0	256	832	223	258	761
0	256	896	235	261	820
0	256	960	248	263	878
0	256	1023	261	266	935
0	320	0	155	307	95
0	320	64	156	307	108
0	320	128	157	307	146
0	320	192	160	307	195
0	320	256	163	308	248
0	320	320	168	308	303
0	320	384	174	309	359
0	320	448	181	309	416
0	320	512	189	310	474
0	320	576	198	311	531
0	320	640	208	312	589
0	320	704	218	314	647
0	320	768	228	315	705
0	320	832	240	317	763
0	320	896	251	319	821
0	320	960	263	320	879
0	320	1023	275	322	936
0	384	0	186	368	114
0	384	64	187	368	125
0	384	128	188	368	158
0	384	192	190	368	203
0	384	256	193	369	254
0	384	320	197	369	308
0	384	384	202	370	364
0	384	448	208	370	420
0	384	512	215	371	477
0	384	576	222	372	534
0	384	640	231	373	591
0	384	704	240	374	649
0	384	768	249	375	707
0	384	832	259	376	765
0	384	896	270	378	823
0	384	960	281	379	881
0	384	1023	292	381	938
0	448	0	217	429	133
0	448	64	218	429	142
0	448	128	219	430	171
0	448	192	220	430	213
0	448	256	223	430	262
0	448	320	226	430	314
0	448	384	231	431	369
0	448	448	236	431	424
0	448	512	242	432	480
0	448	576	248	433	537
0	448	640	256	433	594
0	448	704	263	434	651
0	448	768	272	435	709
0	448	832	281	436	767
0	448	896	291	437	824
0	448	960	301	439	882
0	448	1023	311	440	939
0	512	0	248	491	152
0	512	64	249	491	160
0	512	128	249	491	186
0	512	192	251	491	225
0	512	256	253	491	271
0	512	320	256	492	322
0	512	384	260	492	375
0	512	448	264	492	429
0	512	512	269	493	485
0	512	576	275	493	541
0	512	640	282	494	598
0	512	704	289	495	655
0	512	768	296	496	712
0	512	832	305	497	769
0	512	896	313	498	827
0	512	960	323	499	884
0	512	1023	332	500	941
0	576	0	279	552	171
0	576	64	280	552	178
0	576	128	280	552	201
0	576	192	282	552	237
0	576	256	284	553	281
0	576	320	286	553	330
0	576	384	289	553	382
0	576	448	293	553	435
0	576	512	298	554	490
0	576	576	303	554	545
0	576	640	309	555	601
0	576	704	315	556	658
0	576	768	322	556	715
0	576	832	330	557	772
0	576	896	338	558	829
0	576	960	346	559	887
0	576	1023	355	560	944
0	640	0	311	614	190
0	640	64	311	614	196
0	640	128	311	614	217
0	640	192	312	614	250
0	640	256	314	614	292
0	640	320	316	614	339
0	640	384	319	614	389
0	640	448	323	615	442
0	640	512	327	615	495
0	640	576	332	616	550
0	640	640	337	616	606
0	640	704	342	617	662
0	640	768	349	617	719
0	640	832	356	618	775
0	640	896	363	619	832
0	640	960	371	620	890
0	640	1023	379	621	946
0	704	0	342	675	209
0	704	64	342	675	214
0	704	128	342	675	233
0	704	192	343	675	264
0	704	256	345	675	304
0	704	320	347	675	349
0	704	384	349	676	398
0	704	448	353	676	449
0	704	512	356	676	502
0	704	576	360	677	556
0	704	640	365	677	611
0	704	704	370	678	667
0	704	768	376	678	723
0	704	832	382	679	779
0	704	896	389	680	836
0	704	960	396	680	893
0	704	1023	404	681	949
0	768	0	373	736	228
0	768	64	373	736	233
0	768	128	373	736	250
0	768	192	374	736	279
0	768	256	376	737	316
0	768	320	377	737	359
0	768	384	380	737	407
0	768	448	383	737	457
0	768	512	386	737	509
0	768	576	390	738	562
0	768	640	394	738	616
0	768	704	399	739	671
0	768	768	404	739	727
0	768	832	410	740	783
0	768	896	416	740	840
0	768	960	423	741	896
0	768	1023	429	742	952
0	832	0	404	798	247
0	832	64	404	798	251
0	832	128	404	798	267
0	832	192	405	798	294
0	832	256	406	798	329
0	832	320	408	798	371
0	832	384	410	798	416
0	832	448	413	798	465
0	832	512	416	799	516
0	832	576	419	799	569
0	832	640	423	799	622
0	832	704	428	800	677
0	832	768	432	800	732
0	832	832	438	801	788
0	832	896	443	801	844
0	832	960	450	802	900
0	832	1023	456	803	956
0	896	0	435	859	266
0	896	64	435	859	270
0	896	128	435	859	285
0	896	192	436	859	310
0	896	256	437	859	343
0	896	320	439	859	383
0	896	384	441	859	427
0	896	448	443	860	474
0	896	512	446	860	524
0	896	576	449	860	576
0	896	640	453	861	629
0	896	704	457	861	683
0	896	768	461	861	737
0	896	832	466	862	793
0	896	896	471	862	848
0	896	960	477	863	904
0	896	1023	483	864	960
0	960	0	466	920	285
0	960	64	466	920	288
0	960	128	466	920	302
0	960	192	467	920	325
0	960	256	468	920	357
0	960	320	469	921	395
0	960	384	471	921	438
0	960	448	473	921	484
0	960	512	476	921	533
0	960	576	479	922	584
0	960	640	482	922	636
0	960	704	486	922	689
0	960	768	490	923	743
0	960	832	495	923	798
0	960	896	500	924	853
0	960	960	505	924	909
0	960	1023	511	925	964
0	1023	0	496	981	303
0	1023	64	496	981	307
0	1023	128	497	981	320
0	1023	192	497	981	342
0	1023	256	498	981	372
0	1023	320	500	981	408
0	1023	384	501	981	449
0	1023	448	503	981	494
0	1023	512	506	982	542
0	1023	576	509	982	592
0	1023	640	512	982	643
0	1023	704	515	982	696
0	1023	768	519	983	749
0	1023	832	523	983	804
0	1023	896	528	984	858
0	1023	960	533	984	914
0	1023	1023	538	985	969
64	0	0	56	15	9
64	0	64	58	17	59
64	0	128	62	20	117
64	0	192	70	26	175
64	0	256	79	32	234
64	0	320	90	38	292
64	0	384	102	45	350
64	0	448	115	52	409
64	0	512	128	59	467
64	0	576	142	66	526
64	0	640	155	73	584
64	0	704	169	80	642
64	0	768	184	87	701
64	0	832	198	95	759
64	0	896	212	102	818
64	0	960	226	109	876
64	0	1023	241	116	934
64	64	0	63	63	21
64	64	64	64	63	61
64	64	128	68	64	118
64	64	192	75	65	176
64	64	256	84	68	234
64	64	320	94	71	292
64	64	384	106	74	351
64	64	448	118	78	409
64	64	512	131	83	467
64	64	576	144	87	526
64	64	640	158	93	584
64	64	704	171	98	643
64	64	768	185	104	701
64	64	832	199	110	759
64	64	896	213	116	818
64	64	960	228	122	876
64	64	1023	242	128	934
64	128	0	81	123	39
64	128	64	82	123	68
64	128	128	85	124	121
64	128	192	90	124	178
64	128	256	98	126	236
64	128	320	106	127	294
64	128	384	117	129	352
64	128	448	128	131	410
64	128	512	139	133	468
64	128	576	152	136	526
64	128	640	165	139	585
64	128	704	178	143	643
64	128	768	191	146	701
64	128	832	205	150	760
64	128	896	218	155	818
64	128	960	232	159	877
64	128	1023	246	164	934
64	192	0	106	184	57
64	192	64	107	184	79
64	192	128	109	185	127
64	192	192	113	185	182
64	192	256	119	186	238
64	192	320	126	187	296
64	192	384	134	188	353
64	192	448	144	189	411
64	192	512	154	191	469
64	192	576	165	193	527
64	192	640	177	195	586
64	192	704	189	197	644
64	192	768	201	200	702
64	192	832	214	202	760
64	192	896	227	205	819
64	192	960	240	208	877
64	192	1023	254	212	935
64	256	0	134	246	76
64	256	64	134	246	93
64	256	128	136	246	136
64	256	192	139	246	187
64	256	256	143	247	242
64	256	320	149	247	299
64	256	384	156	248	356
64	256	448	164	249	413
64	256	512	173	250	471
64	256	576	183	252	529
64	256	640	193	253	587
64	256	704	204	255	645
64	256	768	216	257	703
64	256	832	227	259	761
64	256	896	240	261	820
64	256	960	252	263	878
64	256	1023	265	266	935
64	320	0	163	307	95
64	320	64	163	307	109
64	320	128	164	307	146
64	320	192	167	307	195
64	320	256	170	308	248
64	320	320	175	308	303
64	320	384	181	309	359
64	320	448	188	310	416
64	320	512	195	310	474
64	320	576	204	311	531
64	320	640	213	313	589
64	320	704	223	314	647
64	320	768	233	315	705
64	320	832	244	317	763
64	320	896	255	319	821
64	320	960	267	321	879
64	320	1023	279	323	936
64	384	0	192	368	114
64	384	64	193	368	125
64	384	128	194	368	158
64	384	192	196	369	203
64	384	256	199	369	254
64	384	320	203	369	308
64	384	384	207	370	364
64	384	448	213	370	420
64	384	512	220	371	477
64	384	576	227	372	534
64	384	640	235	373	591
64	384	704	244	374	649
64	384	768	253	375	707
64	384	832	263	376	765
64	384	896	274	378	823
64	384	960	284	379	881
64	384	1023	295	381	938
64	448	0	222	430	133
64	448	64	223	430	142
64	448	128	224	430	172
64	448	192	225	430	214
64	448	256	228	430	262
64	448	320	231	430	314
64	448	384	235	431	369
64	448	448	240	431	424
64	448	512	246	432	480
64	448	576	252	433	537
64	448	640	260	433	594
64	448	704	267	434	652
64	448	768	276	435	709
64	448	832	285	436	767
64	448	896	294	438	824
64	448	960	304	439	882
64	448	1023	314	440	939
64	512	0	253	491	152
64	512	64	253	491	160
64	512	128	254	491	186
64	512	192	255	491	225
64	512	256	257	491	271
64	512	320	260	492	322
64	512	384	264	492	375
64	512	448	268	492	429
64	512	512	273	493	485
64	512	576	279	494	541
64	512	640	285	494	598
64	512	704	292	495	655
64	512	768	300	496	712
64	512	832	308	497	769
64	512	896	317	498	827
64	512	960	326	499	884
64	512	1023	335	500	941
64	576	0	283	552	171
64	576	64	283	552	178
64	576	128	284	552	201
64	576	192	285	552	237
64	576	256	287	553	281
64	576	320	290	553	330
64	576	384	293	553	382
64	576	448	297	554	435
64	576	512	301	554	490
64	576	576	306	555	545
64	576	640	312	555	602
64	576	704	318	556	658
64	576	768	325	557	715
64	576	832	333	557	772
64	576	896	341	558	829
64	576	960	349	559	887
64	576	1023	358	560	944
64	640	0	314	614	190
64	640	64	314	614	196
64	640	128	315	614	217
64	640	192	316	614	250
64	640	256	317	614	292
64	640	320	320	614	339
64	640	384	323	614	389
64	640	448	326	615	442
64	640	512	330	615	495
64	640	576	335	616	550
64	640	640	340	616	606
64	640	704	345	617	662
64	640	768	352	617	719
64	640	832	358	618	775
64	640	896	366	619	832
64	640	960	373	620	890
64	640	1023	381	621	946
64	704	0	345	675	209
64	704	64	345	675	214
64	704	128	345	675	233
64	704	192	346	675	264
64	704	256	348	675	304
64	704	320	350	675	349
64	704	384	352	676	398
64	704	448	355	676	449
64	704	512	359	676	502
64	704	576	363	677	556
64	704	640	368	677	611
64	704	704	373	678	667
64	704	768	379	678	723
64	704	832	385	679	779
64	704	896	392	680	836
64	704	960	399	680	893
64	704	1023	406	681	949
64	768	0	375	736	228
64	768	64	375	736	233
64	768	128	376	736	250
64	768	192	377	736	279
64	768	256	378	737	316
64	768	320	380	737	359
64	768	384	382	737	407
64	768	448	385	737	457
64	768	512	388	738	509
64	768	576	392	738	562
64	768	640	396	738	616
64	768	704	401	739	671
64	768	768	406	739	727
64	768	832	412	740	783
64	768	896	418	741	840
64	768	960	425	741	896
64	768	1023	432	742	952
64	832	0	406	798	247
64	832	64	406	798	251
64	832	128	407	798	267
64	832	192	408	798	294
64	832	256	409	798	329
64	832	320	410	798	371
64	832	384	413	798	416
64	832	448	415	798	465
64	832	512	418	799	516
64	832	576	422	799	569
64	832	640	425	799	622
64	832	704	430	800	677
64	832	768	435	800	732
64	832	832	440	801	788
64	832	896	446	801	844
64	832	960	452	802	900
64	832	1023	458	803	956
64	896	0	437	859	266
64	896	64	437	859	270
64	896	128	437	859	285
64	896	192	438	859	310
64	896	256	439	859	343
64	896	320	441	859	383
64	896	384	443	860	427
64	896	448	445	860	474
64	896	512	448	860	524
64	896	576	451	860	576
64	896	640	455	861	629
64	896	704	459	861	683
64	896	768	463	861	737
64	896	832	468	862	793
64	896	896	473	863	848
64	896	960	479	863	904
64	896	1023	485	864	960
64	960	0	468	920	285
64	960	64	468	920	289
64	960	128	468	920	302
64	960	192	469	920	326
64	960	256	470	921	357
64	960	320	471	921	395
64	960	384	473	921	438
64	960	448	475	921	484
64	960	512	478	921	533
64	960	576	481	922	584
64	960	640	484	922	636
64	960	704	488	922	689
64	960	768	492	923	743
64	960	832	497	923	798
64	960	896	502	924	853
64	960	960	507	924	909
64	960	1023	512	925	964
64	1023	0	498	981	303
64	1023	64	498	981	307
64	1023	128	499	981	320
64	1023	192	499	981	342
64	1023	256	500	981	372
64	1023	320	502	981	408
64	1023	384	503	981	449
64	1023	448	505	981	494
64	1023	512	508	982	542
64	1023	576	510	982	592
64	1023	640	514	982	643
64	1023	704	517	982	696
64	1023	768	521	983	749
64	1023	832	525	983	804
64	1023	896	530	984	858
64	1023	960	535	984	914
64	1023	1023	540	985	969
128	0	0	113	31	19
128	0	64	113	31	60
128	0	128	115	33	118
128	0	192	119	37	176
128	0	256	124	41	234
128	0	320	131	46	292
128	0	384	139	52	351
128	0	448	148	58	409
128	0	512	158	64	467
128	0	576	169	70	526
128	0	640	180	77	584
128	0	704	192	84	643
128	0	768	204	90	701
128	0	832	217	97	759
128	0	896	230	104	818
128	0	960	243	111	876
128	0	1023	256	118	934
128	64	0	116	67	26
128	64	64	116	67	63
128	64	128	118	68	119
128	64	192	122	70	176
128	64	256	127	72	234
128	64	320	134	74	293
128	64	384	141	78	351
128	64	448	150	82	409
128	64	512	160	86	468
128	64	576	171	90	526
128	64	640	182	95	584
128	64	704	194	101	643
128	64	768	206	106	701
128	64	832	218	112	759
128	64	896	231	118	818
128	64	960	244	124	876
128	64	1023	257	130	934
128	128	0	126	125	41
128	128	64	126	125	70
128	128	128	128	126	122
128	128	192	131	127	179
128	128	256	136	128	236
128	128	320	142	129	294
128	128	384	149	131	352
128	128	448	158	133	410
128	128	512	167	135	468
128	128	576	177	138	527
128	128	640	188	141	585
128	128	704	199	144	643
128	128	768	211	148	702
128	128	832	223	152	760
128	128	896	236	156	818
128	128	960	248	161	877
128	128	1023	261	165	934
128	192	0	142	186	59
128	192	64	142	186	80
128	192	128	144	186	128
128	192	192	147	186	182
128	192	256	151	187	239
128	192	320	156	188	296
128	192	384	163	189	354
128	192	448	170	190	411
128	192	512	179	192	469
128	192	576	188	194	528
128	192	640	198	196	586
128	192	704	209	198	644
128	192	768	220	201	702
128	192	832	232	203	761
128	192	896	244	206	819
128	192	960	256	210	877
128	192	1023	268	213	935
128	256	0	163	247	77
128	256	64	163	247	94
128	256	128	164	247	136
128	256	192	167	247	188
128	256	256	170	248	243
128	256	320	175	248	299
128	256	384	181	249	356
128	256	448	188	250	414
128	256	512	195	251	471
128	256	576	204	252	529
128	256	640	213	254	587
128	256	704	223	256	645
128	256	768	233	257	703
128	256	832	244	260	762
128	256	896	255	262	820
128	256	960	267	264	878
128	256	1023	279	267	935
128	320	0	186	308	96
128	320	64	187	308	110
128	320	128	188	308	147
128	320	192	190	308	195
128	320	256	193	308	248
128	320	320	197	309	303
128	320	384	202	310	360
128	320	448	208	310	416
128	320	512	215	311	474
128	320	576	222	312	531
128	320	640	231	313	589
128	320	704	240	315	647
128	320	768	249	316	705
128	320	832	259	318	763
128	320	896	270	319	821
128	320	960	281	321	879
128	320	1023	292	323	936
128	384	0	212	369	115
128	384	64	212	369	126
128	384	128	213	369	159
128	384	192	215	369	204
128	384	256	218	369	255
128	384	320	221	370	308
128	384	384	226	370	364
128	384	448	231	371	420
128	384	512	237	372	477
128	384	576	244	372	534
128	384	640	251	373	591
128	384	704	259	374	649
128	384	768	268	376	707
128	384	832	277	377	765
128	384	896	287	378	823
128	384	960	297	380	881
128	384	1023	308	382	938
128	448	0	239	430	134
128	448	64	240	430	143
128	448	128	240	430	172
128	448	192	242	430	214
128	448	256	244	431	263
128	448	320	247	431	315
128	448	384	251	431	369
128	448	448	256	432	424
128	448	512	261	432	481
128	448	576	267	433	537
128	448	640	274	434	594
128	448	704	281	435	652
128	448	768	289	436	709
128	448	832	298	437	767
128	448	896	307	438	825
128	448	960	316	439	882
128	448	1023	326	441	939
128	512	0	267	491	152
128	512	64	268	491	161
128	512	128	268	491	186
128	512	192	270	492	225
128	512	256	272	492	271
128	512	320	274	492	322
128	512	384	278	492	375
128	512	448	282	493	429
128	512	512	287	493	485
128	512	576	292	494	541
128	512	640	298	495	598
128	512	704	305	495	655
128	512	768	312	496	712
128	512	832	320	497	769
128	512	896	328	498	827
128	512	960	337	499	885
128	512	1023	346	500	941
128	576	0	296	553	171
128	576	64	296	553	178
128	576	128	297	553	202
128	576	192	298	553	237
128	576	256	300	553	281
128	576	320	302	553	330
128	576	384	305	554	382
128	576	448	309	554	435
128	576	512	313	554	490
128	576	576	318	555	545
128	576	640	324	555	602
128	576	704	330	556	658
128	576	768	336	557	715
128	576	832	343	558	772
128	576	896	351	559	830
128	576	960	359	560	887
128	576	1023	367	561	944
128	640	0	325	614	190
128	640	64	325	614	197
128	640	128	326	614	217
128	640	192	327	614	251
128	640	256	329	614	292
128	640	320	331	614	339
128	640	384	334	615	389
128	640	448	337	615	442
128	640	512	341	615	496
128	640	576	345	616	550
128	640	640	350	616	606
128	640	704	356	617	662
128	640	768	362	618	719
128	640	832	368	618	775
128	640	896	375	619	833
128	640	960	383	620	890
128	640	1023	390	621	946
128	704	0	355	675	209
128	704	64	355	675	215
128	704	128	356	675	234
128	704	192	356	675	265
128	704	256	358	676	304
128	704	320	360	676	349
128	704	384	362	676	398
128	704	448	365	676	449
128	704	512	369	677	502
128	704	576	373	677	556
128	704	640	377	677	611
128	704	704	382	678	667
128	704	768	388	679	723
128	704	832	394	679	779
128	704	896	400	680	836
128	704	960	407	681	893
128	704	1023	415	681	949
128	768	0	385	737	228
128	768	64	385	737	233
128	768	128	385	737	251
128	768	192	386	737	279
128	768	256	387	737	316
128	768	320	389	737	360
128	768	384	391	737	407
128	768	448	394	737	457
128	768	512	397	738	509
128	768	576	401	738	562
128	768	640	405	739	617
128	768	704	410	739	672
128	768	768	415	740	727
128	768	832	421	740	783
128	768	896	426	741	840
128	768	960	433	741	896
128	768	1023	440	742	952
128	832	0	415	798	247
128	832	64	415	798	252
128	832	128	415	798	268
128	832	192	416	798	294
128	832	256	417	798	329
128	832	320	419	798	371
128	832	384	421	798	417
128	832	448	423	799	465
128	832	512	426	799	516
128	832	576	430	799	569
128	832	640	434	800	623
128	832	704	438	800	677
128	832	768	443	801	732
128	832	832	448	801	788
128	832	896	453	802	844
128	832	960	459	802	900
128	832	1023	465	803	956
128	896	0	445	859	266
128	896	64	445	859	270
128	896	128	445	859	285
128	896	192	446	859	310
128	896	256	447	859	343
128	896	320	449	860	383
128	896	384	451	860	427
128	896	448	453	860	475
128	896	512	456	860	524
128	896	576	459	861	576
128	896	640	462	861	629
128	896	704	466	861	683
128	896	768	471	862	738
128	896	832	475	862	793
128	896	896	481	863	848
128	896	960	486	863	904
128	896	1023	492	864	960
128	960	0	475	921	285
128	960	64	475	921	289
128	960	128	476	921	302
128	960	192	476	921	326
128	960	256	477	921	357
128	960	320	479	921	395
128	960	384	480	921	438
128	960	448	483	921	484
128	960	512	485	921	533
128	960	576	488	922	584
128	960	640	491	922	636
128	960	704	495	922	689
128	960	768	499	923	743
128	960	832	503	923	798
128	960	896	508	924	853
128	960	960	513	924	909
128	960	1023	519	925	964
128	1023	0	505	981	304
128	1023	64	505	981	307
128	1023	128	505	981	320
128	1023	192	506	981	342
128	1023	256	507	981	372
128	1023	320	508	981	408
128	1023	384	510	981	449
128	1023	448	512	982	494
128	1023	512	514	982	542
128	1023	576	517	982	592
128	1023	640	520	982	643
128	1023	704	523	983	696
128	1023	768	527	983	749
128	1023	832	531	983	804
128	1023	896	536	984	858
128	1023	960	541	984	914
128	1023	1023	546	985	969
192	0	0	169	46	28
192	0	64	169	46	63
192	0	128	171	48	119
192	0	192	173	50	177
192	0	256	177	53	235
192	0	320	181	57	293
192	0	384	187	61	351
192	0	448	193	66	409
192	0	512	201	72	468
192	0	576	209	77	526
192	0	640	218	83	584
192	0	704	227	89	643
192	0	768	237	96	701
192	0	832	248	102	760
192	0	896	259	109	818
192	0	960	271	115	876
192	0	1023	282	122	934
192	64	0	171	75	33
192	64	64	171	75	65
192	64	128	173	75	120
192	64	192	175	77	177
192	64	256	178	79	235
192	64	320	183	81	293
192	64	384	188	84	351
192	64	448	195	88	410
192	64	512	202	91	468
192	64	576	210	96	526
192	64	640	219	100	585
192	64	704	229	105	643
192	64	768	239	111	701
192	64	832	249	116	760
192	64	896	260	122	818
192	64	960	272	128	876
192	64	1023	283	134	934
192	128	0	177	129	46
192	128	64	178	129	72
192	128	128	179	129	123
192	128	192	181	130	179
192	128	256	184	131	237
192	128	320	189	132	294
192	128	384	194	134	352
192	128	448	200	136	410
192	128	512	207	139	469
192	128	576	215	141	527
192	128	640	224	144	585
192	128	704	233	148	643
192	128	768	243	151	702
192	128	832	253	155	760
192	128	896	264	159	818
192	128	960	275	163	877
192	128	1023	287	168	934
192	192	0	188	188	62
192	192	64	189	188	83
192	192	128	190	188	129
192	192	192	192	189	183
192	192	256	195	189	239
192	192	320	199	190	296
192	192	384	204	191	354
192	192	448	210	193	412
192	192	512	217	194	470
192	192	576	224	196	528
192	192	640	232	198	586
192	192	704	241	200	644
192	192	768	251	203	702
192	192	832	261	205	761
192	192	896	271	208	819
192	192	960	282	212	877
192	192	1023	293	215	935
192	256	0	204	248	80
192	256	64	204	248	96
192	256	128	205	248	137
192	256	192	207	249	189
192	256	256	210	249	243
192	256	320	213	250	300
192	256	384	218	251	356
192	256	448	223	252	414
192	256	512	230	253	472
192	256	576	237	254	529
192	256	640	244	256	587
192	256	704	253	257	645
192	256	768	262	259	704
192	256	832	271	261	762
192	256	896	281	263	820
192	256	960	292	266	878
192	256	1023	302	268	935
192	320	0	223	309	98
192	320	64	223	309	111
192	320	128	224	309	148
192	320	192	225	309	196
192	320	256	228	310	249
192	320	320	231	310	304
192	320	384	235	311	360
192	320	448	240	312	417
192	320	512	246	312	474
192	320	576	253	313	532
192	320	640	260	315	589
192	320	704	268	316	647
192	320	768	276	317	705
192	320	832	285	319	763
192	320	896	294	321	821
192	320	960	304	323	879
192	320	1023	314	324	937
192	384	0	244	370	116
192	384	64	244	370	127
192	384	128	245	370	160
192	384	192	246	370	204
192	384	256	249	370	255
192	384	320	252	371	309
192	384	384	256	371	364
192	384	448	260	372	420
192	384	512	265	373	477
192	384	576	271	373	534
192	384	640	278	374	592
192	384	704	285	375	649
192	384	768	293	377	707
192	384	832	301	378	765
192	384	896	310	379	823
192	384	960	319	381	881
192	384	1023	329	383	938
192	448	0	267	431	135
192	448	64	267	431	144
192	448	128	268	431	173
192	448	192	270	431	215
192	448	256	272	431	263
192	448	320	274	432	315
192	448	384	278	432	369
192	448	448	282	433	425
192	448	512	287	433	481
192	448	576	292	434	537
192	448	640	298	435	594
192	448	704	305	436	652
192	448	768	312	437	709
192	448	832	320	438	767
192	448	896	328	439	825
192	448	960	337	440	883
192	448	1023	346	442	940
192	512	0	292	492	153
192	512	64	292	492	161
192	512	128	293	492	187
192	512	192	294	492	226
192	512	256	296	492	272
192	512	320	299	493	322
192	512	384	302	493	375
192	512	448	305	494	430
192	512	512	310	494	485
192	512	576	315	495	541
192	512	640	320	495	598
192	512	704	326	496	655
192	512	768	333	497	712
192	512	832	340	498	769
192	512	896	348	499	827
192	512	960	356	500	885
192	512	1023	364	501	942
192	576	0	318	553	172
192	576	64	318	553	179
192	576	128	319	553	202
192	576	192	320	553	238
192	576	256	322	554	282
192	576	320	324	554	330
192	576	384	327	554	382
192	576	448	330	555	436
192	576	512	334	555	490
192	576	576	339	555	546
192	576	640	344	556	602
192	576	704	349	557	658
192	576	768	356	557	715
192	576	832	362	558	772
192	576	896	369	559	830
192	576	960	377	560	887
192	576	1023	385	561	944
192	640	0	345	614	191
192	640	64	345	614	197
192	640	128	346	615	218
192	640	192	347	615	251
192	640	256	348	615	293
192	640	320	350	615	339
192	640	384	353	615	390
192	640	448	356	616	442
192	640	512	360	616	496
192	640	576	364	616	551
192	640	640	369	617	606
192	640	704	374	618	662
192	640	768	379	618	719
192	640	832	386	619	776
192	640	896	392	620	833
192	640	960	399	621	890
192	640	1023	407	621	946
192	704	0	373	676	210
192	704	64	373	676	215
192	704	128	374	676	234
192	704	192	374	676	265
192	704	256	376	676	304
192	704	320	378	676	349
192	704	384	380	676	398
192	704	448	383	677	449
192	704	512	386	677	502
192	704	576	390	677	556
192	704	640	394	678	611
192	704	704	399	678	667
192	704	768	404	679	723
192	704	832	410	680	779
192	704	896	416	680	836
192	704	960	423	681	893
192	704	1023	430	682	949
192	768	0	401	737	229
192	768	64	401	737	234
192	768	128	402	737	251
192	768	192	403	737	280
192	768	256	404	737	317
192	768	320	405	737	360
192	768	384	408	738	407
192	768	448	410	738	457
192	768	512	413	738	509
192	768	576	417	739	562
192	768	640	421	739	617
192	768	704	425	739	672
192	768	768	430	740	727
192	768	832	435	741	783
192	768	896	441	741	840
192	768	960	447	742	897
192	768	1023	454	743	953
192	832	0	430	798	248
192	832	64	430	798	252
192	832	128	430	798	268
192	832	192	431	798	295
192	832	256	432	799	330
192	832	320	434	799	371
192	832	384	436	799	417
192	832	448	438	799	466
192	832	512	441	799	517
192	832	576	444	800	569
192	832	640	448	800	623
192	832	704	452	801	677
192	832	768	457	801	732
192	832	832	462	802	788
192	832	896	467	802	844
192	832	960	473	803	900
192	832	1023	479	803	956
192	896	0	459	860	266
192	896	64	459	860	271
192	896	128	459	860	285
192	896	192	460	860	310
192	896	256	461	860	343
192	896	320	462	860	383
192	896	384	464	860	427
192	896	448	466	860	475
192	896	512	469	861	525
192	896	576	472	861	576
192	896	640	476	861	629
192	896	704	479	862	683
192	896	768	484	862	738
192	896	832	488	863	793
192	896	896	493	863	849
192	896	960	499	864	905
192	896	1023	504	864	960
192	960	0	488	921	285
192	960	64	488	921	289
192	960	128	488	921	303
192	960	192	489	921	326
192	960	256	490	921	358
192	960	320	491	921	396
192	960	384	493	921	438
192	960	448	495	922	485
192	960	512	498	922	533
192	960	576	500	922	584
192	960	640	504	922	636
192	960	704	507	923	689
192	960	768	511	923	743
192	960	832	516	924	798
192	960	896	520	924	853
192	960	960	525	925	909
192	960	1023	531	925	964
192	1023	0	517	981	304
192	1023	64	517	981	308
192	1023	128	517	981	320
192	1023	192	518	981	342
192	1023	256	519	981	372
192	1023	320	520	982	408
192	1023	384	522	982	450
192	1023	448	524	982	495
192	1023	512	526	982	542
192	1023	576	529	982	592
192	1023	640	532	983	643
192	1023	704	535	983	696
192	1023	768	539	983	750
192	1023	832	543	984	804
192	1023	896	547	984	859
192	1023	960	552	985	914
192	1023	1023	557	985	969
256	0	0	226	61	37
256	0	64	226	62	67
256	0	128	227	63	121
256	0	192	228	64	178
256	0	256	231	67	235
256	0	320	234	69	293
256	0	384	238	73	352
256	0	448	243	77	410
256	0	512	249	82	468
256	0	576	255	87	526
256	0	640	262	92	585
256	0	704	270	97	643
256	0	768	278	103	701
256	0	832	287	109	760
256	0	896	297	115	818
256	0	960	306	121	876
256	0	1023	316	128	934
256	64	0	227	84	41
256	64	64	227	84	69
256	64	128	228	85	122
256	64	192	230	86	178
256	64	256	232	88	236
256	64	320	235	90	294
256	64	384	239	93	352
256	64	448	244	96	410
256	64	512	250	99	468
256	64	576	256	103	527
256	64	640	263	107	585
256	64	704	271	112	643
256	64	768	279	117	701
256	64	832	288	122	760
256	64	896	297	127	818
256	64	960	307	133	877
256	64	1023	317	139	934
256	128	0	231	134	51
256	128	64	232	134	75
256	128	128	233	135	125
256	128	192	234	135	180
256	128	256	237	136	237
256	128	320	240	138	295
256	128	384	244	139	353
256	128	448	249	141	411
256	128	512	254	143	469
256	128	576	260	146	527
256	128	640	267	149	585
256	128	704	275	152	644
256	128	768	283	155	702
256	128	832	292	159	760
256	128	896	301	163	819
256	128	960	310	167	877
256	128	1023	320	172	934
256	192	0	240	191	66
256	192	64	240	191	86
256	192	128	241	192	131
256	192	192	242	192	184
256	192	256	245	193	240
256	192	320	248	194	297
256	192	384	251	195	354
256	192	448	256	196	412
256	192	512	261	197	470
256	192	576	267	199	528
256	192	640	274	201	586
256	192	704	282	203	644
256	192	768	289	206	703
256	192	832	298	209	761
256	192	896	307	211	819
256	192	960	316	214	877
256	192	1023	326	218	935
256	256	0	251	251	83
256	256	64	252	251	98
256	256	128	252	251	139
256	256	192	254	251	190
256	256	256	256	252	244
256	256	320	259	252	300
256	256	384	263	253	357
256	256	448	267	254	414
256	256	512	272	255	472
256	256	576	278	256	530
256	256	640	284	258	588
256	256	704	291	260	646
256	256	768	299	261	704
256	256	832	307	263	762
256	256	896	316	266	820
256	256	960	325	268	878
256	256	1023	334	270	936
256	320	0	266	311	100
256	320	64	266	311	113
256	320	128	267	311	149
256	320	192	268	311	197
256	320	256	271	312	249
256	320	320	273	312	304
256	320	384	277	313	360
256	320	448	281	313	417
256	320	512	286	314	474
256	320	576	291	315	532
256	320	640	297	316	590
256	320	704	304	318	647
256	320	768	311	319	705
256	320	832	319	321	763
256	320	896	327	322	821
256	320	960	336	324	879
256	320	1023	345	326	937
256	384	0	284	371	118
256	384	64	284	371	129
256	384	128	285	371	161
256	384	192	286	372	205
256	384	256	288	372	256
256	384	320	290	372	310
256	384	384	293	373	365
256	384	448	297	373	421
256	384	512	302	374	477
256	384	576	307	375	535
256	384	640	313	376	592
256	384	704	319	377	649
256	384	768	326	378	707
256	384	832	333	379	765
256	384	896	341	381	823
256	384	960	349	382	881
256	384	1023	358	384	938
256	448	0	304	432	136
256	448	64	304	432	146
256	448	128	304	432	174
256	448	192	306	432	215
256	448	256	307	433	264
256	448	320	310	433	316
256	448	384	313	433	370
256	448	448	316	434	425
256	448	512	320	435	481
256	448	576	325	435	538
256	448	640	330	436	595
256	448	704	336	437	652
256	448	768	343	438	710
256	448	832	350	439	767
256	448	896	357	440	825
256	448	960	365	441	883
256	448	1023	373	443	940
256	512	0	325	493	155
256	512	64	325	493	163
256	512	128	326	493	188
256	512	192	327	493	227
256	512	256	329	494	273
256	512	320	331	494	323
256	512	384	334	494	376
256	512	448	337	495	430
256	512	512	341	495	486
256	512	576	345	496	542
256	512	640	350	496	598
256	512	704	356	497	655
256	512	768	362	498	712
256	512	832	368	499	770
256	512	896	375	500	827
256	512	960	383	501	885
256	512	1023	390	502	942
256	576	0	348	554	173
256	576	64	349	554	180
256	576	128	349	554	203
256	576	192	350	554	239
256	576	256	352	555	283
256	576	320	354	555	331
256	576	384	356	555	383
256	576	448	359	555	436
256	576	512	363	556	491
256	576	576	367	556	546
256	576	640	371	557	602
256	576	704	377	558	659
256	576	768	382	558	715
256	576	832	388	559	773
256	576	896	395	560	830
256	576	960	402	561	887
256	576	1023	409	562	944
256	640	0	373	615	192
256	640	64	373	615	198
256	640	128	373	615	219
256	640	192	374	615	252
256	640	256	376	616	293
256	640	320	378	616	340
256	640	384	380	616	390
256	640	448	383	616	442
256	640	512	386	617	496
256	640	576	390	617	551
256	640	640	394	618	607
256	640	704	399	618	663
256	640	768	404	619	719
256	640	832	410	620	776
256	640	896	416	621	833
256	640	960	423	621	890
256	640	1023	430	622	947
256	704	0	398	676	211
256	704	64	398	676	216
256	704	128	399	677	235
256	704	192	400	677	266
256	704	256	401	677	305
256	704	320	403	677	350
256	704	384	405	677	399
256	704	448	407	677	450
256	704	512	410	678	503
256	704	576	414	678	557
256	704	640	418	679	611
256	704	704	422	679	667
256	704	768	427	680	723
256	704	832	433	680	780
256	704	896	439	681	836
256	704	960	445	682	893
256	704	1023	451	683	949
256	768	0	424	738	230
256	768	64	425	738	235
256	768	128	425	738	252
256	768	192	426	738	280
256	768	256	427	738	317
256	768	320	428	738	360
256	768	384	430	738	408
256	768	448	433	739	458
256	768	512	436	739	509
256	768	576	439	739	563
256	768	640	443	740	617
256	768	704	447	740	672
256	768	768	452	741	728
256	768	832	457	741	784
256	768	896	462	742	840
256	768	960	468	743	897
256	768	1023	474	743	953
256	832	0	451	799	248
256	832	64	451	799	253
256	832	128	452	799	269
256	832	192	453	799	295
256	832	256	454	799	330
256	832	320	455	799	372
256	832	384	457	799	417
256	832	448	459	800	466
256	832	512	462	800	517
256	832	576	465	800	569
256	832	640	468	801	623
256	832	704	472	801	677
256	832	768	477	802	733
256	832	832	481	802	788
256	832	896	486	803	844
256	832	960	492	803	901
256	832	1023	498	804	956
256	896	0	479	860	267
256	896	64	479	860	271
256	896	128	479	860	286
256	896	192	480	860	311
256	896	256	481	860	344
256	896	320	482	860	384
256	896	384	484	861	428
256	896	448	486	861	475
256	896	512	489	861	525
256	896	576	491	861	577
256	896	640	495	862	629
256	896	704	498	862	683
256	896	768	502	863	738
256	896	832	507	863	793
256	896	896	512	864	849
256	896	960	517	864	905
256	896	1023	522	865	960
256	960	0	507	921	286
256	960	64	507	921	290
256	960	128	507	921	303
256	960	192	508	921	327
256	960	256	509	922	358
256	960	320	510	922	396
256	960	384	512	922	439
256	960	448	513	922	485
256	960	512	516	922	534
256	960	576	519	923	584
256	960	640	522	923	636
256	960	704	525	923	690
256	960	768	529	924	744
256	960	832	533	924	798
256	960	896	537	925	854
256	960	960	542	925	909
256	960	1023	547	926	964
256	1023	0	534	982	305
256	1023	64	534	982	308
256	1023	128	535	982	321
256	1023	192	535	982	343
256	1023	256	536	982	373
256	1023	320	537	982	409
256	1023	384	539	982	450
256	1023	448	541	982	495
256	1023	512	543	983	543
256	1023	576	546	983	592
256	1023	640	549	983	644
256	1023	704	552	983	696
256	1023	768	555	984	750
256	1023	832	559	984	804
256	1023	896	564	985	859
256	1023	960	568	985	914
256	1023	1023	573	986	969
320	0	0	282	77	46
320	0	64	282	77	72
320	0	128	283	78	124
320	0	192	284	79	179
320	0	256	286	81	237
320	0	320	289	83	294
320	0	384	292	86	352
320	0	448	296	89	410
320	0	512	300	93	469
320	0	576	305	98	527
320	0	640	311	102	585
320	0	704	317	107	643
320	0	768	324	112	702
320	0	832	332	118	760
320	0	896	340	123	818
320	0	960	348	129	877
320	0	1023	357	135	934
320	64	0	283	95	49
320	64	64	283	96	74
320	64	128	284	96	124
320	64	192	285	97	180
320	64	256	287	98	237
320	64	320	289	100	295
320	64	384	293	103	353
320	64	448	297	105	411
320	64	512	301	109	469
320	64	576	306	112	527
320	64	640	312	116	585
320	64	704	318	120	643
320	64	768	325	125	702
320	64	832	332	130	760
320	64	896	340	135	818
320	64	960	349	140	877
320	64	1023	357	145	934
320	128	0	286	141	58
320	128	64	287	141	80
320	128	128	287	141	128
320	128	192	289	142	182
320	128	256	290	143	239
320	128	320	293	144	296
320	128	384	296	146	353
320	128	448	300	147	411
320	128	512	304	150	469
320	128	576	309	152	528
320	128	640	315	155	586
320	128	704	321	158	644
320	128	768	328	161	702
320	128	832	335	165	760
320	128	896	343	168	819
320	128	960	351	172	877
320	128	1023	360	177	935
320	192	0	293	196	71
320	192	64	293	196	89
320	192	128	294	196	133
320	192	192	295	197	186
320	192	256	297	197	241
320	192	320	299	198	298
320	192	384	302	199	355
320	192	448	306	200	413
320	192	512	310	202	471
320	192	576	315	204	529
320	192	640	321	205	587
320	192	704	327	208	645
320	192	768	334	210	703
320	192	832	341	213	761
320	192	896	348	215	819
320	192	960	356	218	878
320	192	1023	365	222	935
320	256	0	302	254	87
320	256	64	302	254	102
320	256	128	303	254	141
320	256	192	304	254	191
320	256	256	306	255	245
320	256	320	308	255	301
320	256	384	311	256	358
320	256	448	315	257	415
320	256	512	319	258	472
320	256	576	324	260	530
320	256	640	329	261	588
320	256	704	335	263	646
320	256	768	341	264	704
320	256	832	348	266	762
320	256	896	356	269	820
320	256	960	364	271	879
320	256	1023	372	273	936
320	320	0	314	313	103
320	320	64	314	313	116
320	320	128	315	313	151
320	320	192	316	314	198
320	320	256	318	314	251
320	320	320	320	315	305
320	320	384	323	315	361
320	320	448	326	316	418
320	320	512	330	317	475
320	320	576	335	318	532
320	320	640	340	319	590
320	320	704	346	320	648
320	320	768	352	322	706
320	320	832	359	323	764
320	320	896	366	325	822
320	320	960	374	327	880
320	320	1023	382	329	937
320	384	0	329	373	121
320	384	64	329	373	131
320	384	128	329	374	163
320	384	192	331	374	207
320	384	256	332	374	257
320	384	320	334	374	310
320	384	384	337	375	365
320	384	448	340	375	421
320	384	512	344	376	478
320	384	576	348	377	535
320	384	640	353	378	592
320	384	704	359	379	650
320	384	768	365	380	707
320	384	832	371	381	765
320	384	896	378	383	823
320	384	960	385	384	881
320	384	1023	393	386	938
320	448	0	345	434	139
320	448	64	346	434	148
320	448	128	346	434	176
320	448	192	347	434	217
320	448	256	349	434	265
320	448	320	351	435	317
320	448	384	353	435	370
320	448	448	356	436	426
320	448	512	360	436	482
320	448	576	364	437	538
320	448	640	369	438	595
320	448	704	374	439	652
320	448	768	380	440	710
320	448	832	386	441	767
320	448	896	392	442	825
320	448	960	399	443	883
320	448	1023	407	444	940
320	512	0	364	495	157
320	512	64	364	495	165
320	512	128	365	495	190
320	512	192	366	495	228
320	512	256	367	495	274
320	512	320	369	495	324
320	512	384	372	496	376
320	512	448	374	496	431
320	512	512	378	497	486
320	512	576	382	497	542
320	512	640	386	498	599
320	512	704	391	499	655
320	512	768	396	499	713
320	512	832	402	500	770
320	512	896	409	501	827
320	512	960	415	502	885
320	512	1023	422	504	942
320	576	0	385	555	175
320	576	64	385	555	182
320	576	128	385	556	205
320	576	192	386	556	240
320	576	256	387	556	283
320	576	320	389	556	332
320	576	384	391	556	383
320	576	448	394	557	436
320	576	512	397	557	491
320	576	576	401	558	546
320	576	640	405	558	602
320	576	704	410	559	659
320	576	768	415	560	716
320	576	832	421	560	773
320	576	896	427	561	830
320	576	960	433	562	888
320	576	1023	440	563	944
320	640	0	406	616	194
320	640	64	407	616	200
320	640	128	407	616	220
320	640	192	408	617	253
320	640	256	409	617	294
320	640	320	411	617	341
320	640	384	413	617	391
320	640	448	415	618	443
320	640	512	418	618	497
320	640	576	422	618	551
320	640	640	426	619	607
320	640	704	430	619	663
320	640	768	435	620	719
320	640	832	440	621	776
320	640	896	446	622	833
320	640	960	452	622	890
320	640	1023	458	623	947
320	704	0	430	677	212
320	704	64	430	677	218
320	704	128	430	678	236
320	704	192	431	678	267
320	704	256	432	678	306
320	704	320	434	678	351
320	704	384	436	678	399
320	704	448	438	678	450
320	704	512	441	679	503
320	704	576	444	679	557
320	704	640	448	680	612
320	704	704	452	680	667
320	704	768	456	681	723
320	704	832	461	681	780
320	704	896	467	682	837
320	704	960	472	683	893
320	704	1023	478	684	950
320	768	0	454	739	231
320	768	64	454	739	236
320	768	128	454	739	253
320	768	192	455	739	281
320	768	256	456	739	318
320	768	320	457	739	361
320	768	384	459	739	408
320	768	448	461	739	458
320	768	512	464	740	510
320	768	576	467	740	563
320	768	640	471	741	617
320	768	704	475	741	672
320	768	768	479	742	728
320	768	832	484	742	784
320	768	896	489	743	840
320	768	960	494	743	897
320	768	1023	500	744	953
320	832	0	479	800	249
320	832	64	479	800	254
320	832	128	479	800	270
320	832	192	480	800	296
320	832	256	481	800	331
320	832	320	482	800	372
320	832	384	484	800	418
320	832	448	486	801	467
320	832	512	488	801	517
320	832	576	491	801	570
320	832	640	495	802	623
320	832	704	498	802	678
320	832	768	502	802	733
320	832	832	507	803	788
320	832	896	511	804	844
320	832	960	517	804	901
320	832	1023	522	805	957
320	896	0	504	861	268
320	896	64	504	861	272
320	896	128	505	861	287
320	896	192	505	861	312
320	896	256	506	861	345
320	896	320	508	861	384
320	896	384	509	861	428
320	896	448	511	862	476
320	896	512	514	862	525
320	896	576	516	862	577
320	896	640	519	863	630
320	896	704	523	863	684
320	896	768	527	863	738
320	896	832	531	864	793
320	896	896	535	864	849
320	896	960	540	865	905
320	896	1023	545	866	960
320	960	0	530	922	287
320	960	64	531	922	291
320	960	128	531	922	304
320	960	192	532	922	328
320	960	256	532	922	359
320	960	320	534	922	397
320	960	384	535	923	439
320	960	448	537	923	485
320	960	512	539	923	534
320	960	576	542	923	585
320	960	640	545	924	637
320	960	704	548	924	690
320	960	768	552	924	744
320	960	832	556	925	799
320	960	896	560	925	854
320	960	960	564	926	909
320	960	1023	569	926	965
320	1023	0	557	982	305
320	1023	64	557	982	309
320	1023	128	557	982	322
320	1023	192	558	982	343
320	1023	256	559	983	373
320	1023	320	560	983	409
320	1023	384	561	983	451
320	1023	448	563	983	496
320	1023	512	565	983	543
320	1023	576	568	983	593
320	1023	640	570	984	644
320	1023	704	573	984	697
320	1023	768	577	984	750
320	1023	832	581	985	804
320	1023	896	585	985	859
320	1023	960	589	986	914
320	1023	1023	594	986	969
384	0	0	338	92	56
384	0	64	338	92	78
384	0	128	339	93	127
384	0	192	340	94	181
384	0	256	342	95	238
384	0	320	344	97	295
384	0	384	346	100	353
384	0	448	349	103	411
384	0	512	353	106	469
384	0	576	357	110	527
384	0	640	362	114	586
384	0	704	367	118	644
384	0	768	373	123	702
384	0	832	379	127	760
384	0	896	386	133	819
384	0	960	393	138	877
384	0	1023	401	143	934
384	64	0	339	108	58
384	64	64	339	108	80
384	64	128	340	108	128
384	64	192	341	109	182
384	64	256	342	110	239
384	64	320	344	112	296
384	64	384	347	114	353
384	64	448	350	117	411
384	64	512	354	119	469
384	64	576	358	123	528
384	64	640	363	126	586
384	64	704	368	130	644
384	64	768	374	134	702
384	64	832	380	138	760
384	64	896	387	143	819
384	64	960	394	148	877
384	64	1023	402	153	935
384	128	0	342	149	66
384	128	64	342	149	85
384	128	128	343	149	131
384	128	192	344	150	184
384	128	256	345	151	240
384	128	320	347	152	297
384	128	384	350	153	354
384	128	448	353	155	412
384	128	512	357	157	470
384	128	576	361	159	528
384	128	640	365	162	586
384	128	704	371	165	644
384	128	768	376	168	703
384	128	832	383	171	761
384	128	896	389	175	819
384	128	960	396	179	877
384	128	1023	404	183	935
384	192	0	347	201	77
384	192	64	347	201	94
384	192	128	348	202	136
384	192	192	349	202	188
384	192	256	350	203	243
384	192	320	352	203	299
384	192	384	355	204	356
384	192	448	358	206	414
384	192	512	362	207	471
384	192	576	366	209	529
384	192	640	370	211	587
384	192	704	375	213	645
384	192	768	381	215	703
384	192	832	387	218	762
384	192	896	394	220	820
384	192	960	401	223	878
384	192	1023	408	226	935
384	256	0	355	258	91
384	256	64	355	258	106
384	256	128	355	258	144
384	256	192	356	258	193
384	256	256	358	259	247
384	256	320	360	260	302
384	256	384	362	260	359
384	256	448	365	261	416
384	256	512	369	262	473
384	256	576	373	264	531
384	256	640	377	265	589
384	256	704	382	267	646
384	256	768	388	268	704
384	256	832	394	270	763
384	256	896	400	272	821
384	256	960	407	275	879
384	256	1023	414	277	936
384	320	0	365	316	107
384	320	64	365	317	119
384	320	128	365	317	154
384	320	192	366	317	200
384	320	256	368	317	252
384	320	320	370	318	306
384	320	384	372	318	362
384	320	448	375	319	418
384	320	512	378	320	475
384	320	576	382	321	533
384	320	640	387	322	590
384	320	704	392	323	648
384	320	768	397	325	706
384	320	832	403	326	764
384	320	896	409	328	822
384	320	960	416	330	880
384	320	1023	423	332	937
384	384	0	377	376	124
384	384	64	377	376	134
384	384	128	378	376	165
384	384	192	379	376	209
384	384	256	380	377	258
384	384	320	382	377	311
384	384	384	384	377	366
384	384	448	387	378	422
384	384	512	390	379	479
384	384	576	394	380	536
384	384	640	398	380	593
384	384	704	403	382	650
384	384	768	408	383	708
384	384	832	414	384	766
384	384	896	420	385	824
384	384	960	426	387	881
384	384	1023	433	388	939
384	448	0	391	436	141
384	448	64	391	436	150
384	448	128	392	436	178
384	448	192	393	436	218
384	448	256	394	437	266
384	448	320	396	437	318
384	448	384	398	437	371
384	448	448	401	438	426
384	448	512	404	438	482
384	448	576	407	439	539
384	448	640	412	440	596
384	448	704	416	441	653
384	448	768	421	442	710
384	448	832	427	443	768
384	448	896	432	444	825
384	448	960	439	445	883
384	448	1023	445	446	940
384	512	0	408	496	159
384	512	64	408	496	167
384	512	128	408	497	192
384	512	192	409	497	229
384	512	256	410	497	275
384	512	320	412	497	325
384	512	384	414	497	377
384	512	448	417	498	431
384	512	512	420	498	487
384	512	576	423	499	543
384	512	640	427	500	599
384	512	704	431	500	656
384	512	768	436	501	713
384	512	832	441	502	770
384	512	896	447	503	828
384	512	960	453	504	885
384	512	1023	459	505	942
384	576	0	426	557	177
384	576	64	426	557	184
384	576	128	426	557	206
384	576	192	427	557	241
384	576	256	428	557	285
384	576	320	430	558	333
384	576	384	432	558	384
384	576	448	434	558	437
384	576	512	437	559	492
384	576	576	440	559	547
384	576	640	444	560	603
384	576	704	448	561	659
384	576	768	453	561	716
384	576	832	458	562	773
384	576	896	463	563	830
384	576	960	469	564	888
384	576	1023	475	565	944
384	640	0	445	618	195
384	640	64	445	618	202
384	640	128	446	618	222
384	640	192	446	618	254
384	640	256	447	618	295
384	640	320	449	618	342
384	640	384	451	619	392
384	640	448	453	619	444
384	640	512	456	619	497
384	640	576	459	620	552
384	640	640	462	620	607
384	640	704	466	621	663
384	640	768	471	622	720
384	640	832	476	622	776
384	640	896	481	623	833
384	640	960	486	624	891
384	640	1023	492	625	947
384	704	0	466	679	214
384	704	64	466	679	219
384	704	128	466	679	238
384	704	192	467	679	268
384	704	256	468	679	307
384	704	320	469	679	351
384	704	384	471	679	400
384	704	448	473	680	451
384	704	512	476	680	504
384	704	576	479	680	558
384	704	640	482	681	612
384	704	704	486	681	668
384	704	768	490	682	724
384	704	832	495	683	780
384	704	896	500	683	837
384	704	960	505	684	894
384	704	1023	511	685	950
384	768	0	488	740	232
384	768	64	488	740	237
384	768	128	488	740	254
384	768	192	489	740	282
384	768	256	490	740	319
384	768	320	491	740	362
384	768	384	493	740	409
384	768	448	495	741	459
384	768	512	497	741	510
384	768	576	500	741	564
384	768	640	503	742	618
384	768	704	507	742	673
384	768	768	511	743	728
384	768	832	515	743	784
384	768	896	520	744	841
384	768	960	525	745	897
384	768	1023	530	745	953
384	832	0	511	801	251
384	832	64	511	801	255
384	832	128	511	801	271
384	832	192	512	801	297
384	832	256	513	801	332
384	832	320	514	801	373
384	832	384	516	801	419
384	832	448	518	802	467
384	832	512	520	802	518
384	832	576	523	802	570
384	832	640	526	803	624
384	832	704	529	803	678
384	832	768	533	803	733
384	832	832	537	804	789
384	832	896	541	805	845
384	832	960	546	805	901
384	832	1023	551	806	957
384	896	0	535	862	269
384	896	64	535	862	274
384	896	128	535	862	288
384	896	192	536	862	313
384	896	256	536	862	346
384	896	320	538	862	385
384	896	384	539	862	429
384	896	448	541	863	476
384	896	512	543	863	526
384	896	576	546	863	577
384	896	640	549	863	630
384	896	704	552	864	684
384	896	768	555	864	739
384	896	832	559	865	794
384	896	896	564	865	849
384	896	960	568	866	905
384	896	1023	573	866	961
384	960	0	559	923	288
384	960	64	559	923	292
384	960	128	560	923	305
384	960	192	560	923	329
384	960	256	561	923	360
384	960	320	562	923	397
384	960	384	564	923	440
384	960	448	565	924	486
384	960	512	567	924	535
384	960	576	570	924	585
384	960	640	573	924	637
384	960	704	576	925	690
384	960	768	579	925	744
384	960	832	583	926	799
384	960	896	587	926	854
384	960	960	591	927	910
384	960	1023	596	927	965
384	1023	0	584	983	307
384	1023	64	584	983	310
384	1023	128	584	983	323
384	1023	192	585	983	344
384	1023	256	586	983	374
384	1023	320	587	983	410
384	1023	384	588	984	451
384	1023	448	590	984	496
384	1023	512	592	984	544
384	1023	576	594	984	593
384	1023	640	597	985	645
384	1023	704	600	985	697
384	1023	768	603	985	750
384	1023	832	606	986	805
384	1023	896	610	986	859
384	1023	960	615	987	915
384	1023	1023	619	987	969
448	0	0	395	108	65
448	0	64	395	108	85
448	0	128	395	108	130
448	0	192	396	109	184
448	0	256	397	110	240
448	0	320	399	112	297
448	0	384	401	114	354
448	0	448	404	116	412
448	0	512	407	119	470
448	0	576	411	122	528
448	0	640	415	126	586
448	0	704	419	130	644
448	0	768	424	134	703
448	0	832	430	138	761
448	0	896	435	143	819
448	0	960	442	148	877
448	0	1023	448	153	935
448	64	0	395	121	67
448	64	64	395	121	86
448	64	128	396	121	131
448	64	192	397	122	184
448	64	256	398	123	240
448	64	320	400	125	297
448	64	384	402	126	355
448	64	448	405	129	412
448	64	512	408	131	470
448	64	576	411	134	528
448	64	640	415	137	586
448	64	704	420	141	644
448	64	768	425	144	703
448	64	832	430	148	761
448	64	896	436	153	819
448	64	960	442	157	877
448	64	1023	449	162	935
448	128	0	398	158	73
448	128	64	398	158	91
448	128	128	398	159	134
448	128	192	399	159	187
448	128	256	400	160	242
448	128	320	402	161	298
448	128	384	404	162	355
448	128	448	407	164	413
448	128	512	410	166	471
448	128	576	414	168	529
448	128	640	418	170	587
448	128	704	422	173	645
448	128	768	427	176	703
448	128	832	432	179	761
448	128	896	438	183	820
448	128	960	444	186	878
448	128	1023	451	190	935
448	192	0	402	208	84
448	192	64	402	208	99
448	192	128	403	208	140
448	192	192	403	209	190
448	192	256	405	209	244
448	192	320	406	210	300
448	192	384	409	211	357
448	192	448	411	212	414
448	192	512	414	213	472
448	192	576	418	215	530
448	192	640	422	217	588
448	192	704	426	219	646
448	192	768	431	221	704
448	192	832	436	224	762
448	192	896	442	226	820
448	192	960	448	229	878
448	192	1023	455	232	936
448	256	0	408	263	97
448	256	64	409	263	110
448	256	128	409	263	147
448	256	192	410	263	195
448	256	256	411	264	248
448	256	320	413	264	303
448	256	384	415	265	360
448	256	448	417	266	417
448	256	512	420	267	474
448	256	576	424	268	531
448	256	640	428	270	589
448	256	704	432	271	647
448	256	768	437	273	705
448	256	832	442	275	763
448	256	896	448	277	821
448	256	960	454	279	879
448	256	1023	460	282	936
448	320	0	417	320	112
448	320	64	417	320	123
448	320	128	417	320	157
448	320	192	418	321	202
448	320	256	419	321	254
448	320	320	421	322	308
448	320	384	423	322	363
448	320	448	426	323	419
448	320	512	429	324	476
448	320	576	432	325	534
448	320	640	436	326	591
448	320	704	440	327	649
448	320	768	445	328	706
448	320	832	450	330	764
448	320	896	455	332	822
448	320	960	461	333	880
448	320	1023	467	335	938
448	384	0	427	379	128
448	384	64	428	379	138
448	384	128	428	379	168
448	384	192	429	379	211
448	384	256	430	380	260
448	384	320	431	380	313
448	384	384	433	381	367
448	384	448	436	381	423
448	384	512	439	382	479
448	384	576	442	383	536
448	384	640	446	384	593
448	384	704	450	385	651
448	384	768	454	386	708
448	384	832	459	387	766
448	384	896	465	388	824
448	384	960	471	390	882
448	384	1023	477	391	939
448	448	0	440	439	145
448	448	64	440	439	153
448	448	128	440	439	180
448	448	192	441	439	220
448	448	256	442	439	268
448	448	320	444	439	319
448	448	384	446	440	372
448	448	448	448	440	427
448	448	512	451	441	483
448	448	576	454	442	539
448	448	640	458	442	596
448	448	704	462	443	653
448	448	768	466	444	711
448	448	832	471	445	768
448	448	896	476	446	826
448	448	960	482	448	884
448	448	1023	488	449	941
448	512	0	454	499	162
448	512	64	454	499	170
448	512	128	455	499	194
448	512	192	455	499	231
448	512	256	456	499	276
448	512	320	458	499	326
448	512	384	460	500	378
448	512	448	462	500	432
448	512	512	465	501	487
448	512	576	468	501	543
448	512	640	471	502	600
448	512	704	475	503	656
448	512	768	479	503	713
448	512	832	484	504	771
448	512	896	489	505	828
448	512	960	494	506	886
448	512	1023	500	508	943
448	576	0	470	559	180
448	576	64	470	559	186
448	576	128	470	559	209
448	576	192	471	559	243
448	576	256	472	559	286
448	576	320	474	560	334
448	576	384	475	560	385
448	576	448	477	560	438
448	576	512	480	561	492
448	576	576	483	561	548
448	576	640	486	562	604
448	576	704	490	562	660
448	576	768	494	563	717
448	576	832	499	564	774
448	576	896	504	565	831
448	576	960	509	566	888
448	576	1023	514	567	945
448	640	0	487	620	198
448	640	64	487	620	204
448	640	128	488	620	224
448	640	192	488	620	256
448	640	256	489	620	297
448	640	320	491	620	343
448	640	384	492	620	393
448	640	448	495	621	445
448	640	512	497	621	498
448	640	576	500	622	553
448	640	640	503	622	608
448	640	704	507	623	664
448	640	768	511	623	720
448	640	832	515	624	777
448	640	896	520	625	834
448	640	960	525	626	891
448	640	1023	530	626	947
448	704	0	506	680	216
448	704	64	506	680	221
448	704	128	506	680	240
448	704	192	507	680	270
448	704	256	508	681	308
448	704	320	509	681	353
448	704	384	511	681	401
448	704	448	513	681	452
448	704	512	515	682	504
448	704	576	518	682	558
448	704	640	521	682	613
448	704	704	524	683	668
448	704	768	528	684	724
448	704	832	532	684	781
448	704	896	537	685	837
448	704	960	542	686	894
448	704	1023	547	686	950
448	768	0	526	741	234
448	768	64	526	741	239
448	768	128	526	741	256
448	768	192	527	741	284
448	768	256	528	741	320
448	768	320	529	742	363
448	768	384	531	742	410
448	768	448	533	742	460
448	768	512	535	742	511
448	768	576	537	743	564
448	768	640	540	743	618
448	768	704	544	744	673
448	768	768	547	744	729
448	768	832	551	745	785
448	768	896	556	745	841
448	768	960	560	746	898
448	768	1023	565	747	954
448	832	0	547	802	252
448	832	64	547	802	257
448	832	128	547	802	273
448	832	192	548	802	299
448	832	256	549	802	333
448	832	320	550	802	374
448	832	384	552	803	420
448	832	448	553	803	468
448	832	512	556	803	519
448	832	576	558	803	571
448	832	640	561	804	624
448	832	704	564	804	679
448	832	768	567	805	734
448	832	832	571	805	789
448	832	896	575	806	845
448	832	960	580	806	901
448	832	1023	585	807	957
448	896	0	569	863	271
448	896	64	569	863	275
448	896	128	569	863	290
448	896	192	570	863	314
448	896	256	571	863	347
448	896	320	572	863	386
448	896	384	573	864	430
448	896	448	575	864	477
448	896	512	577	864	527
448	896	576	580	864	578
448	896	640	582	865	631
448	896	704	585	865	685
448	896	768	589	865	739
448	896	832	592	866	794
448	896	896	596	866	850
448	896	960	600	867	906
448	896	1023	605	868	961
448	960	0	592	924	290
448	960	64	592	924	293
448	960	128	592	924	307
448	960	192	593	924	330
448	960	256	594	924	361
448	960	320	595	924	398
448	960	384	596	925	441
448	960	448	598	925	487
448	960	512	600	925	535
448	960	576	602	925	586
448	960	640	604	926	638
448	960	704	607	926	691
448	960	768	611	926	745
448	960	832	614	927	799
448	960	896	618	927	855
448	960	960	622	928	910
448	960	1023	626	928	965
448	1023	0	615	984	308
448	1023	64	615	984	311
448	1023	128	616	984	324
448	1023	192	616	984	346
448	1023	256	617	984	375
448	1023	320	618	984	411
448	1023	384	619	985	452
448	1023	448	621	985	497
448	1023	512	623	985	544
448	1023	576	625	985	594
448	1023	640	627	986	645
448	1023	704	630	986	697
448	1023	768	633	986	751
448	1023	832	636	987	805
448	1023	896	640	987	860
448	1023	960	644	988	915
448	1023	1023	648	988	970
512	0	0	451	123	74
512	0	64	451	123	92
512	0	128	452	123	135
512	0	192	452	124	187
512	0	256	453	125	242
512	0	320	455	127	298
512	0	384	457	128	356
512	0	448	459	131	413
512	0	512	462	133	471
512	0	576	465	136	529
512	0	640	468	139	587
512	0	704	472	142	645
512	0	768	476	146	703
512	0	832	481	150	761
512	0	896	486	154	820
512	0	960	492	159	878
512	0	1023	497	163	935
512	64	0	452	134	76
512	64	64	452	135	93
512	64	128	452	135	136
512	64	192	453	136	187
512	64	256	454	136	242
512	64	320	455	138	299
512	64	384	457	139	356
512	64	448	460	141	413
512	64	512	462	144	471
512	64	576	465	146	529
512	64	640	469	149	587
512	64	704	473	152	645
512	64	768	477	156	703
512	64	832	482	159	761
512	64	896	487	163	820
512	64	960	492	167	878
512	64	1023	498	172	935
512	128	0	454	168	82
512	128	64	454	168	97
512	128	128	454	169	138
512	128	192	455	169	189
512	128	256	456	170	244
512	128	320	457	171	300
512	128	384	459	172	357
512	128	448	462	174	414
512	128	512	464	175	472
512	128	576	467	177	530
512	128	640	471	180	588
512	128	704	475	182	646
512	128	768	479	185	704
512	128	832	484	188	762
512	128	896	489	191	820
512	128	960	494	195	878
512	128	1023	500	198	936
512	192	0	457	215	91
512	192	64	457	215	105
512	192	128	458	216	144
512	192	192	459	216	193
512	192	256	460	216	246
512	192	320	461	217	302
512	192	384	463	218	358
512	192	448	465	219	416
512	192	512	468	221	473
512	192	576	471	222	531
512	192	640	474	224	588
512	192	704	478	226	646
512	192	768	482	228	704
512	192	832	487	230	763
512	192	896	492	233	821
512	192	960	497	236	879
512	192	1023	503	239	936
512	256	0	463	268	103
512	256	64	463	269	115
512	256	128	463	269	151
512	256	192	464	269	198
512	256	256	465	269	250
512	256	320	467	270	305
512	256	384	468	271	361
512	256	448	471	272	418
512	256	512	473	273	475
512	256	576	476	274	532
512	256	640	480	275	590
512	256	704	483	277	648
512	256	768	488	278	706
512	256	832	492	280	764
512	256	896	497	282	822
512	256	960	502	284	880
512	256	1023	508	287	937
512	320	0	470	325	117
512	320	64	470	325	128
512	320	128	471	325	160
512	320	192	471	325	205
512	320	256	472	326	256
512	320	320	474	326	309
512	320	384	476	327	364
512	320	448	478	327	420
512	320	512	480	328	477
512	320	576	483	329	534
512	320	640	487	330	592
512	320	704	490	331	649
512	320	768	494	333	707
512	320	832	499	334	765
512	320	896	504	336	823
512	320	960	509	338	881
512	320	1023	515	340	938
512	384	0	479	383	132
512	384	64	479	383	142
512	384	128	480	383	171
512	384	192	480	383	213
512	384	256	481	383	262
512	384	320	483	384	314
512	384	384	485	384	369
512	384	448	487	385	424
512	384	512	489	385	480
512	384	576	492	386	537
512	384	640	495	387	594
512	384	704	499	388	651
512	384	768	503	389	709
512	384	832	507	391	767
512	384	896	512	392	824
512	384	960	517	393	882
512	384	1023	523	395	939
512	448	0	490	442	148
512	448	64	490	442	157
512	448	128	491	442	183
512	448	192	491	442	223
512	448	256	492	442	269
512	448	320	494	443	320
512	448	384	495	443	374
512	448	448	497	443	428
512	448	512	500	444	484
512	448	576	503	445	540
512	448	640	506	445	597
512	448	704	509	446	654
512	448	768	513	447	711
512	448	832	518	448	769
512	448	896	522	449	826
512	448	960	527	451	884
512	448	1023	533	452	941
512	512	0	503	501	165
512	512	64	503	501	173
512	512	128	503	501	197
512	512	192	504	502	233
512	512	256	505	502	278
512	512	320	506	502	327
512	512	384	508	502	379
512	512	448	510	503	433
512	512	512	512	503	488
512	512	576	515	504	544
512	512	640	518	504	600
512	512	704	521	505	657
512	512	768	525	506	714
512	512	832	529	507	771
512	512	896	534	508	829
512	512	960	539	509	886
512	512	1023	544	510	943
512	576	0	517	561	183
512	576	64	517	561	189
512	576	128	517	561	211
512	576	192	518	561	245
512	576	256	519	562	288
512	576	320	520	562	335
512	576	384	522	562	386
512	576	448	524	563	439
512	576	512	526	563	493
512	576	576	528	564	548
512	576	640	531	564	604
512	576	704	535	565	661
512	576	768	539	565	717
512	576	832	543	566	774
512	576	896	547	567	831
512	576	960	552	568	889
512	576	1023	557	569	945
512	640	0	532	622	200
512	640	64	532	622	206
512	640	128	533	622	226
512	640	192	533	622	258
512	640	256	534	622	298
512	640	320	535	622	344
512	640	384	537	622	394
512	640	448	539	623	446
512	640	512	541	623	499
512	640	576	544	624	553
512	640	640	547	624	609
512	640	704	550	625	664
512	640	768	553	625	721
512	640	832	557	626	777
512	640	896	562	627	834
512	640	960	566	628	891
512	640	1023	571	628	948
512	704	0	549	682	218
512	704	64	549	682	224
512	704	128	550	682	242
512	704	192	550	682	271
512	704	256	551	682	310
512	704	320	552	683	354
512	704	384	554	683	402
512	704	448	556	683	453
512	704	512	558	683	505
512	704	576	560	684	559
512	704	640	563	684	614
512	704	704	566	685	669
512	704	768	570	685	725
512	704	832	573	686	781
512	704	896	577	687	838
512	704	960	582	687	895
512	704	1023	587	688	951
512	768	0	567	743	236
512	768	64	567	743	241
512	768	128	568	743	258
512	768	192	568	743	286
512	768	256	569	743	322
512	768	320	570	743	364
512	768	384	572	743	411
512	768	448	573	744	460
512	768	512	576	744	512
512	768	576	578	744	565
512	768	640	581	745	619
512	768	704	584	745	674
512	768	768	587	746	729
512	768	832	591	746	785
512	768	896	595	747	841
512	768	960	599	748	898
512	768	1023	603	748	954
512	832	0	587	803	254
512	832	64	587	804	259
512	832	128	587	804	274
512	832	192	588	804	300
512	832	256	588	804	335
512	832	320	589	804	375
512	832	384	591	804	421
512	832	448	593	804	469
512	832	512	594	805	519
512	832	576	597	805	572
512	832	640	599	805	625
512	832	704	602	806	679
512	832	768	605	806	734
512	832	832	609	807	790
512	832	896	613	807	846
512	832	960	617	808	902
512	832	1023	621	809	958
512	896	0	607	864	273
512	896	64	607	864	277
512	896	128	607	864	291
512	896	192	608	864	316
512	896	256	609	865	348
512	896	320	610	865	387
512	896	384	611	865	431
512	896	448	613	865	478
512	896	512	615	865	528
512	896	576	617	866	579
512	896	640	619	866	631
512	896	704	622	866	685
512	896	768	625	867	740
512	896	832	628	867	795
512	896	896	632	868	850
512	896	960	636	868	906
512	896	1023	640	869	961
512	960	0	628	925	291
512	960	64	628	925	295
512	960	128	629	925	308
512	960	192	629	925	331
512	960	256	630	925	362
512	960	320	631	926	400
512	960	384	632	926	442
512	960	448	634	926	488
512	960	512	635	926	536
512	960	576	638	926	587
512	960	640	640	927	638
512	960	704	643	927	691
512	960	768	646	928	745
512	960	832	649	928	800
512	960	896	652	928	855
512	960	960	656	929	911
512	960	1023	660	930	966
512	1023	0	650	985	309
512	1023	64	650	985	313
512	1023	128	650	985	325
512	1023	192	651	985	347
512	1023	256	652	985	376
512	1023	320	652	986	412
512	1023	384	654	986	453
512	1023	448	655	986	498
512	1023	512	657	986	545
512	1023	576	659	986	595
512	1023	640	661	987	646
512	1023	704	664	987	698
512	1023	768	667	987	751
512	1023	832	670	988	805
512	1023	896	673	988	860
512	1023	960	677	989	915
512	1023	1023	681	989	970
576	0	0	507	138	84
576	0	64	507	138	99
576	0	128	508	139	140
576	0	192	508	139	190
576	0	256	509	140	244
576	0	320	511	142	300
576	0	384	512	143	357
576	0	448	514	145	414
576	0	512	517	147	472
576	0	576	519	150	530
576	0	640	522	152	588
576	0	704	526	156	646
576	0	768	530	159	704
576	0	832	534	162	762
576	0	896	538	166	820
576	0	960	543	170	878
576	0	1023	548	175	936
576	64	0	508	148	85
576	64	64	508	148	100
576	64	128	508	149	140
576	64	192	509	149	191
576	64	256	510	150	245
576	64	320	511	151	301
576	64	384	513	153	357
576	64	448	515	155	415
576	64	512	517	157	472
576	64	576	520	159	530
576	64	640	523	161	588
576	64	704	526	164	646
576	64	768	530	168	704
576	64	832	534	171	762
576	64	896	539	175	820
576	64	960	544	178	878
576	64	1023	549	182	936
576	128	0	510	179	90
576	128	64	510	179	104
576	128	128	510	180	143
576	128	192	511	180	193
576	128	256	512	181	246
576	128	320	513	182	302
576	128	384	515	183	358
576	128	448	517	184	415
576	128	512	519	186	473
576	128	576	522	188	531
576	128	640	525	190	588
576	128	704	528	192	646
576	128	768	532	195	704
576	128	832	536	198	762
576	128	896	540	201	821
576	128	960	545	204	879
576	128	1023	550	207	936
576	192	0	513	224	98
576	192	64	513	224	111
576	192	128	513	224	148
576	192	192	514	224	196
576	192	256	515	225	249
576	192	320	516	225	304
576	192	384	518	226	360
576	192	448	520	227	417
576	192	512	522	229	474
576	192	576	525	230	532
576	192	640	528	232	589
576	192	704	531	234	647
576	192	768	535	236	705
576	192	832	539	238	763
576	192	896	543	240	821
576	192	960	548	243	879
576	192	1023	553	246	937
576	256	0	518	275	109
576	256	64	518	275	121
576	256	128	518	275	155
576	256	192	519	275	201
576	256	256	520	276	253
576	256	320	521	276	307
576	256	384	523	277	362
576	256	448	524	278	419
576	256	512	527	279	476
576	256	576	529	280	533
576	256	640	532	281	591
576	256	704	536	283	648
576	256	768	539	285	706
576	256	832	543	286	764
576	256	896	548	288	822
576	256	960	553	290	880
576	256	1023	558	293	937
576	320	0	524	330	123
576	320	64	524	330	133
576	320	128	525	330	164
576	320	192	525	330	208
576	320	256	526	331	258
576	320	320	527	331	311
576	320	384	529	332	366
576	320	448	531	332	422
576	320	512	533	333	478
576	320	576	536	334	535
576	320	640	539	335	593
576	320	704	542	336	650
576	320	768	546	338	708
576	320	832	550	339	765
576	320	896	554	341	823
576	320	960	559	343	881
576	320	1023	564	344	938
576	384	0	532	387	137
576	384	64	532	387	146
576	384	128	533	387	175
576	384	192	533	387	216
576	384	256	534	388	264
576	384	320	535	388	316
576	384	384	537	388	370
576	384	448	539	389	425
576	384	512	541	390	481
576	384	576	543	390	538
576	384	640	546	391	595
576	384	704	550	392	652
576	384	768	553	393	710
576	384	832	557	395	767
576	384	896	561	396	825
576	384	960	566	397	883
576	384	1023	571	399	940
576	448	0	542	445	153
576	448	64	542	445	161
576	448	128	542	445	187
576	448	192	543	446	225
576	448	256	544	446	272
576	448	320	545	446	322
576	448	384	546	446	375
576	448	448	548	447	430
576	448	512	550	448	485
576	448	576	553	448	541
576	448	640	556	449	598
576	448	704	559	450	655
576	448	768	562	451	712
576	448	832	566	452	769
576	448	896	570	453	827
576	448	960	575	454	885
576	448	1023	580	455	941
576	512	0	553	504	169
576	512	64	553	504	176
576	512	128	553	504	200
576	512	192	554	505	236
576	512	256	555	505	280
576	512	320	556	505	329
576	512	384	557	505	381
576	512	448	559	506	435
576	512	512	561	506	489
576	512	576	564	507	545
576	512	640	566	508	601
576	512	704	570	508	658
576	512	768	573	509	715
576	512	832	577	510	772
576	512	896	581	511	829
576	512	960	585	512	887
576	512	1023	590	513	943
576	576	0	565	564	186
576	576	64	566	564	192
576	576	128	566	564	214
576	576	192	566	564	248
576	576	256	567	564	290
576	576	320	568	565	337
576	576	384	570	565	388
576	576	448	572	565	440
576	576	512	574	566	494
576	576	576	576	566	549
576	576	640	579	567	605
576	576	704	582	567	661
576	576	768	585	568	718
576	576	832	589	569	775
576	576	896	593	570	832
576	576	960	597	571	889
576	576	1023	602	572	946
576	640	0	580	624	203
576	640	64	580	624	209
576	640	128	580	624	229
576	640	192	580	624	260
576	640	256	581	624	300
576	640	320	582	624	346
576	640	384	584	625	395
576	640	448	585	625	447
576	640	512	587	625	500
576	640	576	590	626	554
576	640	640	592	626	609
576	640	704	595	627	665
576	640	768	599	628	721
576	640	832	602	628	778
576	640	896	606	629	835
576	640	960	610	630	892
576	640	1023	615	631	948
576	704	0	595	684	221
576	704	64	595	684	226
576	704	128	595	684	244
576	704	192	596	684	274
576	704	256	597	684	312
576	704	320	598	685	355
576	704	384	599	685	403
576	704	448	601	685	454
576	704	512	602	686	506
576	704	576	605	686	560
576	704	640	607	686	614
576	704	704	610	687	670
576	704	768	613	687	725
576	704	832	617	688	782
576	704	896	621	689	838
576	704	960	625	690	895
576	704	1023	629	690	951
576	768	0	611	745	239
576	768	64	611	745	244
576	768	128	612	745	260
576	768	192	612	745	288
576	768	256	613	745	324
576	768	320	614	745	366
576	768	384	615	745	412
576	768	448	617	746	462
576	768	512	619	746	513
576	768	576	621	746	566
576	768	640	623	747	620
576	768	704	626	747	675
576	768	768	629	748	730
576	768	832	633	748	786
576	768	896	636	749	842
576	768	960	640	749	899
576	768	1023	645	750	954
576	832	0	629	805	257
576	832	64	629	805	261
576	832	128	629	805	276
576	832	192	630	805	302
576	832	256	631	805	336
576	832	320	632	806	377
576	832	384	633	806	422
576	832	448	634	806	470
576	832	512	636	806	520
576	832	576	638	807	573
576	832	640	641	807	626
576	832	704	643	807	680
576	832	768	646	808	735
576	832	832	650	808	790
576	832	896	653	809	846
576	832	960	657	810	902
576	832	1023	661	810	958
576	896	0	648	866	275
576	896	64	648	866	279
576	896	128	648	866	293
576	896	192	649	866	317
576	896	256	649	866	350
576	896	320	650	866	389
576	896	384	652	866	432
576	896	448	653	867	479
576	896	512	655	867	528
576	896	576	657	867	580
576	896	640	659	868	632
576	896	704	662	868	686
576	896	768	665	868	740
576	896	832	668	869	795
576	896	896	671	869	851
576	896	960	675	870	907
576	896	1023	679	871	962
576	960	0	668	927	293
576	960	64	668	927	297
576	960	128	668	927	310
576	960	192	668	927	333
576	960	256	669	927	364
576	960	320	670	927	401
576	960	384	671	927	443
576	960	448	673	927	489
576	960	512	674	928	537
576	960	576	676	928	587
576	960	640	678	928	639
576	960	704	681	929	692
576	960	768	684	929	746
576	960	832	687	929	800
576	960	896	690	930	856
576	960	960	694	930	911
576	960	1023	698	931	966
576	1023	0	688	987	311
576	1023	64	688	987	315
576	1023	128	688	987	327
576	1023	192	689	987	348
576	1023	256	689	987	378
576	1023	320	690	987	414
576	1023	384	691	987	454
576	1023	448	693	987	499
576	1023	512	694	988	546
576	1023	576	696	988	595
576	1023	640	698	988	646
576	1023	704	701	988	699
576	1023	768	703	989	752
576	1023	832	706	989	806
576	1023	896	710	990	861
576	1023	960	713	990	916
576	1023	1023	717	991	971
640	0	0	564	154	93
640	0	64	564	154	107
640	0	128	564	154	145
640	0	192	565	155	194
640	0	256	566	155	247
640	0	320	567	157	302
640	0	384	568	158	359
640	0	448	570	160	416
640	0	512	572	162	473
640	0	576	574	164	531
640	0	640	577	166	589
640	0	704	580	169	647
640	0	768	583	172	705
640	0	832	587	175	763
640	0	896	591	179	821
640	0	960	596	183	879
640	0	1023	600	187	936
640	64	0	564	163	94
640	64	64	564	163	108
640	64	128	565	163	145
640	64	192	565	164	194
640	64	256	566	164	247
640	64	320	567	165	303
640	64	384	569	167	359
640	64	448	570	168	416
640	64	512	572	170	473
640	64	576	575	172	531
640	64	640	577	174	589
640	64	704	581	177	647
640	64	768	584	180	705
640	64	832	588	183	763
640	64	896	592	186	821
640	64	960	596	190	879
640	64	1023	601	194	936
640	128	0	566	191	98
640	128	64	566	191	112
640	128	128	566	191	148
640	128	192	567	192	196
640	128	256	568	192	249
640	128	320	569	193	304
640	128	384	570	194	360
640	128	448	572	195	417
640	128	512	574	197	474
640	128	576	576	199	532
640	128	640	579	201	589
640	128	704	582	203	647
640	128	768	585	205	705
640	128	832	589	208	763
640	128	896	593	211	821
640	128	960	597	214	879
640	128	1023	602	217	937
640	192	0	569	233	106
640	192	64	569	233	118
640	192	128	569	233	153
640	192	192	570	233	200
640	192	256	570	234	251
640	192	320	572	234	306
640	192	384	573	235	362
640	192	448	575	236	418
640	192	512	577	237	475
640	192	576	579	239	533
640	192	640	582	240	590
640	192	704	585	242	648
640	192	768	588	244	706
640	192	832	592	246	764
640	192	896	596	249	822
640	192	960	600	251	880
640	192	1023	605	254	937
640	256	0	573	282	116
640	256	64	573	282	127
640	256	128	573	282	160
640	256	192	574	282	205
640	256	256	575	283	255
640	256	320	576	283	309
640	256	384	577	284	364
640	256	448	579	285	420
640	256	512	581	286	477
640	256	576	583	287	534
640	256	640	586	288	592
640	256	704	589	290	649
640	256	768	592	291	707
640	256	832	596	293	765
640	256	896	600	295	823
640	256	960	604	297	881
640	256	1023	609	299	938
640	320	0	579	336	129
640	320	64	579	336	138
640	320	128	579	336	168
640	320	192	579	336	211
640	320	256	580	336	260
640	320	320	581	337	313
640	320	384	583	337	367
640	320	448	584	338	423
640	320	512	586	339	479
640	320	576	589	340	536
640	320	640	591	341	593
640	320	704	594	342	651
640	320	768	598	343	708
640	320	832	601	345	766
640	320	896	605	346	824
640	320	960	609	348	882
640	320	1023	614	350	939
640	384	0	586	392	142
640	384	64	586	392	151
640	384	128	586	392	179
640	384	192	587	392	219
640	384	256	587	392	267
640	384	320	588	393	318
640	384	384	590	393	372
640	384	448	592	394	427
640	384	512	593	394	483
640	384	576	596	395	539
640	384	640	598	396	596
640	384	704	601	397	653
640	384	768	605	398	710
640	384	832	608	399	768
640	384	896	612	401	826
640	384	960	616	402	883
640	384	1023	621	404	940
640	448	0	594	449	157
640	448	64	594	449	165
640	448	128	595	449	190
640	448	192	595	450	228
640	448	256	596	450	274
640	448	320	597	450	324
640	448	384	598	450	377
640	448	448	600	451	431
640	448	512	602	452	486
640	448	576	604	452	542
640	448	640	607	453	599
640	448	704	610	454	656
640	448	768	613	455	713
640	448	832	616	456	770
640	448	896	620	457	828
640	448	960	624	458	885
640	448	1023	629	459	942
640	512	0	604	508	173
640	512	64	604	508	180
640	512	128	605	508	203
640	512	192	605	508	239
640	512	256	606	508	282
640	512	320	607	508	331
640	512	384	608	509	382
640	512	448	610	509	436
640	512	512	612	510	491
640	512	576	614	510	546
640	512	640	616	511	602
640	512	704	619	512	659
640	512	768	622	512	715
640	512	832	626	513	773
640	512	896	630	514	830
640	512	960	634	515	887
640	512	1023	638	517	944
640	576	0	616	567	190
640	576	64	616	567	196
640	576	128	616	567	217
640	576	192	616	567	250
640	576	256	617	567	292
640	576	320	618	568	339
640	576	384	620	568	389
640	576	448	621	568	442
640	576	512	623	569	495
640	576	576	625	569	550
640	576	640	628	570	606
640	576	704	630	570	662
640	576	768	633	571	719
640	576	832	637	572	775
640	576	896	640	573	832
640	576	960	644	574	890
640	576	1023	649	575	946
640	640	0	628	627	207
640	640	64	628	627	212
640	640	128	629	627	232
640	640	192	629	627	263
640	640	256	630	627	302
640	640	320	631	627	348
640	640	384	632	627	397
640	640	448	634	628	448
640	640	512	636	628	501
640	640	576	638	629	555
640	640	640	640	629	610
640	640	704	643	630	666
640	640	768	646	630	722
640	640	832	649	631	779
640	640	896	653	632	835
640	640	960	656	633	893
640	640	1023	660	633	949
640	704	0	642	687	224
640	704	64	642	687	229
640	704	128	643	687	247
640	704	192	643	687	276
640	704	256	644	687	314
640	704	320	645	687	357
640	704	384	646	687	405
640	704	448	647	688	455
640	704	512	649	688	507
640	704	576	651	688	561
640	704	640	654	689	615
640	704	704	656	689	670
640	704	768	659	690	726
640	704	832	662	690	782
640	704	896	666	691	839
640	704	960	670	692	896
640	704	1023	674	693	952
640	768	0	657	747	241
640	768	64	657	747	246
640	768	128	658	747	263
640	768	192	658	747	290
640	768	256	659	747	326
640	768	320	660	747	368
640	768	384	661	747	414
640	768	448	662	748	463
640	768	512	664	748	514
640	768	576	666	748	567
640	768	640	668	749	621
640	768	704	671	749	675
640	768	768	674	750	731
640	768	832	677	750	786
640	768	896	680	751	843
640	768	960	684	752	899
640	768	1023	688	752	955
640	832	0	674	807	259
640	832	64	674	807	264
640	832	128	674	807	279
640	832	192	674	807	304
640	832	256	675	807	338
640	832	320	676	808	379
640	832	384	677	808	423
640	832	448	679	808	471
640	832	512	680	808	522
640	832	576	682	809	573
640	832	640	684	809	627
640	832	704	687	809	681
640	832	768	690	810	736
640	832	832	693	810	791
640	832	896	696	811	847
640	832	960	700	812	903
640	832	1023	703	812	959
640	896	0	691	868	277
640	896	64	691	868	281
640	896	128	691	868	295
640	896	192	692	868	319
640	896	256	692	868	352
640	896	320	693	868	390
640	896	384	694	868	434
640	896	448	696	869	480
640	896	512	697	869	530
640	896	576	699	869	581
640	896	640	701	869	633
640	896	704	704	870	687
640	896	768	707	870	741
640	896	832	709	871	796
640	896	896	713	871	851
640	896	960	716	872	907
640	896	1023	720	872	962
640	960	0	709	928	295
640	960	64	709	928	299
640	960	128	710	928	312
640	960	192	710	929	335
640	960	256	711	929	365
640	960	320	711	929	402
640	960	384	713	929	444
640	960	448	714	929	490
640	960	512	715	929	538
640	960	576	717	930	588
640	960	640	719	930	640
640	960	704	722	930	693
640	960	768	724	931	747
640	960	832	727	931	801
640	960	896	730	932	856
640	960	960	734	932	912
640	960	1023	737	933	967
640	1023	0	728	988	313
640	1023	64	728	988	317
640	1023	128	728	988	329
640	1023	192	729	988	350
640	1023	256	729	988	379
640	1023	320	730	989	415
640	1023	384	731	989	456
640	1023	448	733	989	500
640	1023	512	734	989	547
640	1023	576	736	989	596
640	1023	640	738	990	647
640	1023	704	740	990	700
640	1023	768	743	990	753
640	1023	832	746	991	807
640	1023	896	749	991	861
640	1023	960	752	992	916
640	1023	1023	755	992	971
704	0	0	620	169	102
704	0	64	620	169	115
704	0	128	621	169	150
704	0	192	621	170	198
704	0	256	622	171	250
704	0	320	623	172	305
704	0	384	624	173	361
704	0	448	626	174	418
704	0	512	627	176	475
704	0	576	630	178	532
704	0	640	632	180	590
704	0	704	635	183	648
704	0	768	638	186	705
704	0	832	641	189	763
704	0	896	645	192	821
704	0	960	649	195	880
704	0	1023	653	199	937
704	64	0	621	177	103
704	64	64	621	177	116
704	64	128	621	177	151
704	64	192	621	178	198
704	64	256	622	179	250
704	64	320	623	180	305
704	64	384	624	181	361
704	64	448	626	182	418
704	64	512	628	184	475
704	64	576	630	186	532
704	64	640	632	188	590
704	64	704	635	190	648
704	64	768	638	193	706
704	64	832	641	196	764
704	64	896	645	199	822
704	64	960	649	202	880
704	64	1023	653	206	937
704	128	0	622	203	107
704	128	64	622	203	119
704	128	128	622	203	154
704	128	192	623	204	200
704	128	256	624	204	252
704	128	320	625	205	306
704	128	384	626	206	362
704	128	448	627	207	418
704	128	512	629	209	475
704	128	576	631	210	533
704	128	640	634	212	590
704	128	704	636	214	648
704	128	768	639	217	706
704	128	832	643	219	764
704	128	896	646	222	822
704	128	960	650	225	880
704	128	1023	654	228	937
704	192	0	624	242	114
704	192	64	625	242	125
704	192	128	625	242	158
704	192	192	625	243	203
704	192	256	626	243	254
704	192	320	627	244	308
704	192	384	628	245	364
704	192	448	630	246	420
704	192	512	632	247	477
704	192	576	634	248	534
704	192	640	636	250	591
704	192	704	639	251	649
704	192	768	642	253	707
704	192	832	645	255	765
704	192	896	649	258	823
704	192	960	653	260	881
704	192	1023	657	263	938
704	256	0	628	290	123
704	256	64	628	290	134
704	256	128	629	290	165
704	256	192	629	290	208
704	256	256	630	291	258
704	256	320	631	291	311
704	256	384	632	292	366
704	256	448	634	293	422
704	256	512	635	293	478
704	256	576	638	295	535
704	256	640	640	296	593
704	256	704	643	297	650
704	256	768	646	299	708
704	256	832	649	300	766
704	256	896	652	302	823
704	256	960	656	304	881
704	256	1023	660	306	939
704	320	0	633	342	135
704	320	64	633	342	144
704	320	128	634	342	173
704	320	192	634	342	215
704	320	256	635	343	263
704	320	320	636	343	315
704	320	384	637	344	369
704	320	448	639	344	425
704	320	512	640	345	481
704	320	576	643	346	538
704	320	640	645	347	595
704	320	704	648	348	652
704	320	768	651	349	709
704	320	832	654	351	767
704	320	896	657	352	825
704	320	960	661	354	883
704	320	1023	665	356	940
704	384	0	640	397	148
704	384	64	640	397	157
704	384	128	640	397	183
704	384	192	641	397	223
704	384	256	641	398	269
704	384	320	642	398	320
704	384	384	644	398	374
704	384	448	645	399	428
704	384	512	647	400	484
704	384	576	649	400	540
704	384	640	651	401	597
704	384	704	654	402	654
704	384	768	657	403	711
704	384	832	660	404	769
704	384	896	663	406	826
704	384	960	667	407	884
704	384	1023	671	409	941
704	448	0	648	454	163
704	448	64	648	454	170
704	448	128	648	454	194
704	448	192	648	454	232
704	448	256	649	454	277
704	448	320	650	455	326
704	448	384	651	455	378
704	448	448	653	455	432
704	448	512	654	456	488
704	448	576	656	457	543
704	448	640	659	457	600
704	448	704	661	458	656
704	448	768	664	459	714
704	448	832	667	460	771
704	448	896	671	461	828
704	448	960	675	462	886
704	448	1023	679	464	943
704	512	0	657	512	178
704	512	64	657	512	185
704	512	128	657	512	207
704	512	192	657	512	242
704	512	256	658	512	285
704	512	320	659	512	333
704	512	384	660	513	384
704	512	448	662	513	437
704	512	512	663	514	492
704	512	576	665	514	547
704	512	640	668	515	603
704	512	704	670	516	660
704	512	768	673	516	716
704	512	832	676	517	773
704	512	896	680	518	831
704	512	960	683	519	888
704	512	1023	687	520	945
704	576	0	667	570	194
704	576	64	667	570	200
704	576	128	667	570	221
704	576	192	668	571	253
704	576	256	668	571	294
704	576	320	669	571	341
704	576	384	670	571	391
704	576	448	672	572	443
704	576	512	674	572	497
704	576	576	676	573	552
704	576	640	678	573	607
704	576	704	680	574	663
704	576	768	683	574	719
704	576	832	686	575	776
704	576	896	689	576	833
704	576	960	693	577	890
704	576	1023	697	578	947
704	640	0	678	630	210
704	640	64	678	630	216
704	640	128	679	630	235
704	640	192	679	630	266
704	640	256	680	630	305
704	640	320	681	630	350
704	640	384	682	630	398
704	640	448	683	631	449
704	640	512	685	631	502
704	640	576	687	632	556
704	640	640	689	632	611
704	640	704	692	633	667
704	640	768	694	633	723
704	640	832	697	634	779
704	640	896	701	635	836
704	640	960	704	636	893
704	640	1023	708	636	949
704	704	0	691	689	227
704	704	64	691	689	232
704	704	128	691	689	250
704	704	192	692	689	279
704	704	256	693	690	316
704	704	320	693	690	359
704	704	384	695	690	406
704	704	448	696	690	457
704	704	512	698	691	509
704	704	576	699	691	562
704	704	640	702	691	616
704	704	704	704	692	671
704	704	768	707	693	727
704	704	832	710	693	783
704	704	896	713	694	840
704	704	960	716	695	896
704	704	1023	720	695	952
704	768	0	705	749	245
704	768	64	705	749	249
704	768	128	705	749	265
704	768	192	706	749	292
704	768	256	706	750	328
704	768	320	707	750	369
704	768	384	708	750	415
704	768	448	710	750	464
704	768	512	711	750	515
704	768	576	713	751	568
704	768	640	715	751	622
704	768	704	718	752	676
704	768	768	720	752	732
704	768	832	723	753	787
704	768	896	726	753	843
704	768	960	730	754	900
704	768	1023	733	755	956
704	832	0	720	809	262
704	832	64	720	809	266
704	832	128	720	809	281
704	832	192	721	810	307
704	832	256	721	810	340
704	832	320	722	810	380
704	832	384	723	810	425
704	832	448	725	810	473
704	832	512	726	811	523
704	832	576	728	811	575
704	832	640	730	811	628
704	832	704	732	812	682
704	832	768	735	812	736
704	832	832	738	813	792
704	832	896	741	813	847
704	832	960	744	814	904
704	832	1023	748	814	959
704	896	0	736	870	280
704	896	64	736	870	284
704	896	128	736	870	298
704	896	192	737	870	321
704	896	256	737	870	354
704	896	320	738	870	392
704	896	384	739	870	435
704	896	448	740	871	482
704	896	512	742	871	531
704	896	576	744	871	582
704	896	640	746	871	634
704	896	704	748	872	687
704	896	768	750	872	742
704	896	832	753	873	797
704	896	896	756	873	852
704	896	960	759	874	908
704	896	1023	763	874	963
704	960	0	753	930	298
704	960	64	753	930	301
704	960	128	753	930	314
704	960	192	754	930	337
704	960	256	754	930	367
704	960	320	755	931	404
704	960	384	756	931	446
704	960	448	757	931	491
704	960	512	759	931	539
704	960	576	761	931	589
704	960	640	762	932	641
704	960	704	765	932	694
704	960	768	767	933	747
704	960	832	770	933	802
704	960	896	773	933	857
704	960	960	776	934	912
704	960	1023	779	935	967
704	1023	0	771	990	315
704	1023	64	771	990	319
704	1023	128	771	990	331
704	1023	192	771	990	352
704	1023	256	772	990	381
704	1023	320	773	990	417
704	1023	384	774	990	457
704	1023	448	775	991	501
704	1023	512	776	991	548
704	1023	576	778	991	597
704	1023	640	780	991	648
704	1023	704	782	992	700
704	1023	768	784	992	754
704	1023	832	787	992	807
704	1023	896	790	993	862
704	1023	960	793	993	917
704	1023	1023	796	994	972
768	0	0	677	184	111
768	0	64	677	185	123
768	0	128	677	185	156
768	0	192	677	185	202
768	0	256	678	186	253
768	0	320	679	187	307
768	0	384	680	188	363
768	0	448	681	189	419
768	0	512	683	191	476
768	0	576	685	193	533
768	0	640	687	195	591
768	0	704	690	197	649
768	0	768	692	200	706
768	0	832	695	202	764
768	0	896	699	205	822
768	0	960	702	208	880
768	0	1023	706	212	938
768	64	0	677	192	112
768	64	64	677	192	124
768	64	128	677	192	157
768	64	192	678	192	203
768	64	256	678	193	254
768	64	320	679	194	308
768	64	384	680	195	363
768	64	448	682	196	420
768	64	512	683	198	476
768	64	576	685	200	534
768	64	640	688	202	591
768	64	704	690	204	649
768	64	768	693	206	707
768	64	832	696	209	764
768	64	896	699	212	822
768	64	960	703	215	880
768	64	1023	706	218	938
768	128	0	678	215	116
768	128	64	678	216	127
768	128	128	678	216	160
768	128	192	679	216	204
768	128	256	680	217	255
768	128	320	680	217	309
768	128	384	682	218	364
768	128	448	683	219	420
768	128	512	685	221	477
768	128	576	687	222	534
768	128	640	689	224	592
768	128	704	691	226	649
768	128	768	694	228	707
768	128	832	697	231	765
768	128	896	700	233	823
768	128	960	704	236	881
768	128	1023	708	239	938
768	192	0	680	252	122
768	192	64	681	253	133
768	192	128	681	253	164
768	192	192	681	253	208
768	192	256	682	253	258
768	192	320	683	254	311
768	192	384	684	255	366
768	192	448	685	256	422
768	192	512	687	257	478
768	192	576	689	258	535
768	192	640	691	260	592
768	192	704	694	261	650
768	192	768	696	263	708
768	192	832	699	265	765
768	192	896	703	267	823
768	192	960	706	270	881
768	192	1023	710	272	938
768	256	0	684	298	131
768	256	64	684	298	141
768	256	128	684	298	170
768	256	192	685	298	212
768	256	256	685	299	261
768	256	320	686	299	314
768	256	384	687	300	368
768	256	448	689	301	424
768	256	512	690	302	480
768	256	576	692	303	537
768	256	640	694	304	594
768	256	704	697	305	651
768	256	768	700	307	709
768	256	832	703	308	766
768	256	896	706	310	824
768	256	960	709	312	882
768	256	1023	713	314	939
768	320	0	688	349	142
768	320	64	689	349	151
768	320	128	689	349	178
768	320	192	689	349	219
768	320	256	690	349	266
768	320	320	691	350	318
768	320	384	692	350	371
768	320	448	693	351	426
768	320	512	695	352	482
768	320	576	697	353	539
768	320	640	699	354	596
768	320	704	701	355	653
768	320	768	704	356	710
768	320	832	707	357	768
768	320	896	710	359	826
768	320	960	714	361	883
768	320	1023	717	362	940
768	384	0	694	403	154
768	384	64	694	403	162
768	384	128	695	403	188
768	384	192	695	403	226
768	384	256	696	403	272
768	384	320	697	404	323
768	384	384	698	404	376
768	384	448	699	405	430
768	384	512	701	405	485
768	384	576	703	406	541
768	384	640	705	407	598
768	384	704	707	408	655
768	384	768	710	409	712
768	384	832	713	410	770
768	384	896	716	411	827
768	384	960	719	413	885
768	384	1023	723	414	942
768	448	0	701	459	168
768	448	64	701	459	175
768	448	128	702	459	199
768	448	192	702	459	235
768	448	256	703	459	280
768	448	320	704	459	329
768	448	384	705	460	381
768	448	448	706	460	434
768	448	512	708	461	489
768	448	576	709	461	545
768	448	640	712	462	601
768	448	704	714	463	658
768	448	768	717	464	714
768	448	832	719	465	772
768	448	896	723	466	829
768	448	960	726	467	887
768	448	1023	730	469	943
768	512	0	710	516	183
768	512	64	710	516	189
768	512	128	710	516	211
768	512	192	710	516	245
768	512	256	711	516	288
768	512	320	712	517	335
768	512	384	713	517	386
768	512	448	714	517	439
768	512	512	716	518	493
768	512	576	718	518	548
768	512	640	720	519	604
768	512	704	722	520	661
768	512	768	725	521	717
768	512	832	727	521	774
768	512	896	731	522	831
768	512	960	734	523	889
768	512	1023	737	525	945
768	576	0	719	574	198
768	576	64	719	574	204
768	576	128	719	574	224
768	576	192	720	574	257
768	576	256	720	574	297
768	576	320	721	575	343
768	576	384	722	575	393
768	576	448	723	575	445
768	576	512	725	576	498
768	576	576	727	576	553
768	576	640	729	577	608
768	576	704	731	577	664
768	576	768	734	578	720
768	576	832	737	579	777
768	576	896	740	580	834
768	576	960	743	581	891
768	576	1023	746	582	948
768	640	0	729	633	214
768	640	64	730	633	220
768	640	128	730	633	238
768	640	192	730	633	269
768	640	256	731	633	307
768	640	320	732	634	352
768	640	384	733	634	400
768	640	448	734	634	451
768	640	512	735	634	504
768	640	576	737	635	558
768	640	640	739	635	613
768	640	704	742	636	668
768	640	768	744	637	724
768	640	832	747	637	780
768	640	896	750	638	837
768	640	960	753	639	894
768	640	1023	757	640	950
768	704	0	741	692	231
768	704	64	741	692	236
768	704	128	741	692	253
768	704	192	742	692	281
768	704	256	742	693	318
768	704	320	743	693	361
768	704	384	744	693	408
768	704	448	746	693	458
768	704	512	747	694	510
768	704	576	749	694	563
768	704	640	751	694	617
768	704	704	753	695	672
768	704	768	755	696	728
768	704	832	758	696	784
768	704	896	761	697	840
768	704	960	764	698	897
768	704	1023	768	698	953
768	768	0	754	752	248
768	768	64	754	752	253
768	768	128	754	752	268
768	768	192	755	752	295
768	768	256	755	752	330
768	768	320	756	752	371
768	768	384	757	753	417
768	768	448	758	753	466
768	768	512	760	753	517
768	768	576	761	754	569
768	768	640	763	754	623
768	768	704	766	754	677
768	768	768	768	755	732
768	768	832	771	755	788
768	768	896	774	756	844
768	768	960	777	757	900
768	768	1023	780	757	956
768	832	0	768	812	265
768	832	64	768	812	270
768	832	128	768	812	284
768	832	192	768	812	309
768	832	256	769	812	343
768	832	320	770	812	382
768	832	384	771	812	427
768	832	448	772	813	474
768	832	512	773	813	524
768	832	576	775	813	576
768	832	640	777	814	629
768	832	704	779	814	683
768	832	768	782	815	737
768	832	832	784	815	793
768	832	896	787	816	848
768	832	960	790	816	904
768	832	1023	793	817	960
768	896	0	783	872	283
768	896	64	783	872	287
768	896	128	783	872	300
768	896	192	783	872	324
768	896	256	784	872	356
768	896	320	785	872	394
768	896	384	786	873	437
768	896	448	787	873	483
768	896	512	788	873	532
768	896	576	790	873	583
768	896	640	792	874	635
768	896	704	794	874	688
768	896	768	796	875	743
768	896	832	799	875	797
768	896	896	801	875	853
768	896	960	804	876	908
768	896	1023	808	877	964
768	960	0	798	932	300
768	960	64	799	932	304
768	960	128	799	932	317
768	960	192	799	932	339
768	960	256	800	933	369
768	960	320	800	933	406
768	960	384	801	933	448
768	960	448	803	933	493
768	960	512	804	933	541
768	960	576	805	934	591
768	960	640	807	934	642
768	960	704	809	934	695
768	960	768	812	935	748
768	960	832	814	935	803
768	960	896	817	936	858
768	960	960	820	936	913
768	960	1023	823	937	968
768	1023	0	815	992	318
768	1023	64	815	992	321
768	1023	128	815	992	334
768	1023	192	816	992	354
768	1023	256	816	992	383
768	1023	320	817	992	418
768	1023	384	818	992	459
768	1023	448	819	993	503
768	1023	512	820	993	550
768	1023	576	822	993	599
768	1023	640	824	993	649
768	1023	704	826	994	701
768	1023	768	828	994	754
768	1023	832	830	994	808
768	1023	896	833	995	863
768	1023	960	836	995	918
768	1023	1023	839	996	972
832	0	0	733	200	121
832	0	64	733	200	131
832	0	128	733	200	163
832	0	192	734	200	207
832	0	256	734	201	257
832	0	320	735	202	310
832	0	384	736	203	365
832	0	448	737	204	421
832	0	512	739	206	478
832	0	576	741	207	535
832	0	640	743	209	592
832	0	704	745	211	650
832	0	768	747	214	707
832	0	832	750	216	765
832	0	896	753	219	823
832	0	960	756	222	881
832	0	1023	760	225	938
832	64	0	733	206	122
832	64	64	733	206	132
832	64	128	734	207	163
832	64	192	734	207	207
832	64	256	735	208	257
832	64	320	735	208	311
832	64	384	736	209	366
832	64	448	738	211	421
832	64	512	739	212	478
832	64	576	741	214	535
832	64	640	743	215	592
832	64	704	745	218	650
832	64	768	748	220	708
832	64	832	750	222	765
832	64	896	753	225	823
832	64	960	757	228	881
832	64	1023	760	231	938
832	128	0	734	228	125
832	128	64	734	228	135
832	128	128	735	229	166
832	128	192	735	229	209
832	128	256	736	229	259
832	128	320	737	230	312
832	128	384	738	231	366
832	128	448	739	232	422
832	128	512	740	233	479
832	128	576	742	235	536
832	128	640	744	236	593
832	128	704	746	238	650
832	128	768	749	240	708
832	128	832	752	243	766
832	128	896	755	245	824
832	128	960	758	247	882
832	128	1023	761	250	939
832	192	0	736	263	131
832	192	64	737	263	140
832	192	128	737	263	170
832	192	192	737	264	212
832	192	256	738	264	261
832	192	320	739	265	314
832	192	384	740	266	368
832	192	448	741	266	424
832	192	512	742	267	480
832	192	576	744	269	537
832	192	640	746	270	594
832	192	704	748	272	651
832	192	768	751	273	709
832	192	832	754	275	766
832	192	896	757	277	824
832	192	960	760	280	882
832	192	1023	763	282	939
832	256	0	740	307	139
832	256	64	740	307	148
832	256	128	740	307	176
832	256	192	740	307	217
832	256	256	741	308	265
832	256	320	742	308	317
832	256	384	743	309	370
832	256	448	744	310	426
832	256	512	746	310	482
832	256	576	747	311	538
832	256	640	749	313	595
832	256	704	751	314	652
832	256	768	754	315	710
832	256	832	757	317	767
832	256	896	760	319	825
832	256	960	763	321	883
832	256	1023	766	323	940
832	320	0	744	356	149
832	320	64	744	356	157
832	320	128	744	356	184
832	320	192	744	357	223
832	320	256	745	357	270
832	320	320	746	357	321
832	320	384	747	358	374
832	320	448	748	358	428
832	320	512	750	359	484
832	320	576	751	360	540
832	320	640	753	361	597
832	320	704	756	362	654
832	320	768	758	363	711
832	320	832	761	365	769
832	320	896	764	366	826
832	320	960	767	368	884
832	320	1023	770	369	941
832	384	0	749	409	161
832	384	64	749	409	168
832	384	128	749	409	193
832	384	192	750	409	230
832	384	256	750	410	276
832	384	320	751	410	325
832	384	384	752	410	378
832	384	448	753	411	432
832	384	512	755	411	487
832	384	576	757	412	543
832	384	640	759	413	599
832	384	704	761	414	656
832	384	768	763	415	713
832	384	832	766	416	771
832	384	896	769	417	828
832	384	960	772	419	886
832	384	1023	775	420	942
832	448	0	755	464	174
832	448	64	756	464	181
832	448	128	756	464	204
832	448	192	756	464	239
832	448	256	757	465	283
832	448	320	758	465	331
832	448	384	759	465	383
832	448	448	760	466	436
832	448	512	761	466	491
832	448	576	763	467	546
832	448	640	765	468	602
832	448	704	767	468	659
832	448	768	769	469	716
832	448	832	772	470	773
832	448	896	775	471	830
832	448	960	778	473	887
832	448	1023	782	474	944
832	512	0	763	521	188
832	512	64	763	521	194
832	512	128	763	521	216
832	512	192	764	521	249
832	512	256	764	521	291
832	512	320	765	521	338
832	512	384	766	522	388
832	512	448	767	522	441
832	512	512	769	522	495
832	512	576	770	523	550
832	512	640	772	524	606
832	512	704	774	524	662
832	512	768	777	525	718
832	512	832	779	526	775
832	512	896	782	527	832
832	512	960	785	528	889
832	512	1023	789	529	946
832	576	0	772	578	203
832	576	64	772	578	209
832	576	128	772	578	229
832	576	192	772	578	260
832	576	256	773	579	300
832	576	320	774	579	346
832	576	384	775	579	395
832	576	448	776	579	447
832	576	512	777	580	500
832	576	576	779	580	554
832	576	640	781	581	609
832	576	704	783	582	665
832	576	768	785	582	721
832	576	832	788	583	778
832	576	896	791	584	835
832	576	960	794	585	892
832	576	1023	797	586	948
832	640	0	781	637	219
832	640	64	781	637	224
832	640	128	782	637	242
832	640	192	782	637	272
832	640	256	783	637	310
832	640	320	783	637	354
832	640	384	784	637	402
832	640	448	785	638	453
832	640	512	787	638	505
832	640	576	789	639	559
832	640	640	790	639	614
832	640	704	792	640	669
832	640	768	795	640	725
832	640	832	797	641	781
832	640	896	800	642	838
832	640	960	803	642	895
832	640	1023	806	643	951
832	704	0	792	696	235
832	704	64	792	696	240
832	704	128	792	696	257
832	704	192	793	696	285
832	704	256	793	696	321
832	704	320	794	696	364
832	704	384	795	696	410
832	704	448	796	697	460
832	704	512	798	697	512
832	704	576	799	697	565
832	704	640	801	698	619
832	704	704	803	698	674
832	704	768	805	699	729
832	704	832	808	699	785
832	704	896	811	700	841
832	704	960	814	701	898
832	704	1023	817	702	954
832	768	0	804	755	252
832	768	64	804	755	256
832	768	128	804	755	272
832	768	192	805	755	298
832	768	256	805	755	333
832	768	320	806	755	374
832	768	384	807	756	419
832	768	448	808	756	468
832	768	512	809	756	518
832	768	576	811	756	571
832	768	640	813	757	624
832	768	704	815	757	678
832	768	768	817	758	733
832	768	832	819	758	789
832	768	896	822	759	845
832	768	960	825	760	901
832	768	1023	828	760	957
832	832	0	817	815	269
832	832	64	817	815	273
832	832	128	817	815	287
832	832	192	817	815	312
832	832	256	818	815	345
832	832	320	819	815	385
832	832	384	820	815	429
832	832	448	821	815	476
832	832	512	822	816	526
832	832	576	824	816	577
832	832	640	825	816	630
832	832	704	827	817	684
832	832	768	830	817	738
832	832	832	832	818	793
832	832	896	835	818	849
832	832	960	838	819	905
832	832	1023	841	820	961
832	896	0	831	875	286
832	896	64	831	875	290
832	896	128	831	875	303
832	896	192	831	875	327
832	896	256	832	875	358
832	896	320	832	875	396
832	896	384	833	875	439
832	896	448	834	875	485
832	896	512	836	876	534
832	896	576	837	876	584
832	896	640	839	876	636
832	896	704	841	877	690
832	896	768	843	877	744
832	896	832	846	877	798
832	896	896	848	878	854
832	896	960	851	879	909
832	896	1023	854	879	964
832	960	0	845	935	303
832	960	64	845	935	307
832	960	128	846	935	320
832	960	192	846	935	342
832	960	256	846	935	372
832	960	320	847	935	408
832	960	384	848	935	449
832	960	448	849	935	494
832	960	512	850	936	542
832	960	576	852	936	592
832	960	640	854	936	643
832	960	704	855	937	696
832	960	768	858	937	749
832	960	832	860	937	804
832	960	896	862	938	858
832	960	960	865	938	914
832	960	1023	868	939	969
832	1023	0	861	994	321
832	1023	64	861	994	324
832	1023	128	861	994	336
832	1023	192	861	994	357
832	1023	256	862	994	385
832	1023	320	862	994	420
832	1023	384	863	994	460
832	1023	448	864	995	504
832	1023	512	866	995	551
832	1023	576	867	995	600
832	1023	640	869	995	651
832	1023	704	871	996	702
832	1023	768	873	996	755
832	1023	832	875	997	809
832	1023	896	878	997	864
832	1023	960	880	997	919
832	1023	1023	883	998	973
896	0	0	789	215	130
896	0	64	789	215	140
896	0	128	790	215	169
896	0	192	790	216	212
896	0	256	790	216	261
896	0	320	791	217	313
896	0	384	792	218	368
896	0	448	793	219	423
896	0	512	795	220	480
896	0	576	796	222	537
896	0	640	798	224	594
896	0	704	800	226	651
896	0	768	803	228	709
896	0	832	805	230	766
896	0	896	808	233	824
896	0	960	811	236	882
896	0	1023	814	238	939
896	64	0	790	221	131
896	64	64	790	221	140
896	64	128	790	222	170
896	64	192	790	222	212
896	64	256	791	222	261
896	64	320	792	223	314
896	64	384	792	224	368
896	64	448	794	225	424
896	64	512	795	226	480
896	64	576	797	228	537
896	64	640	799	230	594
896	64	704	801	232	651
896	64	768	803	234	709
896	64	832	805	236	766
896	64	896	808	238	824
896	64	960	811	241	882
896	64	1023	814	244	939
896	128	0	791	242	134
896	128	64	791	242	143
896	128	128	791	242	172
896	128	192	791	242	214
896	128	256	792	243	263
896	128	320	793	243	315
896	128	384	794	244	369
896	128	448	795	245	424
896	128	512	796	246	481
896	128	576	798	248	537
896	128	640	800	249	594
896	128	704	802	251	652
896	128	768	804	253	709
896	128	832	806	255	767
896	128	896	809	257	825
896	128	960	812	260	882
896	128	1023	815	262	939
896	192	0	793	275	139
896	192	64	793	275	148
896	192	128	793	275	176
896	192	192	793	275	217
896	192	256	794	275	265
896	192	320	794	276	317
896	192	384	795	277	371
896	192	448	797	278	426
896	192	512	798	279	482
896	192	576	800	280	538
896	192	640	801	281	595
896	192	704	803	283	652
896	192	768	806	284	710
896	192	832	808	286	767
896	192	896	811	288	825
896	192	960	814	290	883
896	192	1023	817	292	940
896	256	0	795	316	147
896	256	64	795	316	155
896	256	128	796	317	182
896	256	192	796	317	222
896	256	256	797	317	269
896	256	320	797	318	320
896	256	384	798	318	373
896	256	448	799	319	428
896	256	512	801	320	484
896	256	576	802	321	540
896	256	640	804	322	597
896	256	704	806	323	654
896	256	768	809	325	711
896	256	832	811	326	768
896	256	896	814	328	826
896	256	960	817	330	884
896	256	1023	820	332	941
896	320	0	799	364	156
896	320	64	799	364	164
896	320	128	800	364	189
896	320	192	800	364	228
896	320	256	800	365	273
896	320	320	801	365	324
896	320	384	802	366	376
896	320	448	803	366	431
896	320	512	805	367	486
896	320	576	806	368	542
896	320	640	808	369	598
896	320	704	810	370	655
896	320	768	812	371	712
896	320	832	815	372	770
896	320	896	818	374	827
896	320	960	820	375	885
896	320	1023	824	377	942
896	384	0	804	416	167
896	384	64	804	416	175
896	384	128	804	416	198
896	384	192	805	416	235
896	384	256	805	416	279
896	384	320	806	417	328
896	384	384	807	417	380
896	384	448	808	418	434
896	384	512	809	418	489
896	384	576	811	419	545
896	384	640	813	420	601
896	384	704	815	421	657
896	384	768	817	422	714
896	384	832	820	423	772
896	384	896	822	424	829
896	384	960	825	425	886
896	384	1023	828	427	943
896	448	0	810	470	180
896	448	64	810	470	187
896	448	128	810	470	209
896	448	192	811	470	243
896	448	256	811	470	286
896	448	320	812	471	334
896	448	384	813	471	385
896	448	448	814	471	438
896	448	512	815	472	492
896	448	576	817	473	548
896	448	640	819	473	604
896	448	704	821	474	660
896	448	768	823	475	717
896	448	832	825	476	774
896	448	896	828	477	831
896	448	960	831	478	888
896	448	1023	834	479	945
896	512	0	817	526	194
896	512	64	817	526	200
896	512	128	817	526	220
896	512	192	818	526	253
896	512	256	818	526	294
896	512	320	819	526	341
896	512	384	820	527	391
896	512	448	821	527	443
896	512	512	822	528	497
896	512	576	824	528	551
896	512	640	825	529	607
896	512	704	827	529	663
896	512	768	830	530	719
896	512	832	832	531	776
896	512	896	835	532	833
896	512	960	838	533	890
896	512	1023	841	534	947
896	576	0	825	583	208
896	576	64	825	583	214
896	576	128	825	583	233
896	576	192	825	583	264
896	576	256	826	583	303
896	576	320	827	583	348
896	576	384	828	584	397
896	576	448	829	584	449
896	576	512	830	584	502
896	576	576	832	585	556
896	576	640	833	585	611
896	576	704	835	586	666
896	576	768	837	587	723
896	576	832	840	587	779
896	576	896	843	588	836
896	576	960	845	589	893
896	576	1023	848	590	949
896	640	0	834	641	224
896	640	64	834	641	229
896	640	128	834	641	246
896	640	192	834	641	276
896	640	256	835	641	313
896	640	320	836	641	357
896	640	384	837	641	405
896	640	448	838	642	455
896	640	512	839	642	507
896	640	576	840	643	561
896	640	640	842	643	615
896	640	704	844	644	670
896	640	768	846	644	726
896	640	832	849	645	782
896	640	896	851	646	839
896	640	960	854	646	896
896	640	1023	857	647	952
896	704	0	844	699	239
896	704	64	844	699	244
896	704	128	844	699	261
896	704	192	844	699	288
896	704	256	845	699	324
896	704	320	846	700	366
896	704	384	847	700	413
896	704	448	848	700	462
896	704	512	849	700	513
896	704	576	850	701	566
896	704	640	852	701	620
896	704	704	854	702	675
896	704	768	856	702	730
896	704	832	858	703	786
896	704	896	861	704	842
896	704	960	864	704	899
896	704	1023	867	705	955
896	768	0	855	758	256
896	768	64	855	758	260
896	768	128	855	758	275
896	768	192	855	758	301
896	768	256	856	758	336
896	768	320	857	759	376
896	768	384	857	759	421
896	768	448	859	759	470
896	768	512	860	759	520
896	768	576	861	760	572
896	768	640	863	760	625
896	768	704	865	761	680
896	768	768	867	761	735
896	768	832	869	762	790
896	768	896	872	762	846
896	768	960	874	763	902
896	768	1023	877	764	958
896	832	0	867	818	272
896	832	64	867	818	276
896	832	128	867	818	291
896	832	192	867	818	315
896	832	256	868	818	348
896	832	320	869	818	387
896	832	384	869	818	431
896	832	448	870	818	478
896	832	512	872	819	527
896	832	576	873	819	579
896	832	640	875	819	631
896	832	704	877	820	685
896	832	768	879	820	739
896	832	832	881	821	794
896	832	896	883	821	850
896	832	960	886	822	906
896	832	1023	889	823	961
896	896	0	880	877	289
896	896	64	880	877	293
896	896	128	880	877	307
896	896	192	880	877	330
896	896	256	881	877	361
896	896	320	881	878	398
896	896	384	882	878	441
896	896	448	883	878	487
896	896	512	884	878	535
896	896	576	886	879	586
896	896	640	887	879	638
896	896	704	889	879	691
896	896	768	891	880	745
896	896	832	894	880	799
896	896	896	896	881	854
896	896	960	899	881	910
896	896	1023	901	882	965
896	960	0	893	937	307
896	960	64	893	937	310
896	960	128	894	937	323
896	960	192	894	937	344
896	960	256	894	937	374
896	960	320	895	938	410
896	960	384	896	938	451
896	960	448	897	938	496
896	960	512	898	938	544
896	960	576	900	938	593
896	960	640	901	939	645
896	960	704	903	939	697
896	960	768	905	939	750
896	960	832	907	940	805
896	960	896	909	940	859
896	960	960	912	941	915
896	960	1023	915	941	969
896	1023	0	908	996	324
896	1023	64	908	996	327
896	1023	128	908	996	339
896	1023	192	908	996	359
896	1023	256	909	997	388
896	1023	320	909	997	423
896	1023	384	910	997	462
896	1023	448	911	997	506
896	1023	512	912	997	553
896	1023	576	914	997	601
896	1023	640	915	998	652
896	1023	704	917	998	704
896	1023	768	919	998	756
896	1023	832	921	999	810
896	1023	896	924	999	864
896	1023	960	926	1000	919
896	1023	1023	929	1000	974
960	0	0	846	231	139
960	0	64	846	231	148
960	0	128	846	231	176
960	0	192	846	231	217
960	0	256	847	232	265
960	0	320	847	232	317
960	0	384	848	233	371
960	0	448	849	234	426
960	0	512	851	235	482
960	0	576	852	237	538
960	0	640	854	239	595
960	0	704	856	240	652
960	0	768	858	242	710
960	0	832	860	245	767
960	0	896	863	247	825
960	0	960	866	249	883
960	0	1023	869	252	940
960	64	0	846	236	140
960	64	64	846	236	149
960	64	128	846	236	177
960	64	192	847	237	218
960	64	256	847	237	265
960	64	320	848	238	317
960	64	384	849	239	371
960	64	448	850	240	426
960	64	512	851	241	482
960	64	576	852	242	538
960	64	640	854	244	595
960	64	704	856	246	653
960	64	768	858	248	710
960	64	832	861	250	768
960	64	896	863	252	825
960	64	960	866	255	883
960	64	1023	869	257	940
960	128	0	847	255	143
960	128	64	847	255	152
960	128	128	847	255	179
960	128	192	847	256	219
960	128	256	848	256	267
960	128	320	849	257	318
960	128	384	850	257	372
960	128	448	851	258	427
960	128	512	852	259	483
960	128	576	853	261	539
960	128	640	855	262	596
960	128	704	857	264	653
960	128	768	859	266	710
960	128	832	861	268	768
960	128	896	864	270	826
960	128	960	867	272	883
960	128	1023	870	274	940
960	192	0	849	286	148
960	192	64	849	286	156
960	192	128	849	286	183
960	192	192	849	287	222
960	192	256	850	287	269
960	192	320	850	288	320
960	192	384	851	288	373
960	192	448	852	289	428
960	192	512	854	290	484
960	192	576	855	291	540
960	192	640	857	292	597
960	192	704	859	294	654
960	192	768	861	295	711
960	192	832	863	297	769
960	192	896	866	299	826
960	192	960	868	301	884
960	192	1023	871	303	941
960	256	0	851	326	155
960	256	64	851	326	163
960	256	128	852	326	188
960	256	192	852	327	227
960	256	256	852	327	273
960	256	320	853	327	323
960	256	384	854	328	376
960	256	448	855	329	430
960	256	512	856	330	486
960	256	576	858	331	542
960	256	640	859	332	598
960	256	704	861	333	655
960	256	768	863	334	712
960	256	832	866	336	770
960	256	896	868	337	827
960	256	960	871	339	885
960	256	1023	874	341	942
960	320	0	855	373	164
960	320	64	855	373	171
960	320	128	855	373	195
960	320	192	855	373	232
960	320	256	856	373	277
960	320	320	857	374	327
960	320	384	857	374	379
960	320	448	859	375	433
960	320	512	860	375	488
960	320	576	861	376	544
960	320	640	863	377	600
960	320	704	865	378	657
960	320	768	867	379	714
960	320	832	869	381	771
960	320	896	872	382	828
960	320	960	874	384	886
960	320	1023	877	385	943
960	384	0	859	423	174
960	384	64	859	423	181
960	384	128	860	423	204
960	384	192	860	423	240
960	384	256	860	423	283
960	384	320	861	424	332
960	384	384	862	424	383
960	384	448	863	425	436
960	384	512	864	425	491
960	384	576	866	426	546
960	384	640	867	427	602
960	384	704	869	428	659
960	384	768	871	429	716
960	384	832	874	430	773
960	384	896	876	431	830
960	384	960	879	432	887
960	384	1023	882	434	944
960	448	0	865	476	186
960	448	64	865	476	193
960	448	128	865	476	214
960	448	192	865	476	248
960	448	256	866	477	290
960	448	320	867	477	337
960	448	384	867	477	388
960	448	448	868	478	440
960	448	512	870	478	494
960	448	576	871	479	549
960	448	640	873	479	605
960	448	704	875	480	661
960	448	768	877	481	718
960	448	832	879	482	775
960	448	896	881	483	832
960	448	960	884	484	889
960	448	1023	887	486	946
960	512	0	871	531	200
960	512	64	871	531	206
960	512	128	871	531	225
960	512	192	872	531	257
960	512	256	872	532	298
960	512	320	873	532	344
960	512	384	874	532	393
960	512	448	875	533	445
960	512	512	876	533	499
960	512	576	877	534	553
960	512	640	879	534	608
960	512	704	881	535	664
960	512	768	883	536	721
960	512	832	885	536	777
960	512	896	888	537	834
960	512	960	890	538	891
960	512	1023	893	539	948
960	576	0	879	588	214
960	576	64	879	588	219
960	576	128	879	588	238
960	576	192	879	588	268
960	576	256	880	588	307
960	576	320	880	588	351
960	576	384	881	588	400
960	576	448	882	589	451
960	576	512	883	589	504
960	576	576	885	590	557
960	576	640	886	590	612
960	576	704	888	591	668
960	576	768	890	591	724
960	576	832	892	592	780
960	576	896	895	593	837
960	576	960	898	594	894
960	576	1023	900	595	950
960	640	0	887	645	229
960	640	64	887	645	234
960	640	128	887	645	251
960	640	192	887	645	279
960	640	256	888	645	317
960	640	320	889	645	360
960	640	384	889	646	407
960	640	448	890	646	457
960	640	512	892	646	509
960	640	576	893	647	562
960	640	640	895	647	617
960	640	704	896	648	672
960	640	768	898	648	727
960	640	832	901	649	783
960	640	896	903	650	840
960	640	960	906	651	897
960	640	1023	908	652	953
960	704	0	896	703	244
960	704	64	896	703	249
960	704	128	896	703	265
960	704	192	897	703	292
960	704	256	897	703	327
960	704	320	898	704	369
960	704	384	899	704	415
960	704	448	900	704	464
960	704	512	901	704	515
960	704	576	902	705	568
960	704	640	904	705	622
960	704	704	906	706	676
960	704	768	908	706	731
960	704	832	910	707	787
960	704	896	912	708	843
960	704	960	915	708	900
960	704	1023	918	709	955
960	768	0	906	762	260
960	768	64	906	762	264
960	768	128	907	762	279
960	768	192	907	762	305
960	768	256	907	762	339
960	768	320	908	762	379
960	768	384	909	762	424
960	768	448	910	763	472
960	768	512	911	763	522
960	768	576	912	763	574
960	768	640	914	764	627
960	768	704	916	764	681
960	768	768	918	765	736
960	768	832	920	765	791
960	768	896	922	766	847
960	768	960	925	766	903
960	768	1023	927	767	959
960	832	0	918	821	276
960	832	64	918	821	280
960	832	128	918	821	294
960	832	192	918	821	318
960	832	256	919	821	351
960	832	320	919	821	390
960	832	384	920	821	433
960	832	448	921	822	480
960	832	512	922	822	529
960	832	576	923	822	580
960	832	640	925	823	633
960	832	704	927	823	686
960	832	768	929	823	741
960	832	832	931	824	796
960	832	896	933	825	851
960	832	960	936	825	907
960	832	1023	938	826	962
960	896	0	930	880	293
960	896	64	930	880	297
960	896	128	930	880	310
960	896	192	930	880	333
960	896	256	931	880	364
960	896	320	931	881	401
960	896	384	932	881	443
960	896	448	933	881	489
960	896	512	934	881	537
960	896	576	935	882	587
960	896	640	937	882	639
960	896	704	939	882	692
960	896	768	941	883	746
960	896	832	943	883	800
960	896	896	945	884	856
960	896	960	947	884	911
960	896	1023	950	885	966
960	960	0	942	940	310
960	960	64	943	940	314
960	960	128	943	940	326
960	960	192	943	940	347
960	960	256	943	940	377
960	960	320	944	940	413
960	960	384	945	940	454
960	960	448	946	941	498
960	960	512	947	941	545
960	960	576	948	941	595
960	960	640	950	941	646
960	960	704	951	942	698
960	960	768	953	942	752
960	960	832	955	943	806
960	960	896	958	943	860
960	960	960	960	944	916
960	960	1023	963	944	970
960	1023	0	956	999	327
960	1023	64	956	999	330
960	1023	128	956	999	342
960	1023	192	957	999	362
960	1023	256	957	999	390
960	1023	320	958	999	425
960	1023	384	958	999	464
960	1023	448	959	1000	508
960	1023	512	960	1000	554
960	1023	576	962	1000	603
960	1023	640	963	1000	653
960	1023	704	965	1001	705
960	1023	768	967	1001	758
960	1023	832	969	1001	811
960	1023	896	971	1002	865
960	1023	960	973	1002	920
960	1023	1023	976	1003	975
1023	0	0	901	246	148
1023	0	64	901	246	157
1023	0	128	901	246	183
1023	0	192	902	246	223
1023	0	256	902	247	269
1023	0	320	903	247	320
1023	0	384	904	248	374
1023	0	448	905	249	428
1023	0	512	906	250	484
1023	0	576	907	252	540
1023	0	640	909	253	597
1023	0	704	911	255	654
1023	0	768	913	257	711
1023	0	832	915	259	769
1023	0	896	917	261	826
1023	0	960	920	263	884
1023	0	1023	922	266	941
1023	64	0	901	251	149
1023	64	64	901	251	157
1023	64	128	902	251	184
1023	64	192	902	251	223
1023	64	256	902	252	270
1023	64	320	903	252	321
1023	64	384	904	253	374
1023	64	448	905	254	428
1023	64	512	906	255	484
1023	64	576	907	257	540
1023	64	640	909	258	597
1023	64	704	911	260	654
1023	64	768	913	262	711
1023	64	832	915	264	769
1023	64	896	917	266	826
1023	64	960	920	268	884
1023	64	1023	923	271	941
1023	128	0	902	269	152
1023	128	64	902	269	160
1023	128	128	903	269	186
1023	128	192	903	269	225
1023	128	256	903	270	271
1023	128	320	904	270	322
1023	128	384	905	271	375
1023	128	448	906	272	429
1023	128	512	907	273	485
1023	128	576	908	274	541
1023	128	640	910	275	598
1023	128	704	912	277	655
1023	128	768	914	279	712
1023	128	832	916	280	769
1023	128	896	918	282	827
1023	128	960	921	285	884
1023	128	1023	923	287	941
1023	192	0	904	298	156
1023	192	64	904	298	164
1023	192	128	904	298	189
1023	192	192	904	298	228
1023	192	256	905	299	273
1023	192	320	906	299	324
1023	192	384	906	300	376
1023	192	448	907	301	431
1023	192	512	909	302	486
1023	192	576	910	303	542
1023	192	640	912	304	598
1023	192	704	913	305	655
1023	192	768	915	307	712
1023	192	832	917	308	770
1023	192	896	920	310	827
1023	192	960	922	312	885
1023	192	1023	925	314	942
1023	256	0	906	336	163
1023	256	64	906	337	170
1023	256	128	907	337	195
1023	256	192	907	337	232
1023	256	256	907	337	277
1023	256	320	908	338	326
1023	256	384	909	338	379
1023	256	448	910	339	433
1023	256	512	911	340	488
1023	256	576	912	341	543
1023	256	640	914	342	600
1023	256	704	916	343	657
1023	256	768	918	344	714
1023	256	832	920	346	771
1023	256	896	922	347	828
1023	256	960	925	349	886
1023	256	1023	927	351	943
1023	320	0	910	381	171
1023	320	64	910	381	178
1023	320	128	910	381	202
1023	320	192	910	382	237
1023	320	256	911	382	281
1023	320	320	911	382	330
1023	320	384	912	383	382
1023	320	448	913	383	435
1023	320	512	914	384	490
1023	320	576	916	385	545
1023	320	640	917	386	602
1023	320	704	919	387	658
1023	320	768	921	388	715
1023	320	832	923	389	772
1023	320	896	925	390	830
1023	320	960	928	392	887
1023	320	1023	931	394	944
1023	384	0	914	430	181
1023	384	64	914	430	188
1023	384	128	914	431	210
1023	384	192	914	431	244
1023	384	256	915	431	287
1023	384	320	915	431	335
1023	384	384	916	432	386
1023	384	448	917	432	439
1023	384	512	918	433	493
1023	384	576	920	433	548
1023	384	640	921	434	604
1023	384	704	923	435	660
1023	384	768	925	436	717
1023	384	832	927	437	774
1023	384	896	929	438	831
1023	384	960	932	440	888
1023	384	1023	935	441	945
1023	448	0	919	483	193
1023	448	64	919	483	199
1023	448	128	919	483	220
1023	448	192	919	483	253
1023	448	256	920	483	294
1023	448	320	921	483	340
1023	448	384	921	484	391
1023	448	448	922	484	443
1023	448	512	923	485	496
1023	448	576	925	485	551
1023	448	640	926	486	607
1023	448	704	928	487	663
1023	448	768	930	488	719
1023	448	832	932	489	776
1023	448	896	934	490	833
1023	448	960	937	491	890
1023	448	1023	940	492	947
1023	512	0	925	537	206
1023	512	64	925	537	211
1023	512	128	925	537	231
1023	512	192	925	537	262
1023	512	256	926	537	302
1023	512	320	926	538	347
1023	512	384	927	538	396
1023	512	448	928	538	448
1023	512	512	929	539	501
1023	512	576	931	539	555
1023	512	640	932	540	610
1023	512	704	934	541	666
1023	512	768	936	541	722
1023	512	832	938	542	778
1023	512	896	940	543	835
1023	512	960	943	544	892
1023	512	1023	945	545	949
1023	576	0	932	593	219
1023	576	64	932	593	225
1023	576	128	932	593	243
1023	576	192	932	593	272
1023	576	256	933	593	310
1023	576	320	933	593	355
1023	576	384	934	593	403
1023	576	448	935	594	453
1023	576	512	936	594	506
1023	576	576	938	595	559
1023	576	640	939	595	614
1023	576	704	941	596	669
1023	576	768	943	597	725
1023	576	832	945	597	781
1023	576	896	947	598	838
1023	576	960	949	599	895
1023	576	1023	952	600	951
1023	640	0	939	649	234
1023	640	64	940	650	239
1023	640	128	940	650	256
1023	640	192	940	650	284
1023	640	256	940	650	320
1023	640	320	941	650	363
1023	640	384	942	650	410
1023	640	448	943	651	459
1023	640	512	944	651	511
1023	640	576	945	651	564
1023	640	640	947	652	618
1023	640	704	948	652	673
1023	640	768	950	653	729
1023	640	832	952	654	785
1023	640	896	955	654	841
1023	640	960	957	655	898
1023	640	1023	960	656	953
1023	704	0	948	707	249
1023	704	64	948	707	253
1023	704	128	948	707	269
1023	704	192	949	707	296
1023	704	256	949	707	331
1023	704	320	950	708	372
1023	704	384	951	708	418
1023	704	448	951	708	466
1023	704	512	953	708	517
1023	704	576	954	709	570
1023	704	640	955	709	623
1023	704	704	957	710	678
1023	704	768	959	710	733
1023	704	832	961	711	788
1023	704	896	963	712	844
1023	704	960	966	712	901
1023	704	1023	968	713	956
1023	768	0	958	765	264
1023	768	64	958	765	269
1023	768	128	958	766	283
1023	768	192	958	766	309
1023	768	256	959	766	342
1023	768	320	959	766	382
1023	768	384	960	766	426
1023	768	448	961	766	474
1023	768	512	962	767	524
1023	768	576	963	767	575
1023	768	640	965	767	628
1023	768	704	966	768	682
1023	768	768	968	768	737
1023	768	832	970	769	792
1023	768	896	973	769	848
1023	768	960	975	770	904
1023	768	1023	977	771	960
1023	832	0	968	824	280
1023	832	64	968	824	284
1023	832	128	968	824	298
1023	832	192	969	824	322
1023	832	256	969	824	354
1023	832	320	970	825	392
1023	832	384	970	825	435
1023	832	448	971	825	482
1023	832	512	972	825	531
1023	832	576	974	826	582
1023	832	640	975	826	634
1023	832	704	977	826	688
1023	832	768	979	827	742
1023	832	832	981	827	797
1023	832	896	983	828	852
1023	832	960	985	829	908
1023	832	1023	988	829	963
1023	896	0	979	883	297
1023	896	64	980	883	301
1023	896	128	980	883	314
1023	896	192	980	884	336
1023	896	256	980	884	367
1023	896	320	981	884	404
1023	896	384	982	884	445
1023	896	448	983	884	491
1023	896	512	984	884	539
1023	896	576	985	885	589
1023	896	640	986	885	641
1023	896	704	988	885	693
1023	896	768	990	886	747
1023	896	832	992	886	802
1023	896	896	994	887	857
1023	896	960	996	887	912
1023	896	1023	999	888	967
1023	960	0	992	943	314
1023	960	64	992	943	317
1023	960	128	992	943	329
1023	960	192	992	943	351
1023	960	256	993	943	380
1023	960	320	993	943	415
1023	960	384	994	943	456
1023	960	448	995	944	500
1023	960	512	996	944	547
1023	960	576	997	944	597
1023	960	640	998	944	647
1023	960	704	1000	945	700
1023	960	768	1002	945	753
1023	960	832	1004	946	807
1023	960	896	1006	946	861
1023	960	960	1008	947	917
1023	960	1023	1011	947	971
1023	1023	0	1004	1002	330
1023	1023	64	1004	1002	334
1023	1023	128	1005	1002	345
1023	1023	192	1005	1002	365
1023	1023	256	1005	1002	393
1023	1023	320	1006	1002	427
1023	1023	384	1007	1002	467
1023	1023	448	1007	1002	510
1023	1023	512	1008	1002	556
1023	1023	576	1010	1003	604
1023	1023	640	1011	1003	655
1023	1023	704	1013	1003	706
1023	1023	768	1014	1004	759
1023	1023	832	1016	1004	812
1023	1023	896	1018	1005	867
1023	1023	960	1021	1005	921
1023	1023	1023	1023	1006	976
