0	0	0	0	0	0
0	0	64	16	8	64
0	0	128	32	16	127
0	0	192	48	24	191
0	0	256	64	31	255
0	0	320	81	39	319
0	0	384	97	47	382
0	0	448	113	55	446
0	0	512	129	63	510
0	0	576	145	71	573
0	0	640	161	79	637
0	0	704	177	87	701
0	0	768	193	94	765
0	0	832	209	102	828
0	0	896	226	110	892
0	0	960	242	118	956
0	0	1023	257	126	1018
0	64	0	16	63	8
0	64	64	22	64	64
0	64	128	35	65	128
0	64	192	50	66	191
0	64	256	66	69	255
0	64	320	82	73	319
0	64	384	97	77	382
0	64	448	113	81	446
0	64	512	129	86	510
0	64	576	145	92	573
0	64	640	162	98	637
0	64	704	178	104	701
0	64	768	194	111	765
0	64	832	210	117	828
0	64	896	226	124	892
0	64	960	242	131	956
0	64	1023	258	138	1018
0	128	0	31	127	16
0	128	64	34	127	65
0	128	128	44	127	128
0	128	192	56	128	191
0	128	256	70	129	255
0	128	320	85	131	319
0	128	384	100	133	382
0	128	448	116	135	446
0	128	512	131	138	510
0	128	576	147	142	573
0	128	640	163	145	637
0	128	704	179	149	701
0	128	768	195	153	765
0	128	832	211	158	828
0	128	896	227	163	892
0	128	960	243	168	956
0	128	1023	259	173	1018
0	192	0	47	190	24
0	192	64	49	190	67
0	192	128	55	190	129
0	192	192	65	191	192
0	192	256	77	192	255
0	192	320	91	193	319
0	192	384	105	194	383
0	192	448	120	195	446
0	192	512	135	197	510
0	192	576	150	199	574
0	192	640	166	202	637
0	192	704	181	205	701
0	192	768	197	207	765
0	192	832	213	211	828
0	192	896	229	214	892
0	192	960	245	218	956
0	192	1023	260	222	1018
0	256	0	63	253	31
0	256	64	64	253	70
0	256	128	69	253	130
0	256	192	77	254	193
0	256	256	87	254	256
0	256	320	99	255	319
0	256	384	112	256	383
0	256	448	126	257	447
0	256	512	140	259	510
0	256	576	155	260	574
0	256	640	170	262	637
0	256	704	185	264	701
0	256	768	201	266	765
0	256	832	216	268	829
0	256	896	232	271	892
0	256	960	247	274	956
0	256	1023	263	277	1019
0	320	0	78	316	39
0	320	64	79	317	73
0	320	128	83	317	132
0	320	192	90	317	194
0	320	256	98	317	257
0	320	320	109	318	320
0	320	384	121	319	383
0	320	448	133	320	447
0	320	512	147	321	511
0	320	576	161	322	574
0	320	640	175	323	638
0	320	704	190	325	701
0	320	768	205	326	765
0	320	832	220	328	829
0	320	896	235	330	892
0	320	960	251	332	956
0	320	1023	266	335	1019
0	384	0	94	380	47
0	384	64	95	380	77
0	384	128	98	380	134
0	384	192	103	380	195
0	384	256	111	381	258
0	384	320	120	381	321
0	384	384	131	382	384
0	384	448	142	382	447
0	384	512	155	383	511
0	384	576	168	384	574
0	384	640	182	385	638
0	384	704	196	386	702
0	384	768	210	388	765
0	384	832	225	389	829
0	384	896	240	391	893
0	384	960	255	393	956
0	384	1023	270	395	1019
0	448	0	110	443	55
0	448	64	110	443	82
0	448	128	113	443	136
0	448	192	118	443	197
0	448	256	124	444	259
0	448	320	132	444	322
0	448	384	142	445	385
0	448	448	152	445	448
0	448	512	164	446	511
0	448	576	177	447	575
0	448	640	190	448	638
0	448	704	203	449	702
0	448	768	217	450	766
0	448	832	231	451	829
0	448	896	245	452	893
0	448	960	260	454	956
0	448	1023	275	455	1019
0	512	0	125	506	63
0	512	64	126	506	87
0	512	128	128	506	139
0	512	192	132	507	198
0	512	256	138	507	260
0	512	320	145	507	323
0	512	384	154	508	386
0	512	448	163	508	449
0	512	512	174	509	512
0	512	576	186	509	575
0	512	640	198	510	639
0	512	704	211	511	702
0	512	768	224	512	766
0	512	832	238	513	830
0	512	896	252	514	893
0	512	960	266	516	957
0	512	1023	280	517	1019
0	576	0	141	570	71
0	576	64	142	570	92
0	576	128	144	570	142
0	576	192	147	570	201
0	576	256	152	570	262
0	576	320	158	570	324
0	576	384	166	571	386
0	576	448	175	571	449
0	576	512	185	572	513
0	576	576	196	572	576
0	576	640	208	573	639
0	576	704	220	574	703
0	576	768	232	575	766
0	576	832	246	576	830
0	576	896	259	577	893
0	576	960	273	578	957
0	576	1023	287	579	1020
0	640	0	157	633	79
0	640	64	157	633	98
0	640	128	159	633	146
0	640	192	162	633	203
0	640	256	166	633	263
0	640	320	172	634	325
0	640	384	179	634	388
0	640	448	188	634	450
0	640	512	197	635	513
0	640	576	207	635	577
0	640	640	218	636	640
0	640	704	229	637	703
0	640	768	241	637	767
0	640	832	254	638	830
0	640	896	267	639	894
0	640	960	280	640	957
0	640	1023	294	641	1020
0	704	0	172	696	86
0	704	64	173	696	104
0	704	128	174	696	150
0	704	192	177	696	206
0	704	256	181	697	265
0	704	320	186	697	327
0	704	384	193	697	389
0	704	448	200	697	451
0	704	512	209	698	514
0	704	576	218	698	577
0	704	640	229	699	641
0	704	704	240	699	704
0	704	768	251	700	767
0	704	832	263	701	831
0	704	896	276	702	894
0	704	960	288	703	958
0	704	1023	301	704	1020
0	768	0	188	760	94
0	768	64	188	760	111
0	768	128	190	760	154
0	768	192	192	760	209
0	768	256	196	760	267
0	768	320	201	760	328
0	768	384	207	760	390
0	768	448	214	761	453
0	768	512	222	761	515
0	768	576	231	761	578
0	768	640	240	762	641
0	768	704	250	762	705
0	768	768	261	763	768
0	768	832	273	764	831
0	768	896	285	764	895
0	768	960	297	765	958
0	768	1023	310	766	1021
0	832	0	204	823	102
0	832	64	204	823	117
0	832	128	205	823	158
0	832	192	208	823	212
0	832	256	211	823	270
0	832	320	215	823	330
0	832	384	221	824	392
0	832	448	227	824	454
0	832	512	235	824	516
0	832	576	243	825	579
0	832	640	252	825	642
0	832	704	262	825	705
0	832	768	272	826	769
0	832	832	283	827	832
0	832	896	295	827	895
0	832	960	307	828	959
0	832	1023	319	829	1021
0	896	0	219	886	110
0	896	64	220	886	124
0	896	128	221	886	163
0	896	192	223	886	215
0	896	256	226	886	272
0	896	320	230	887	332
0	896	384	235	887	393
0	896	448	241	887	455
0	896	512	248	887	518
0	896	576	256	888	580
0	896	640	264	888	643
0	896	704	274	889	706
0	896	768	283	889	769
0	896	832	294	890	833
0	896	896	305	890	896
0	896	960	316	891	959
0	896	1023	328	892	1022
0	960	0	235	949	118
0	960	64	235	949	131
0	960	128	236	950	168
0	960	192	238	950	219
0	960	256	241	950	275
0	960	320	245	950	334
0	960	384	250	950	395
0	960	448	255	950	457
0	960	512	262	951	519
0	960	576	269	951	581
0	960	640	277	951	644
0	960	704	286	952	707
0	960	768	295	952	770
0	960	832	305	953	833
0	960	896	316	953	897
0	960	960	327	954	960
0	960	1023	338	954	1022
0	1023	0	251	1012	126
0	1023	64	251	1012	138
0	1023	128	252	1012	173
0	1023	192	254	1012	223
0	1023	256	256	1012	278
0	1023	320	260	1012	337
0	1023	384	264	1012	397
0	1023	448	269	1013	458
0	1023	512	275	1013	520
0	1023	576	282	1013	583
0	1023	640	290	1013	645
0	1023	704	298	1014	708
0	1023	768	307	1014	771
0	1023	832	317	1015	834
0	1023	896	327	1015	897
0	1023	960	337	1016	961
0	1023	1023	348	1016	1023
64	0	0	61	9	0
64	0	64	63	12	64
64	0	128	68	18	127
64	0	192	76	25	191
64	0	256	86	32	255
64	0	320	98	40	319
64	0	384	111	48	382
64	0	448	125	56	446
64	0	512	140	63	510
64	0	576	154	71	573
64	0	640	170	79	637
64	0	704	185	87	701
64	0	768	200	95	765
64	0	832	216	102	828
64	0	896	231	110	892
64	0	960	247	118	956
64	0	1023	262	126	1018
64	64	0	63	64	8
64	64	64	64	64	64
64	64	128	69	65	128
64	64	192	77	67	191
64	64	256	87	70	255
64	64	320	99	73	319
64	64	384	112	77	382
64	64	448	126	82	446
64	64	512	140	87	510
64	64	576	155	92	573
64	64	640	170	98	637
64	64	704	185	104	701
64	64	768	200	111	765
64	64	832	216	117	828
64	64	896	232	124	892
64	64	960	247	131	956
64	64	1023	263	138	1018
64	128	0	67	127	16
64	128	64	69	127	65
64	128	128	73	127	128
64	128	192	80	128	191
64	128	256	90	129	255
64	128	320	102	131	319
64	128	384	114	133	382
64	128	448	128	136	446
64	128	512	142	138	510
64	128	576	157	142	573
64	128	640	171	145	637
64	128	704	186	149	701
64	128	768	202	153	765
64	128	832	217	158	828
64	128	896	233	163	892
64	128	960	248	168	956
64	128	1023	263	173	1018
64	192	0	75	190	24
64	192	64	76	190	67
64	192	128	80	190	129
64	192	192	87	191	192
64	192	256	96	192	255
64	192	320	107	193	319
64	192	384	119	194	383
64	192	448	132	196	446
64	192	512	145	197	510
64	192	576	160	200	574
64	192	640	174	202	637
64	192	704	189	205	701
64	192	768	204	208	765
64	192	832	219	211	828
64	192	896	234	214	892
64	192	960	250	218	956
64	192	1023	265	222	1018
64	256	0	85	253	31
64	256	64	86	253	69
64	256	128	89	254	130
64	256	192	95	254	193
64	256	256	103	254	256
64	256	320	113	255	319
64	256	384	125	256	383
64	256	448	137	257	447
64	256	512	150	259	510
64	256	576	164	260	574
64	256	640	178	262	637
64	256	704	192	264	701
64	256	768	207	266	765
64	256	832	222	268	829
64	256	896	237	271	892
64	256	960	252	274	956
64	256	1023	267	277	1019
64	320	0	96	317	39
64	320	64	97	317	73
64	320	128	100	317	132
64	320	192	106	317	194
64	320	256	113	317	257
64	320	320	122	318	320
64	320	384	132	319	383
64	320	448	144	320	447
64	320	512	156	321	511
64	320	576	169	322	574
64	320	640	183	323	638
64	320	704	197	325	701
64	320	768	211	326	765
64	320	832	226	328	829
64	320	896	241	330	892
64	320	960	256	332	956
64	320	1023	271	335	1019
64	384	0	109	380	47
64	384	64	110	380	77
64	384	128	113	380	134
64	384	192	117	380	195
64	384	256	124	381	258
64	384	320	132	381	321
64	384	384	141	382	384
64	384	448	152	382	447
64	384	512	164	383	511
64	384	576	176	384	574
64	384	640	189	385	638
64	384	704	203	386	702
64	384	768	217	388	765
64	384	832	231	389	829
64	384	896	245	391	893
64	384	960	260	393	956
64	384	1023	275	395	1019
64	448	0	123	443	55
64	448	64	123	443	82
64	448	128	126	443	136
64	448	192	130	443	197
64	448	256	135	444	259
64	448	320	143	444	322
64	448	384	151	445	385
64	448	448	161	445	448
64	448	512	172	446	511
64	448	576	184	447	575
64	448	640	197	448	638
64	448	704	209	449	702
64	448	768	223	450	766
64	448	832	237	451	829
64	448	896	251	452	893
64	448	960	265	454	956
64	448	1023	279	456	1019
64	512	0	137	506	63
64	512	64	137	506	87
64	512	128	139	507	139
64	512	192	143	507	198
64	512	256	148	507	260
64	512	320	155	507	323
64	512	384	163	508	386
64	512	448	172	508	449
64	512	512	182	509	512
64	512	576	193	509	575
64	512	640	205	510	639
64	512	704	217	511	702
64	512	768	230	512	766
64	512	832	243	513	830
64	512	896	257	514	893
64	512	960	271	516	957
64	512	1023	285	517	1019
64	576	0	151	570	71
64	576	64	151	570	92
64	576	128	153	570	142
64	576	192	156	570	201
64	576	256	161	570	262
64	576	320	167	570	324
64	576	384	174	571	386
64	576	448	183	571	449
64	576	512	192	572	513
64	576	576	203	572	576
64	576	640	214	573	639
64	576	704	226	574	703
64	576	768	238	575	766
64	576	832	251	576	830
64	576	896	264	577	893
64	576	960	277	578	957
64	576	1023	291	579	1020
64	640	0	165	633	79
64	640	64	166	633	98
64	640	128	168	633	146
64	640	192	170	633	203
64	640	256	175	633	263
64	640	320	180	634	325
64	640	384	187	634	388
64	640	448	195	634	450
64	640	512	204	635	513
64	640	576	213	635	577
64	640	640	224	636	640
64	640	704	235	637	703
64	640	768	247	637	767
64	640	832	259	638	830
64	640	896	272	639	894
64	640	960	285	640	957
64	640	1023	298	641	1020
64	704	0	180	696	86
64	704	64	181	696	104
64	704	128	182	696	150
64	704	192	185	696	206
64	704	256	189	697	265
64	704	320	194	697	327
64	704	384	200	697	389
64	704	448	207	697	451
64	704	512	215	698	514
64	704	576	224	698	577
64	704	640	234	699	641
64	704	704	245	700	704
64	704	768	256	700	767
64	704	832	268	701	831
64	704	896	280	702	894
64	704	960	293	703	958
64	704	1023	305	704	1020
64	768	0	195	760	94
64	768	64	196	760	111
64	768	128	197	760	154
64	768	192	199	760	209
64	768	256	203	760	267
64	768	320	207	760	328
64	768	384	213	760	390
64	768	448	220	761	453
64	768	512	228	761	515
64	768	576	236	761	578
64	768	640	245	762	641
64	768	704	255	762	705
64	768	768	266	763	768
64	768	832	277	764	831
64	768	896	289	764	895
64	768	960	301	765	958
64	768	1023	314	766	1021
64	832	0	210	823	102
64	832	64	211	823	117
64	832	128	212	823	158
64	832	192	214	823	212
64	832	256	217	823	270
64	832	320	221	823	330
64	832	384	227	824	392
64	832	448	233	824	454
64	832	512	240	824	516
64	832	576	248	825	579
64	832	640	257	825	642
64	832	704	267	826	705
64	832	768	277	826	769
64	832	832	288	827	832
64	832	896	299	827	895
64	832	960	310	828	959
64	832	1023	322	829	1021
64	896	0	225	886	110
64	896	64	226	886	124
64	896	128	227	886	163
64	896	192	229	886	215
64	896	256	232	886	272
64	896	320	236	887	332
64	896	384	241	887	393
64	896	448	247	887	455
64	896	512	253	887	518
64	896	576	261	888	580
64	896	640	269	888	643
64	896	704	278	889	706
64	896	768	288	889	769
64	896	832	298	890	833
64	896	896	309	890	896
64	896	960	320	891	959
64	896	1023	332	892	1022
64	960	0	241	949	118
64	960	64	241	949	131
64	960	128	242	950	168
64	960	192	244	950	219
64	960	256	247	950	275
64	960	320	250	950	334
64	960	384	255	950	395
64	960	448	260	950	457
64	960	512	267	951	519
64	960	576	274	951	581
64	960	640	282	951	644
64	960	704	290	952	707
64	960	768	299	952	770
64	960	832	309	953	833
64	960	896	320	953	897
64	960	960	330	954	960
64	960	1023	342	955	1022
64	1023	0	256	1012	126
64	1023	64	256	1012	138
64	1023	128	257	1012	173
64	1023	192	259	1012	223
64	1023	256	261	1012	278
64	1023	320	265	1012	337
64	1023	384	269	1012	397
64	1023	448	274	1013	458
64	1023	512	280	1013	520
64	1023	576	287	1013	583
64	1023	640	294	1013	645
64	1023	704	302	1014	708
64	1023	768	311	1014	771
64	1023	832	321	1015	834
64	1023	896	330	1015	897
64	1023	960	341	1016	961
64	1023	1023	352	1016	1023
128	0	0	122	18	0
128	0	64	123	19	64
128	0	128	125	23	127
128	0	192	129	29	191
128	0	256	135	35	255
128	0	320	143	42	319
128	0	384	151	50	382
128	0	448	161	57	446
128	0	512	172	65	510
128	0	576	184	72	573
128	0	640	196	80	637
128	0	704	209	88	701
128	0	768	223	96	765
128	0	832	236	103	828
128	0	896	251	111	892
128	0	960	265	119	956
128	0	1023	279	127	1018
128	64	0	123	65	7
128	64	64	124	65	64
128	64	128	126	66	128
128	64	192	130	68	191
128	64	256	136	71	255
128	64	320	143	74	319
128	64	384	152	78	382
128	64	448	162	83	446
128	64	512	173	88	510
128	64	576	184	93	573
128	64	640	197	99	637
128	64	704	210	105	701
128	64	768	223	111	765
128	64	832	237	118	828
128	64	896	251	125	892
128	64	960	265	132	956
128	64	1023	279	138	1018
128	128	0	125	127	15
128	128	64	126	128	65
128	128	128	128	128	128
128	128	192	132	129	191
128	128	256	138	130	255
128	128	320	145	132	319
128	128	384	153	134	382
128	128	448	163	136	446
128	128	512	174	139	510
128	128	576	186	142	573
128	128	640	198	146	637
128	128	704	211	150	701
128	128	768	224	154	765
128	128	832	238	158	828
128	128	896	252	163	892
128	128	960	266	168	956
128	128	1023	280	173	1018
128	192	0	129	190	23
128	192	64	130	190	67
128	192	128	132	191	129
128	192	192	136	191	192
128	192	256	141	192	255
128	192	320	148	193	319
128	192	384	156	194	383
128	192	448	166	196	446
128	192	512	177	198	510
128	192	576	188	200	574
128	192	640	200	202	637
128	192	704	213	205	701
128	192	768	226	208	765
128	192	832	240	211	828
128	192	896	253	214	892
128	192	960	268	218	956
128	192	1023	282	222	1018
128	256	0	134	254	31
128	256	64	135	254	69
128	256	128	137	254	130
128	256	192	141	254	193
128	256	256	146	255	256
128	256	320	153	255	319
128	256	384	161	256	383
128	256	448	170	258	447
128	256	512	180	259	510
128	256	576	192	260	574
128	256	640	203	262	637
128	256	704	216	264	701
128	256	768	229	266	765
128	256	832	242	269	829
128	256	896	256	271	892
128	256	960	270	274	956
128	256	1023	284	277	1019
128	320	0	141	317	39
128	320	64	142	317	73
128	320	128	144	317	132
128	320	192	147	317	194
128	320	256	152	318	257
128	320	320	159	318	320
128	320	384	167	319	383
128	320	448	176	320	447
128	320	512	185	321	511
128	320	576	196	322	574
128	320	640	208	323	638
128	320	704	220	325	701
128	320	768	233	327	765
128	320	832	246	328	829
128	320	896	259	330	892
128	320	960	273	333	956
128	320	1023	287	335	1019
128	384	0	150	380	47
128	384	64	150	380	77
128	384	128	152	380	134
128	384	192	155	380	195
128	384	256	160	381	258
128	384	320	166	381	321
128	384	384	174	382	384
128	384	448	182	382	447
128	384	512	192	383	511
128	384	576	202	384	574
128	384	640	213	385	638
128	384	704	225	387	702
128	384	768	237	388	765
128	384	832	250	389	829
128	384	896	263	391	893
128	384	960	277	393	956
128	384	1023	290	395	1019
128	448	0	159	443	55
128	448	64	160	443	82
128	448	128	161	443	136
128	448	192	164	444	197
128	448	256	169	444	259
128	448	320	175	444	322
128	448	384	182	445	385
128	448	448	190	445	448
128	448	512	199	446	511
128	448	576	209	447	575
128	448	640	220	448	638
128	448	704	231	449	702
128	448	768	243	450	766
128	448	832	255	451	829
128	448	896	268	453	893
128	448	960	282	454	956
128	448	1023	295	456	1019
128	512	0	170	507	63
128	512	64	170	507	87
128	512	128	172	507	139
128	512	192	175	507	198
128	512	256	179	507	260
128	512	320	184	507	323
128	512	384	191	508	386
128	512	448	198	508	449
128	512	512	207	509	512
128	512	576	216	510	575
128	512	640	227	510	639
128	512	704	238	511	702
128	512	768	249	512	766
128	512	832	262	513	830
128	512	896	274	514	893
128	512	960	287	516	957
128	512	1023	300	517	1019
128	576	0	181	570	71
128	576	64	181	570	92
128	576	128	183	570	142
128	576	192	186	570	201
128	576	256	189	570	262
128	576	320	194	571	324
128	576	384	200	571	386
128	576	448	208	571	449
128	576	512	216	572	513
128	576	576	225	572	576
128	576	640	235	573	639
128	576	704	245	574	703
128	576	768	257	575	766
128	576	832	268	576	830
128	576	896	281	577	893
128	576	960	293	578	957
128	576	1023	306	579	1020
128	640	0	193	633	79
128	640	64	193	633	98
128	640	128	195	633	146
128	640	192	197	633	203
128	640	256	201	633	263
128	640	320	205	634	325
128	640	384	211	634	388
128	640	448	218	634	450
128	640	512	226	635	513
128	640	576	234	635	577
128	640	640	244	636	640
128	640	704	254	637	703
128	640	768	265	637	767
128	640	832	276	638	830
128	640	896	288	639	894
128	640	960	300	640	957
128	640	1023	312	641	1020
128	704	0	205	696	86
128	704	64	206	696	104
128	704	128	207	696	150
128	704	192	209	697	206
128	704	256	213	697	265
128	704	320	217	697	327
128	704	384	222	697	389
128	704	448	229	698	451
128	704	512	236	698	514
128	704	576	244	698	577
128	704	640	253	699	641
128	704	704	263	700	704
128	704	768	273	700	767
128	704	832	284	701	831
128	704	896	296	702	894
128	704	960	308	703	958
128	704	1023	320	704	1020
128	768	0	218	760	94
128	768	64	219	760	111
128	768	128	220	760	154
128	768	192	222	760	209
128	768	256	225	760	267
128	768	320	229	760	328
128	768	384	234	760	390
128	768	448	240	761	453
128	768	512	247	761	515
128	768	576	255	762	578
128	768	640	264	762	641
128	768	704	273	763	705
128	768	768	283	763	768
128	768	832	293	764	831
128	768	896	304	765	895
128	768	960	316	765	958
128	768	1023	327	766	1021
128	832	0	232	823	102
128	832	64	232	823	117
128	832	128	233	823	158
128	832	192	235	823	212
128	832	256	238	823	270
128	832	320	242	823	330
128	832	384	246	824	392
128	832	448	252	824	454
128	832	512	259	824	516
128	832	576	266	825	579
128	832	640	274	825	642
128	832	704	283	826	705
128	832	768	293	826	769
128	832	832	303	827	832
128	832	896	313	827	895
128	832	960	324	828	959
128	832	1023	336	829	1021
128	896	0	245	886	110
128	896	64	246	886	124
128	896	128	247	886	163
128	896	192	248	886	215
128	896	256	251	886	272
128	896	320	255	887	332
128	896	384	259	887	393
128	896	448	264	887	455
128	896	512	271	887	518
128	896	576	278	888	580
128	896	640	285	888	643
128	896	704	294	889	706
128	896	768	303	889	769
128	896	832	313	890	833
128	896	896	323	890	896
128	896	960	334	891	959
128	896	1023	345	892	1022
128	960	0	259	950	118
128	960	64	259	950	131
128	960	128	260	950	168
128	960	192	262	950	219
128	960	256	265	950	275
128	960	320	268	950	334
128	960	384	272	950	395
128	960	448	277	950	457
128	960	512	283	951	519
128	960	576	290	951	581
128	960	640	297	951	644
128	960	704	305	952	707
128	960	768	314	952	770
128	960	832	323	953	833
128	960	896	333	953	897
128	960	960	343	954	960
128	960	1023	354	955	1022
128	1023	0	273	1012	126
128	1023	64	273	1012	138
128	1023	128	274	1012	173
128	1023	192	276	1012	223
128	1023	256	278	1012	278
128	1023	320	281	1012	337
128	1023	384	285	1012	397
128	1023	448	290	1013	458
128	1023	512	296	1013	520
128	1023	576	302	1013	583
128	1023	640	309	1013	645
128	1023	704	317	1014	708
128	1023	768	325	1014	771
128	1023	832	334	1015	834
128	1023	896	343	1015	897
128	1023	960	353	1016	961
128	1023	1023	364	1016	1023
192	0	0	184	27	0
192	0	64	184	28	64
192	0	128	185	31	127
192	0	192	188	35	191
192	0	256	192	40	255
192	0	320	197	46	319
192	0	384	203	53	382
192	0	448	210	60	446
192	0	512	218	67	510
192	0	576	227	75	573
192	0	640	237	82	637
192	0	704	247	90	701
192	0	768	258	97	765
192	0	832	270	105	828
192	0	896	282	112	892
192	0	960	295	120	956
192	0	1023	307	128	1018
192	64	0	184	68	5
192	64	64	184	68	64
192	64	128	186	69	127
192	64	192	188	71	191
192	64	256	192	73	255
192	64	320	197	76	319
192	64	384	203	80	382
192	64	448	210	85	446
192	64	512	218	89	510
192	64	576	227	95	573
192	64	640	237	101	637
192	64	704	247	107	701
192	64	768	259	113	765
192	64	832	270	119	828
192	64	896	282	126	892
192	64	960	295	133	956
192	64	1023	307	139	1018
192	128	0	185	129	15
192	128	64	186	129	65
192	128	128	187	129	128
192	128	192	190	130	191
192	128	256	193	131	255
192	128	320	198	133	319
192	128	384	204	135	382
192	128	448	211	137	446
192	128	512	219	140	510
192	128	576	228	143	573
192	128	640	238	147	637
192	128	704	248	151	701
192	128	768	259	155	765
192	128	832	271	159	828
192	128	896	283	164	892
192	128	960	296	169	956
192	128	1023	308	174	1018
192	192	0	188	191	23
192	192	64	188	191	67
192	192	128	189	191	129
192	192	192	192	192	192
192	192	256	196	193	255
192	192	320	200	194	319
192	192	384	206	195	383
192	192	448	213	197	446
192	192	512	221	198	510
192	192	576	230	201	574
192	192	640	240	203	637
192	192	704	250	206	701
192	192	768	261	209	765
192	192	832	273	212	828
192	192	896	285	215	892
192	192	960	297	219	956
192	192	1023	309	223	1018
192	256	0	191	254	31
192	256	64	192	254	69
192	256	128	193	254	130
192	256	192	195	255	193
192	256	256	199	255	256
192	256	320	204	256	319
192	256	384	210	257	383
192	256	448	216	258	447
192	256	512	224	259	510
192	256	576	233	261	574
192	256	640	242	263	637
192	256	704	253	265	701
192	256	768	263	267	765
192	256	832	275	269	829
192	256	896	287	272	892
192	256	960	299	274	956
192	256	1023	311	277	1019
192	320	0	196	317	39
192	320	64	196	317	73
192	320	128	198	317	132
192	320	192	200	318	194
192	320	256	203	318	257
192	320	320	208	319	320
192	320	384	214	319	383
192	320	448	220	320	447
192	320	512	228	321	510
192	320	576	237	322	574
192	320	640	246	324	638
192	320	704	256	325	701
192	320	768	267	327	765
192	320	832	278	329	829
192	320	896	290	331	892
192	320	960	302	333	956
192	320	1023	314	335	1019
192	384	0	202	380	47
192	384	64	202	380	77
192	384	128	203	380	134
192	384	192	206	381	195
192	384	256	209	381	258
192	384	320	213	381	321
192	384	384	219	382	384
192	384	448	225	383	447
192	384	512	233	384	511
192	384	576	241	385	574
192	384	640	250	386	638
192	384	704	260	387	702
192	384	768	271	388	765
192	384	832	282	390	829
192	384	896	293	391	893
192	384	960	305	393	956
192	384	1023	317	395	1019
192	448	0	208	444	55
192	448	64	209	444	81
192	448	128	210	444	136
192	448	192	212	444	197
192	448	256	215	444	259
192	448	320	220	444	322
192	448	384	225	445	385
192	448	448	231	446	448
192	448	512	239	446	511
192	448	576	247	447	575
192	448	640	256	448	638
192	448	704	265	449	702
192	448	768	275	450	766
192	448	832	286	451	829
192	448	896	298	453	893
192	448	960	309	454	956
192	448	1023	321	456	1019
192	512	0	216	507	63
192	512	64	216	507	87
192	512	128	218	507	139
192	512	192	220	507	198
192	512	256	223	507	260
192	512	320	227	508	323
192	512	384	232	508	386
192	512	448	238	508	449
192	512	512	245	509	512
192	512	576	253	510	575
192	512	640	262	511	639
192	512	704	271	511	702
192	512	768	281	512	766
192	512	832	292	514	830
192	512	896	303	515	893
192	512	960	314	516	957
192	512	1023	326	517	1019
192	576	0	225	570	71
192	576	64	225	570	92
192	576	128	226	570	142
192	576	192	228	570	201
192	576	256	231	570	262
192	576	320	235	571	324
192	576	384	240	571	386
192	576	448	246	572	449
192	576	512	253	572	513
192	576	576	260	573	576
192	576	640	269	573	639
192	576	704	278	574	703
192	576	768	287	575	766
192	576	832	298	576	830
192	576	896	308	577	893
192	576	960	320	578	957
192	576	1023	331	579	1020
192	640	0	234	633	78
192	640	64	234	633	98
192	640	128	235	633	146
192	640	192	237	633	203
192	640	256	240	634	263
192	640	320	244	634	325
192	640	384	249	634	388
192	640	448	254	635	450
192	640	512	261	635	513
192	640	576	268	636	577
192	640	640	276	636	640
192	640	704	285	637	703
192	640	768	294	638	767
192	640	832	304	638	830
192	640	896	315	639	894
192	640	960	326	640	957
192	640	1023	337	641	1020
192	704	0	244	697	86
192	704	64	244	697	104
192	704	128	245	697	150
192	704	192	247	697	206
192	704	256	250	697	265
192	704	320	254	697	327
192	704	384	258	697	389
192	704	448	263	698	451
192	704	512	270	698	514
192	704	576	277	699	577
192	704	640	284	699	641
192	704	704	293	700	704
192	704	768	302	700	767
192	704	832	312	701	831
192	704	896	322	702	894
192	704	960	333	703	958
192	704	1023	344	704	1020
192	768	0	255	760	94
192	768	64	255	760	111
192	768	128	256	760	154
192	768	192	258	760	208
192	768	256	260	760	267
192	768	320	264	760	328
192	768	384	268	761	390
192	768	448	273	761	453
192	768	512	279	761	515
192	768	576	286	762	578
192	768	640	293	762	641
192	768	704	302	763	705
192	768	768	310	763	768
192	768	832	320	764	831
192	768	896	330	765	895
192	768	960	340	766	958
192	768	1023	351	766	1021
192	832	0	266	823	102
192	832	64	266	823	117
192	832	128	267	823	158
192	832	192	269	823	212
192	832	256	271	823	270
192	832	320	274	824	330
192	832	384	279	824	392
192	832	448	283	824	454
192	832	512	289	824	516
192	832	576	296	825	579
192	832	640	303	825	642
192	832	704	311	826	705
192	832	768	319	826	769
192	832	832	328	827	832
192	832	896	338	828	895
192	832	960	348	828	959
192	832	1023	359	829	1021
192	896	0	277	886	110
192	896	64	278	886	124
192	896	128	279	886	163
192	896	192	280	886	215
192	896	256	282	887	272
192	896	320	286	887	332
192	896	384	290	887	393
192	896	448	294	887	455
192	896	512	300	888	518
192	896	576	306	888	580
192	896	640	313	888	643
192	896	704	320	889	706
192	896	768	329	889	769
192	896	832	337	890	833
192	896	896	347	890	896
192	896	960	357	891	959
192	896	1023	367	892	1022
192	960	0	289	950	118
192	960	64	290	950	131
192	960	128	291	950	168
192	960	192	292	950	219
192	960	256	294	950	275
192	960	320	297	950	334
192	960	384	301	950	395
192	960	448	305	950	457
192	960	512	311	951	519
192	960	576	317	951	581
192	960	640	323	951	644
192	960	704	331	952	707
192	960	768	339	952	770
192	960	832	347	953	833
192	960	896	356	953	897
192	960	960	366	954	960
192	960	1023	376	955	1022
192	1023	0	302	1012	126
192	1023	64	302	1012	138
192	1023	128	303	1012	173
192	1023	192	304	1012	222
192	1023	256	306	1012	278
192	1023	320	309	1012	337
192	1023	384	313	1012	397
192	1023	448	317	1013	458
192	1023	512	322	1013	520
192	1023	576	328	1013	583
192	1023	640	334	1014	645
192	1023	704	341	1014	708
192	1023	768	349	1014	771
192	1023	832	357	1015	834
192	1023	896	366	1015	897
192	1023	960	375	1016	961
192	1023	1023	385	1017	1023
256	0	0	245	36	0
256	0	64	245	37	63
256	0	128	246	39	127
256	0	192	248	42	191
256	0	256	251	46	255
256	0	320	254	52	318
256	0	384	259	58	382
256	0	448	264	64	446
256	0	512	270	71	510
256	0	576	277	78	573
256	0	640	285	85	637
256	0	704	294	92	701
256	0	768	303	99	765
256	0	832	312	107	828
256	0	896	323	114	892
256	0	960	333	122	956
256	0	1023	344	129	1018
256	64	0	245	71	0
256	64	64	245	71	64
256	64	128	246	72	127
256	64	192	248	74	191
256	64	256	251	76	255
256	64	320	254	79	319
256	64	384	259	83	382
256	64	448	264	87	446
256	64	512	271	92	510
256	64	576	278	97	573
256	64	640	285	103	637
256	64	704	294	109	701
256	64	768	303	115	765
256	64	832	313	121	828
256	64	896	323	128	892
256	64	960	333	134	956
256	64	1023	344	141	1018
256	128	0	246	130	14
256	128	64	246	130	65
256	128	128	247	131	128
256	128	192	249	132	191
256	128	256	252	133	255
256	128	320	255	134	319
256	128	384	260	136	382
256	128	448	265	139	446
256	128	512	271	142	510
256	128	576	278	145	573
256	128	640	286	148	637
256	128	704	294	152	701
256	128	768	304	156	765
256	128	832	313	161	828
256	128	896	323	165	892
256	128	960	334	170	956
256	128	1023	345	175	1018
256	192	0	248	192	22
256	192	64	248	192	67
256	192	128	249	192	129
256	192	192	251	193	192
256	192	256	253	194	255
256	192	320	257	195	319
256	192	384	261	196	383
256	192	448	267	198	446
256	192	512	273	199	510
256	192	576	280	202	574
256	192	640	288	204	637
256	192	704	296	207	701
256	192	768	305	209	765
256	192	832	315	213	828
256	192	896	325	216	892
256	192	960	335	220	956
256	192	1023	346	223	1018
256	256	0	250	255	31
256	256	64	251	255	69
256	256	128	252	255	130
256	256	192	253	255	193
256	256	256	256	256	256
256	256	320	259	257	319
256	256	384	264	258	383
256	256	448	269	259	447
256	256	512	275	260	510
256	256	576	282	262	574
256	256	640	290	263	637
256	256	704	298	265	701
256	256	768	307	267	765
256	256	832	316	270	829
256	256	896	327	272	892
256	256	960	337	275	956
256	256	1023	348	278	1019
256	320	0	254	318	39
256	320	64	254	318	73
256	320	128	255	318	132
256	320	192	257	318	194
256	320	256	259	319	257
256	320	320	263	319	320
256	320	384	267	320	383
256	320	448	272	321	447
256	320	512	278	322	510
256	320	576	285	323	574
256	320	640	293	324	638
256	320	704	301	326	701
256	320	768	310	328	765
256	320	832	319	329	829
256	320	896	329	331	892
256	320	960	339	334	956
256	320	1023	350	336	1019
256	384	0	258	381	47
256	384	64	258	381	77
256	384	128	259	381	134
256	384	192	261	381	195
256	384	256	263	381	258
256	384	320	267	382	321
256	384	384	271	383	384
256	384	448	276	383	447
256	384	512	282	384	511
256	384	576	289	385	574
256	384	640	296	386	638
256	384	704	304	387	702
256	384	768	313	389	765
256	384	832	322	390	829
256	384	896	332	392	893
256	384	960	342	394	956
256	384	1023	353	396	1019
256	448	0	263	444	55
256	448	64	263	444	81
256	448	128	264	444	136
256	448	192	266	444	197
256	448	256	268	444	259
256	448	320	272	445	322
256	448	384	276	445	385
256	448	448	281	446	448
256	448	512	287	447	511
256	448	576	293	447	575
256	448	640	300	448	638
256	448	704	308	449	702
256	448	768	317	451	766
256	448	832	326	452	829
256	448	896	336	453	893
256	448	960	346	455	956
256	448	1023	357	456	1019
256	512	0	269	507	62
256	512	64	269	507	86
256	512	128	270	507	139
256	512	192	272	507	198
256	512	256	274	508	260
256	512	320	277	508	323
256	512	384	281	508	385
256	512	448	286	509	449
256	512	512	292	509	512
256	512	576	298	510	575
256	512	640	305	511	639
256	512	704	313	512	702
256	512	768	322	513	766
256	512	832	331	514	830
256	512	896	340	515	893
256	512	960	350	516	957
256	512	1023	361	518	1019
256	576	0	276	570	70
256	576	64	276	570	92
256	576	128	277	570	142
256	576	192	278	571	201
256	576	256	281	571	262
256	576	320	284	571	324
256	576	384	288	571	386
256	576	448	292	572	449
256	576	512	298	572	513
256	576	576	304	573	576
256	576	640	311	574	639
256	576	704	319	574	703
256	576	768	327	575	766
256	576	832	336	576	830
256	576	896	345	577	893
256	576	960	355	578	957
256	576	1023	365	579	1020
256	640	0	283	633	78
256	640	64	283	634	98
256	640	128	284	634	146
256	640	192	286	634	203
256	640	256	288	634	263
256	640	320	291	634	325
256	640	384	295	634	388
256	640	448	299	635	450
256	640	512	305	635	513
256	640	576	311	636	577
256	640	640	318	636	640
256	640	704	325	637	703
256	640	768	333	638	767
256	640	832	342	639	830
256	640	896	351	640	894
256	640	960	361	641	957
256	640	1023	371	642	1020
256	704	0	291	697	86
256	704	64	291	697	104
256	704	128	292	697	150
256	704	192	293	697	206
256	704	256	296	697	265
256	704	320	299	697	327
256	704	384	302	698	389
256	704	448	307	698	451
256	704	512	312	698	514
256	704	576	318	699	577
256	704	640	325	699	641
256	704	704	332	700	704
256	704	768	340	701	767
256	704	832	348	701	831
256	704	896	357	702	894
256	704	960	367	703	958
256	704	1023	377	704	1020
256	768	0	300	760	94
256	768	64	300	760	110
256	768	128	301	760	154
256	768	192	302	760	208
256	768	256	304	760	267
256	768	320	307	760	328
256	768	384	311	761	390
256	768	448	315	761	453
256	768	512	320	761	515
256	768	576	326	762	578
256	768	640	332	762	641
256	768	704	339	763	705
256	768	768	347	763	768
256	768	832	355	764	831
256	768	896	364	765	895
256	768	960	373	766	958
256	768	1023	383	767	1021
256	832	0	309	823	102
256	832	64	309	823	117
256	832	128	310	823	158
256	832	192	311	823	212
256	832	256	313	824	270
256	832	320	316	824	330
256	832	384	320	824	392
256	832	448	324	824	454
256	832	512	329	825	516
256	832	576	334	825	579
256	832	640	340	825	642
256	832	704	347	826	705
256	832	768	355	826	769
256	832	832	363	827	832
256	832	896	371	828	895
256	832	960	381	828	959
256	832	1023	390	829	1021
256	896	0	319	887	110
256	896	64	319	887	124
256	896	128	320	887	163
256	896	192	321	887	215
256	896	256	323	887	272
256	896	320	326	887	332
256	896	384	329	887	393
256	896	448	333	887	455
256	896	512	338	888	518
256	896	576	343	888	580
256	896	640	349	888	643
256	896	704	356	889	706
256	896	768	363	889	769
256	896	832	371	890	833
256	896	896	379	891	896
256	896	960	388	891	959
256	896	1023	397	892	1022
256	960	0	329	950	118
256	960	64	329	950	131
256	960	128	330	950	168
256	960	192	331	950	219
256	960	256	333	950	275
256	960	320	336	950	334
256	960	384	339	950	395
256	960	448	343	951	457
256	960	512	347	951	519
256	960	576	353	951	581
256	960	640	358	952	644
256	960	704	365	952	707
256	960	768	372	952	770
256	960	832	380	953	833
256	960	896	388	954	897
256	960	960	396	954	960
256	960	1023	405	955	1022
256	1023	0	339	1012	125
256	1023	64	340	1012	138
256	1023	128	340	1012	173
256	1023	192	342	1012	222
256	1023	256	343	1012	278
256	1023	320	346	1012	337
256	1023	384	349	1013	397
256	1023	448	353	1013	458
256	1023	512	357	1013	520
256	1023	576	362	1013	583
256	1023	640	368	1014	645
256	1023	704	374	1014	708
256	1023	768	381	1015	771
256	1023	832	388	1015	834
256	1023	896	396	1016	897
256	1023	960	405	1016	961
256	1023	1023	414	1017	1023
320	0	0	306	45	0
320	0	64	306	46	63
320	0	128	307	47	127
320	0	192	308	50	191
320	0	256	310	53	255
320	0	320	313	58	318
320	0	384	317	63	382
320	0	448	321	69	446
320	0	512	326	75	510
320	0	576	332	82	573
320	0	640	338	88	637
320	0	704	345	95	701
320	0	768	352	102	764
320	0	832	360	110	828
320	0	896	369	117	892
320	0	960	378	124	956
320	0	1023	388	132	1018
320	64	0	306	76	0
320	64	64	306	76	63
320	64	128	307	77	127
320	64	192	309	78	191
320	64	256	311	80	255
320	64	320	313	83	319
320	64	384	317	87	382
320	64	448	321	91	446
320	64	512	326	95	510
320	64	576	332	100	573
320	64	640	338	106	637
320	64	704	345	111	701
320	64	768	353	117	765
320	64	832	361	123	828
320	64	896	369	130	892
320	64	960	378	136	956
320	64	1023	388	143	1018
320	128	0	307	132	12
320	128	64	307	133	64
320	128	128	308	133	128
320	128	192	309	134	191
320	128	256	311	135	255
320	128	320	314	136	319
320	128	384	318	138	382
320	128	448	322	141	446
320	128	512	327	144	510
320	128	576	332	147	573
320	128	640	339	150	637
320	128	704	346	154	701
320	128	768	353	158	765
320	128	832	361	162	828
320	128	896	370	167	892
320	128	960	379	172	956
320	128	1023	388	177	1018
320	192	0	308	194	21
320	192	64	308	194	66
320	192	128	309	194	129
320	192	192	311	194	192
320	192	256	313	195	255
320	192	320	315	196	319
320	192	384	319	197	383
320	192	448	323	199	446
320	192	512	328	201	510
320	192	576	334	203	574
320	192	640	340	205	637
320	192	704	347	208	701
320	192	768	354	211	765
320	192	832	362	214	828
320	192	896	371	217	892
320	192	960	380	221	956
320	192	1023	389	225	1018
320	256	0	310	256	30
320	256	64	310	256	69
320	256	128	311	256	130
320	256	192	313	256	193
320	256	256	315	257	256
320	256	320	317	258	319
320	256	384	321	259	383
320	256	448	325	260	447
320	256	512	330	261	510
320	256	576	335	263	574
320	256	640	342	264	637
320	256	704	348	266	701
320	256	768	356	268	765
320	256	832	364	271	828
320	256	896	372	273	892
320	256	960	382	276	956
320	256	1023	391	279	1019
320	320	0	313	318	38
320	320	64	313	319	72
320	320	128	314	319	131
320	320	192	315	319	194
320	320	256	317	319	257
320	320	320	320	320	320
320	320	384	323	321	383
320	320	448	327	321	447
320	320	512	332	323	510
320	320	576	338	324	574
320	320	640	344	325	638
320	320	704	351	327	701
320	320	768	358	328	765
320	320	832	366	330	829
320	320	896	375	332	892
320	320	960	384	334	956
320	320	1023	393	337	1019
320	384	0	316	381	46
320	384	64	316	381	76
320	384	128	317	382	133
320	384	192	318	382	195
320	384	256	320	382	258
320	384	320	323	383	321
320	384	384	327	383	384
320	384	448	331	384	447
320	384	512	335	385	511
320	384	576	341	386	574
320	384	640	347	387	638
320	384	704	354	388	702
320	384	768	361	389	765
320	384	832	369	391	829
320	384	896	377	392	893
320	384	960	386	394	956
320	384	1023	395	396	1019
320	448	0	320	444	54
320	448	64	320	444	81
320	448	128	321	445	136
320	448	192	322	445	196
320	448	256	324	445	259
320	448	320	327	445	321
320	448	384	330	446	385
320	448	448	334	446	448
320	448	512	339	447	511
320	448	576	344	448	575
320	448	640	351	449	638
320	448	704	357	450	702
320	448	768	364	451	766
320	448	832	372	452	829
320	448	896	381	454	893
320	448	960	389	455	956
320	448	1023	399	457	1019
320	512	0	325	508	62
320	512	64	325	508	86
320	512	128	326	508	139
320	512	192	327	508	198
320	512	256	329	508	260
320	512	320	332	508	323
320	512	384	335	509	385
320	512	448	339	509	449
320	512	512	343	510	512
320	512	576	349	511	575
320	512	640	355	511	639
320	512	704	361	512	702
320	512	768	368	513	766
320	512	832	376	514	830
320	512	896	384	515	893
320	512	960	393	517	957
320	512	1023	402	518	1019
320	576	0	330	571	70
320	576	64	330	571	92
320	576	128	331	571	142
320	576	192	332	571	200
320	576	256	334	571	262
320	576	320	337	571	324
320	576	384	340	572	386
320	576	448	344	572	449
320	576	512	348	573	513
320	576	576	354	573	576
320	576	640	360	574	639
320	576	704	366	575	703
320	576	768	373	576	766
320	576	832	381	577	830
320	576	896	389	578	893
320	576	960	397	579	957
320	576	1023	406	580	1020
320	640	0	336	634	78
320	640	64	336	634	98
320	640	128	337	634	146
320	640	192	338	634	203
320	640	256	340	634	263
320	640	320	343	634	325
320	640	384	346	635	388
320	640	448	350	635	450
320	640	512	354	636	513
320	640	576	359	636	577
320	640	640	365	637	640
320	640	704	371	637	703
320	640	768	378	638	767
320	640	832	386	639	830
320	640	896	394	640	894
320	640	960	402	641	957
320	640	1023	411	642	1020
320	704	0	343	697	86
320	704	64	343	697	104
320	704	128	344	697	150
320	704	192	345	697	205
320	704	256	347	697	265
320	704	320	349	698	327
320	704	384	352	698	389
320	704	448	356	698	451
320	704	512	360	699	514
320	704	576	365	699	577
320	704	640	371	700	641
320	704	704	377	700	704
320	704	768	384	701	767
320	704	832	391	702	831
320	704	896	399	702	894
320	704	960	407	703	958
320	704	1023	416	704	1020
320	768	0	350	760	94
320	768	64	350	760	110
320	768	128	351	760	154
320	768	192	352	760	208
320	768	256	354	761	267
320	768	320	356	761	328
320	768	384	359	761	390
320	768	448	363	761	453
320	768	512	367	762	515
320	768	576	372	762	578
320	768	640	377	763	641
320	768	704	383	763	705
320	768	768	390	764	768
320	768	832	397	764	831
320	768	896	405	765	895
320	768	960	413	766	958
320	768	1023	422	767	1021
320	832	0	358	823	102
320	832	64	358	824	117
320	832	128	358	824	158
320	832	192	360	824	212
320	832	256	361	824	270
320	832	320	364	824	330
320	832	384	367	824	392
320	832	448	370	824	454
320	832	512	374	825	516
320	832	576	379	825	579
320	832	640	384	826	642
320	832	704	390	826	705
320	832	768	397	827	769
320	832	832	404	827	832
320	832	896	412	828	895
320	832	960	420	829	959
320	832	1023	428	829	1021
320	896	0	366	887	110
320	896	64	366	887	124
320	896	128	367	887	163
320	896	192	368	887	215
320	896	256	369	887	272
320	896	320	372	887	332
320	896	384	375	887	393
320	896	448	378	888	455
320	896	512	382	888	518
320	896	576	387	888	580
320	896	640	392	889	643
320	896	704	398	889	706
320	896	768	404	890	769
320	896	832	411	890	833
320	896	896	419	891	896
320	896	960	426	891	959
320	896	1023	435	892	1022
320	960	0	375	950	118
320	960	64	375	950	131
320	960	128	375	950	168
320	960	192	376	950	219
320	960	256	378	950	275
320	960	320	380	950	334
320	960	384	383	951	395
320	960	448	386	951	457
320	960	512	390	951	519
320	960	576	395	951	581
320	960	640	400	952	644
320	960	704	406	952	707
320	960	768	412	953	770
320	960	832	419	953	833
320	960	896	426	954	897
320	960	960	434	954	960
320	960	1023	442	955	1022
320	1023	0	384	1012	125
320	1023	64	384	1012	138
320	1023	128	384	1012	173
320	1023	192	385	1012	222
320	1023	256	387	1012	278
320	1023	320	389	1013	337
320	1023	384	392	1013	397
320	1023	448	395	1013	458
320	1023	512	399	1013	520
320	1023	576	403	1014	583
320	1023	640	408	1014	645
320	1023	704	414	1014	708
320	1023	768	420	1015	771
320	1023	832	427	1015	834
320	1023	896	434	1016	897
320	1023	960	441	1016	961
320	1023	1023	449	1017	1023
384	0	0	367	54	0
384	0	64	367	55	63
384	0	128	368	56	127
384	0	192	369	58	191
384	0	256	371	61	255
384	0	320	373	65	318
384	0	384	376	70	382
384	0	448	379	75	446
384	0	512	383	81	510
384	0	576	388	87	573
384	0	640	393	93	637
384	0	704	399	99	701
384	0	768	405	106	764
384	0	832	412	113	828
384	0	896	420	120	892
384	0	960	428	127	956
384	0	1023	436	134	1018
384	64	0	367	81	0
384	64	64	367	81	63
384	64	128	368	82	127
384	64	192	369	83	191
384	64	256	371	85	255
384	64	320	373	88	318
384	64	384	376	91	382
384	64	448	379	95	446
384	64	512	384	99	510
384	64	576	388	104	573
384	64	640	393	109	637
384	64	704	399	115	701
384	64	768	406	120	764
384	64	832	412	126	828
384	64	896	420	133	892
384	64	960	428	139	956
384	64	1023	436	145	1018
384	128	0	368	135	9
384	128	64	368	135	64
384	128	128	369	136	128
384	128	192	370	136	191
384	128	256	371	138	255
384	128	320	374	139	319
384	128	384	377	141	382
384	128	448	380	143	446
384	128	512	384	146	510
384	128	576	389	149	573
384	128	640	394	152	637
384	128	704	400	156	701
384	128	768	406	160	765
384	128	832	413	165	828
384	128	896	420	169	892
384	128	960	428	174	956
384	128	1023	436	179	1018
384	192	0	369	195	20
384	192	64	369	195	66
384	192	128	370	196	128
384	192	192	371	196	192
384	192	256	373	197	255
384	192	320	375	198	319
384	192	384	378	199	383
384	192	448	381	201	446
384	192	512	385	202	510
384	192	576	390	205	574
384	192	640	395	207	637
384	192	704	401	209	701
384	192	768	407	212	765
384	192	832	414	215	828
384	192	896	421	219	892
384	192	960	429	222	956
384	192	1023	437	226	1018
384	256	0	371	257	29
384	256	64	371	257	69
384	256	128	371	257	130
384	256	192	372	258	193
384	256	256	374	258	256
384	256	320	376	259	319
384	256	384	379	260	383
384	256	448	383	261	446
384	256	512	387	262	510
384	256	576	391	264	574
384	256	640	396	265	637
384	256	704	402	267	701
384	256	768	408	270	765
384	256	832	415	272	828
384	256	896	423	274	892
384	256	960	430	277	956
384	256	1023	439	280	1019
384	320	0	373	319	38
384	320	64	373	319	72
384	320	128	373	320	131
384	320	192	375	320	194
384	320	256	376	320	257
384	320	320	378	321	320
384	320	384	381	322	383
384	320	448	385	322	447
384	320	512	389	323	510
384	320	576	393	325	574
384	320	640	398	326	638
384	320	704	404	328	701
384	320	768	410	329	765
384	320	832	417	331	829
384	320	896	424	333	892
384	320	960	432	335	956
384	320	1023	440	337	1019
384	384	0	375	382	46
384	384	64	376	382	76
384	384	128	376	382	133
384	384	192	377	383	195
384	384	256	379	383	257
384	384	320	381	383	321
384	384	384	384	384	384
384	384	448	387	385	447
384	384	512	391	385	511
384	384	576	396	386	574
384	384	640	401	387	638
384	384	704	407	389	702
384	384	768	413	390	765
384	384	832	420	392	829
384	384	896	427	393	893
384	384	960	434	395	956
384	384	1023	443	397	1019
384	448	0	379	445	54
384	448	64	379	445	81
384	448	128	379	445	136
384	448	192	381	445	196
384	448	256	382	446	259
384	448	320	384	446	321
384	448	384	387	447	385
384	448	448	390	447	448
384	448	512	394	448	511
384	448	576	399	449	575
384	448	640	404	449	638
384	448	704	410	451	702
384	448	768	416	452	766
384	448	832	422	453	829
384	448	896	430	454	893
384	448	960	437	456	956
384	448	1023	445	457	1019
384	512	0	382	508	62
384	512	64	383	508	86
384	512	128	383	508	139
384	512	192	384	508	198
384	512	256	386	509	260
384	512	320	388	509	322
384	512	384	391	509	385
384	512	448	394	510	449
384	512	512	398	510	512
384	512	576	402	511	575
384	512	640	407	512	639
384	512	704	413	513	702
384	512	768	419	514	766
384	512	832	426	515	829
384	512	896	433	516	893
384	512	960	440	517	957
384	512	1023	448	519	1019
384	576	0	387	571	70
384	576	64	387	571	92
384	576	128	388	571	142
384	576	192	389	571	200
384	576	256	390	572	261
384	576	320	392	572	324
384	576	384	395	572	386
384	576	448	398	573	449
384	576	512	402	573	513
384	576	576	407	574	576
384	576	640	412	574	639
384	576	704	417	575	703
384	576	768	423	576	766
384	576	832	430	577	830
384	576	896	437	578	893
384	576	960	444	579	957
384	576	1023	452	580	1020
384	640	0	392	634	78
384	640	64	392	634	98
384	640	128	393	634	145
384	640	192	394	634	203
384	640	256	395	635	263
384	640	320	397	635	325
384	640	384	400	635	387
384	640	448	403	636	450
384	640	512	407	636	513
384	640	576	411	637	577
384	640	640	416	637	640
384	640	704	422	638	703
384	640	768	427	639	767
384	640	832	434	639	830
384	640	896	441	640	894
384	640	960	448	641	957
384	640	1023	456	642	1020
384	704	0	397	697	86
384	704	64	397	697	104
384	704	128	398	697	149
384	704	192	399	698	205
384	704	256	401	698	265
384	704	320	403	698	327
384	704	384	405	698	389
384	704	448	408	699	451
384	704	512	412	699	514
384	704	576	416	699	577
384	704	640	421	700	641
384	704	704	427	701	704
384	704	768	432	701	767
384	704	832	439	702	831
384	704	896	446	703	894
384	704	960	453	704	958
384	704	1023	461	705	1020
384	768	0	403	761	94
384	768	64	403	761	110
384	768	128	404	761	154
384	768	192	405	761	208
384	768	256	407	761	267
384	768	320	409	761	328
384	768	384	411	761	390
384	768	448	414	762	452
384	768	512	418	762	515
384	768	576	422	762	578
384	768	640	427	763	641
384	768	704	432	763	705
384	768	768	438	764	768
384	768	832	444	765	831
384	768	896	451	766	895
384	768	960	458	766	958
384	768	1023	466	767	1021
384	832	0	410	824	102
384	832	64	410	824	117
384	832	128	411	824	158
384	832	192	412	824	211
384	832	256	413	824	270
384	832	320	415	824	330
384	832	384	418	824	392
384	832	448	421	825	454
384	832	512	424	825	516
384	832	576	428	825	579
384	832	640	433	826	642
384	832	704	438	826	705
384	832	768	444	827	769
384	832	832	450	828	832
384	832	896	457	828	895
384	832	960	464	829	959
384	832	1023	471	830	1021
384	896	0	417	887	110
384	896	64	417	887	124
384	896	128	418	887	163
384	896	192	419	887	215
384	896	256	420	887	272
384	896	320	422	887	332
384	896	384	424	888	393
384	896	448	427	888	455
384	896	512	431	888	517
384	896	576	435	889	580
384	896	640	440	889	643
384	896	704	445	889	706
384	896	768	450	890	769
384	896	832	456	890	833
384	896	896	463	891	896
384	896	960	470	892	959
384	896	1023	477	892	1022
384	960	0	424	950	117
384	960	64	425	950	130
384	960	128	425	950	168
384	960	192	426	950	219
384	960	256	427	950	275
384	960	320	429	951	334
384	960	384	432	951	395
384	960	448	435	951	457
384	960	512	438	951	519
384	960	576	442	952	581
384	960	640	447	952	644
384	960	704	452	952	707
384	960	768	457	953	770
384	960	832	463	953	833
384	960	896	469	954	897
384	960	960	476	955	960
384	960	1023	484	955	1022
384	1023	0	432	1012	125
384	1023	64	432	1013	137
384	1023	128	433	1013	173
384	1023	192	434	1013	222
384	1023	256	435	1013	278
384	1023	320	437	1013	337
384	1023	384	439	1013	397
384	1023	448	442	1013	458
384	1023	512	446	1014	520
384	1023	576	450	1014	582
384	1023	640	454	1014	645
384	1023	704	459	1015	708
384	1023	768	464	1015	771
384	1023	832	470	1015	834
384	1023	896	476	1016	897
384	1023	960	483	1017	961
384	1023	1023	490	1017	1023
448	0	0	428	63	0
448	0	64	428	64	62
448	0	128	429	65	127
448	0	192	430	66	191
448	0	256	431	69	255
448	0	320	433	73	318
448	0	384	436	77	382
448	0	448	439	81	446
448	0	512	442	86	510
448	0	576	446	92	573
448	0	640	450	98	637
448	0	704	455	104	701
448	0	768	461	111	764
448	0	832	467	117	828
448	0	896	473	124	892
448	0	960	480	131	956
448	0	1023	487	138	1018
448	64	0	428	87	0
448	64	64	429	87	63
448	64	128	429	88	127
448	64	192	430	89	191
448	64	256	431	91	255
448	64	320	433	93	318
448	64	384	436	96	382
448	64	448	439	100	446
448	64	512	442	104	510
448	64	576	446	109	573
448	64	640	450	113	637
448	64	704	455	119	701
448	64	768	461	124	764
448	64	832	467	130	828
448	64	896	473	136	892
448	64	960	480	142	956
448	64	1023	487	148	1018
448	128	0	429	138	3
448	128	64	429	139	64
448	128	128	430	139	127
448	128	192	431	140	191
448	128	256	432	141	255
448	128	320	434	142	319
448	128	384	436	144	382
448	128	448	439	146	446
448	128	512	443	149	510
448	128	576	446	152	573
448	128	640	451	155	637
448	128	704	456	159	701
448	128	768	461	163	765
448	128	832	467	167	828
448	128	896	474	172	892
448	128	960	480	176	956
448	128	1023	488	181	1018
448	192	0	430	197	19
448	192	64	430	197	66
448	192	128	431	198	128
448	192	192	431	198	192
448	192	256	433	199	255
448	192	320	435	200	319
448	192	384	437	201	382
448	192	448	440	203	446
448	192	512	443	204	510
448	192	576	447	207	574
448	192	640	452	209	637
448	192	704	457	211	701
448	192	768	462	214	765
448	192	832	468	217	828
448	192	896	474	221	892
448	192	960	481	224	956
448	192	1023	488	228	1018
448	256	0	431	259	28
448	256	64	431	259	68
448	256	128	432	259	130
448	256	192	433	259	192
448	256	256	434	260	256
448	256	320	436	260	319
448	256	384	438	261	383
448	256	448	441	262	446
448	256	512	445	264	510
448	256	576	449	265	574
448	256	640	453	267	637
448	256	704	458	269	701
448	256	768	463	271	765
448	256	832	469	273	828
448	256	896	476	276	892
448	256	960	482	279	956
448	256	1023	489	281	1019
448	320	0	433	321	37
448	320	64	433	321	72
448	320	128	434	321	131
448	320	192	435	321	193
448	320	256	436	321	256
448	320	320	438	322	320
448	320	384	440	323	383
448	320	448	443	324	447
448	320	512	446	325	510
448	320	576	450	326	574
448	320	640	455	327	638
448	320	704	460	329	701
448	320	768	465	330	765
448	320	832	471	332	829
448	320	896	477	334	892
448	320	960	484	336	956
448	320	1023	491	339	1019
448	384	0	435	383	45
448	384	64	435	383	76
448	384	128	436	383	133
448	384	192	437	383	195
448	384	256	438	384	257
448	384	320	440	384	321
448	384	384	442	385	384
448	384	448	445	386	447
448	384	512	449	386	511
448	384	576	452	387	574
448	384	640	457	388	638
448	384	704	462	390	702
448	384	768	467	391	765
448	384	832	473	392	829
448	384	896	479	394	893
448	384	960	486	396	956
448	384	1023	493	398	1019
448	448	0	438	446	53
448	448	64	438	446	81
448	448	128	439	446	136
448	448	192	440	446	196
448	448	256	441	446	259
448	448	320	443	447	321
448	448	384	445	447	385
448	448	448	448	448	448
448	448	512	451	449	511
448	448	576	455	449	575
448	448	640	459	450	638
448	448	704	464	451	702
448	448	768	470	452	766
448	448	832	475	454	829
448	448	896	482	455	893
448	448	960	488	457	956
448	448	1023	495	458	1019
448	512	0	441	509	62
448	512	64	441	509	86
448	512	128	442	509	139
448	512	192	443	509	198
448	512	256	444	509	260
448	512	320	446	510	322
448	512	384	448	510	385
448	512	448	451	510	449
448	512	512	454	511	512
448	512	576	458	512	575
448	512	640	462	513	639
448	512	704	467	513	702
448	512	768	472	514	766
448	512	832	478	515	829
448	512	896	484	517	893
448	512	960	491	518	957
448	512	1023	498	519	1019
448	576	0	445	572	70
448	576	64	445	572	91
448	576	128	446	572	142
448	576	192	446	572	200
448	576	256	448	572	261
448	576	320	450	572	324
448	576	384	452	573	386
448	576	448	455	573	449
448	576	512	458	574	513
448	576	576	462	574	576
448	576	640	466	575	639
448	576	704	471	576	703
448	576	768	476	577	766
448	576	832	482	578	830
448	576	896	488	579	893
448	576	960	494	580	957
448	576	1023	501	581	1020
448	640	0	449	635	78
448	640	64	449	635	97
448	640	128	450	635	145
448	640	192	451	635	203
448	640	256	452	635	263
448	640	320	454	635	325
448	640	384	456	636	387
448	640	448	459	636	450
448	640	512	462	637	513
448	640	576	466	637	577
448	640	640	470	638	640
448	640	704	475	638	703
448	640	768	480	639	767
448	640	832	485	640	830
448	640	896	492	641	894
448	640	960	498	642	957
448	640	1023	505	643	1020
448	704	0	454	698	86
448	704	64	454	698	104
448	704	128	454	698	149
448	704	192	455	698	205
448	704	256	457	698	265
448	704	320	458	698	326
448	704	384	461	699	389
448	704	448	463	699	451
448	704	512	466	699	514
448	704	576	470	700	577
448	704	640	474	700	641
448	704	704	479	701	704
448	704	768	484	702	767
448	704	832	490	703	831
448	704	896	496	703	894
448	704	960	502	704	958
448	704	1023	509	705	1020
448	768	0	459	761	94
448	768	64	459	761	110
448	768	128	459	761	153
448	768	192	460	761	208
448	768	256	462	761	267
448	768	320	463	762	328
448	768	384	466	762	390
448	768	448	468	762	452
448	768	512	471	762	515
448	768	576	475	763	578
448	768	640	479	763	641
448	768	704	484	764	705
448	768	768	489	765	768
448	768	832	494	765	831
448	768	896	500	766	895
448	768	960	507	767	958
448	768	1023	513	768	1021
448	832	0	464	824	101
448	832	64	465	824	117
448	832	128	465	824	158
448	832	192	466	824	211
448	832	256	467	824	270
448	832	320	469	825	330
448	832	384	471	825	392
448	832	448	474	825	454
448	832	512	477	825	516
448	832	576	480	826	579
448	832	640	485	826	642
448	832	704	489	827	705
448	832	768	494	827	769
448	832	832	499	828	832
448	832	896	505	829	895
448	832	960	512	829	959
448	832	1023	518	830	1021
448	896	0	471	887	109
448	896	64	471	887	123
448	896	128	471	887	163
448	896	192	472	888	215
448	896	256	473	888	272
448	896	320	475	888	332
448	896	384	477	888	393
448	896	448	480	888	455
448	896	512	483	889	517
448	896	576	486	889	580
448	896	640	490	889	643
448	896	704	495	890	706
448	896	768	500	890	769
448	896	832	505	891	833
448	896	896	511	891	896
448	896	960	517	892	959
448	896	1023	524	893	1022
448	960	0	477	951	117
448	960	64	477	951	130
448	960	128	478	951	168
448	960	192	478	951	218
448	960	256	480	951	275
448	960	320	481	951	334
448	960	384	483	951	395
448	960	448	486	951	457
448	960	512	489	952	519
448	960	576	493	952	581
448	960	640	496	952	644
448	960	704	501	953	707
448	960	768	506	953	770
448	960	832	511	954	833
448	960	896	517	954	897
448	960	960	523	955	960
448	960	1023	529	956	1022
448	1023	0	484	1013	125
448	1023	64	484	1013	137
448	1023	128	484	1013	173
448	1023	192	485	1013	222
448	1023	256	486	1013	278
448	1023	320	488	1013	336
448	1023	384	490	1013	397
448	1023	448	493	1014	458
448	1023	512	496	1014	520
448	1023	576	499	1014	582
448	1023	640	503	1014	645
448	1023	704	507	1015	708
448	1023	768	512	1015	771
448	1023	832	517	1016	834
448	1023	896	523	1016	897
448	1023	960	529	1017	961
448	1023	1023	535	1017	1023
512	0	0	490	72	0
512	0	64	490	73	62
512	0	128	490	73	127
512	0	192	491	75	191
512	0	256	492	77	255
512	0	320	494	80	318
512	0	384	496	84	382
512	0	448	498	88	446
512	0	512	501	93	510
512	0	576	505	98	573
512	0	640	508	104	637
512	0	704	513	109	701
512	0	768	517	115	764
512	0	832	523	122	828
512	0	896	528	128	892
512	0	960	534	135	956
512	0	1023	540	141	1018
512	64	0	490	93	0
512	64	64	490	93	62
512	64	128	490	94	127
512	64	192	491	95	191
512	64	256	492	97	255
512	64	320	494	99	318
512	64	384	496	102	382
512	64	448	498	105	446
512	64	512	501	109	510
512	64	576	505	114	573
512	64	640	509	118	637
512	64	704	513	123	701
512	64	768	518	128	764
512	64	832	523	134	828
512	64	896	528	140	892
512	64	960	534	146	956
512	64	1023	541	152	1018
512	128	0	490	142	0
512	128	64	490	142	63
512	128	128	491	143	127
512	128	192	491	143	191
512	128	256	493	145	255
512	128	320	494	146	318
512	128	384	496	148	382
512	128	448	499	150	446
512	128	512	502	152	510
512	128	576	505	155	573
512	128	640	509	159	637
512	128	704	513	162	701
512	128	768	518	166	765
512	128	832	523	170	828
512	128	896	529	175	892
512	128	960	535	179	956
512	128	1023	541	184	1018
512	192	0	491	200	17
512	192	64	491	200	65
512	192	128	491	200	128
512	192	192	492	201	192
512	192	256	493	201	255
512	192	320	495	202	319
512	192	384	497	204	382
512	192	448	500	205	446
512	192	512	502	207	510
512	192	576	506	209	574
512	192	640	510	211	637
512	192	704	514	214	701
512	192	768	519	216	765
512	192	832	524	220	828
512	192	896	529	223	892
512	192	960	535	226	956
512	192	1023	542	230	1018
512	256	0	492	260	27
512	256	64	492	260	68
512	256	128	493	261	129
512	256	192	493	261	192
512	256	256	495	261	256
512	256	320	496	262	319
512	256	384	498	263	383
512	256	448	501	264	446
512	256	512	504	266	510
512	256	576	507	267	574
512	256	640	511	269	637
512	256	704	515	271	701
512	256	768	520	273	765
512	256	832	525	275	828
512	256	896	530	278	892
512	256	960	536	280	956
512	256	1023	543	283	1019
512	320	0	493	322	36
512	320	64	494	322	71
512	320	128	494	322	131
512	320	192	495	322	193
512	320	256	496	323	256
512	320	320	498	323	320
512	320	384	500	324	383
512	320	448	502	325	447
512	320	512	505	326	510
512	320	576	508	327	574
512	320	640	512	329	638
512	320	704	516	330	701
512	320	768	521	332	765
512	320	832	526	333	829
512	320	896	532	335	892
512	320	960	538	338	956
512	320	1023	544	340	1019
512	384	0	495	384	45
512	384	64	496	384	76
512	384	128	496	384	133
512	384	192	497	385	195
512	384	256	498	385	257
512	384	320	500	385	320
512	384	384	502	386	384
512	384	448	504	387	447
512	384	512	507	387	511
512	384	576	510	388	574
512	384	640	514	390	638
512	384	704	518	391	702
512	384	768	523	392	765
512	384	832	528	394	829
512	384	896	534	395	893
512	384	960	539	397	956
512	384	1023	546	399	1019
512	448	0	498	447	53
512	448	64	498	447	80
512	448	128	498	447	135
512	448	192	499	447	196
512	448	256	500	447	258
512	448	320	502	448	321
512	448	384	504	448	384
512	448	448	506	449	448
512	448	512	509	449	511
512	448	576	512	450	575
512	448	640	516	451	638
512	448	704	520	452	702
512	448	768	525	453	766
512	448	832	530	455	829
512	448	896	536	456	893
512	448	960	542	457	956
512	448	1023	548	459	1019
512	512	0	501	510	61
512	512	64	501	510	86
512	512	128	501	510	138
512	512	192	502	510	198
512	512	256	503	510	260
512	512	320	505	510	322
512	512	384	507	511	385
512	512	448	509	511	449
512	512	512	512	512	512
512	512	576	515	513	575
512	512	640	519	513	639
512	512	704	523	514	702
512	512	768	528	515	766
512	512	832	533	516	829
512	512	896	538	517	893
512	512	960	544	519	957
512	512	1023	550	520	1019
512	576	0	504	572	69
512	576	64	504	572	91
512	576	128	504	573	142
512	576	192	505	573	200
512	576	256	506	573	261
512	576	320	508	573	324
512	576	384	510	573	386
512	576	448	512	574	449
512	576	512	515	574	513
512	576	576	518	575	576
512	576	640	522	576	639
512	576	704	526	576	703
512	576	768	531	577	766
512	576	832	536	578	830
512	576	896	541	579	893
512	576	960	547	580	957
512	576	1023	553	582	1020
512	640	0	507	635	77
512	640	64	507	635	97
512	640	128	508	635	145
512	640	192	509	636	203
512	640	256	510	636	263
512	640	320	511	636	325
512	640	384	513	636	387
512	640	448	516	637	450
512	640	512	518	637	513
512	640	576	522	638	577
512	640	640	525	638	640
512	640	704	530	639	703
512	640	768	534	640	767
512	640	832	539	641	830
512	640	896	544	641	894
512	640	960	550	642	957
512	640	1023	556	644	1020
512	704	0	511	698	85
512	704	64	511	698	103
512	704	128	512	699	149
512	704	192	513	699	205
512	704	256	514	699	265
512	704	320	515	699	326
512	704	384	517	699	389
512	704	448	520	700	451
512	704	512	522	700	514
512	704	576	526	700	577
512	704	640	529	701	641
512	704	704	533	702	704
512	704	768	538	702	767
512	704	832	543	703	831
512	704	896	548	704	894
512	704	960	554	705	958
512	704	1023	560	706	1020
512	768	0	516	762	93
512	768	64	516	762	110
512	768	128	516	762	153
512	768	192	517	762	208
512	768	256	518	762	267
512	768	320	520	762	328
512	768	384	522	762	390
512	768	448	524	763	452
512	768	512	527	763	515
512	768	576	530	763	578
512	768	640	534	764	641
512	768	704	538	764	705
512	768	768	542	765	768
512	768	832	547	766	831
512	768	896	552	766	895
512	768	960	558	767	958
512	768	1023	564	768	1021
512	832	0	521	825	101
512	832	64	521	825	116
512	832	128	521	825	158
512	832	192	522	825	211
512	832	256	523	825	270
512	832	320	525	825	330
512	832	384	526	825	391
512	832	448	529	826	454
512	832	512	532	826	516
512	832	576	535	826	579
512	832	640	538	827	642
512	832	704	542	827	705
512	832	768	547	828	769
512	832	832	552	828	832
512	832	896	557	829	895
512	832	960	562	830	959
512	832	1023	568	831	1021
512	896	0	526	888	109
512	896	64	526	888	123
512	896	128	527	888	163
512	896	192	527	888	215
512	896	256	528	888	272
512	896	320	530	888	332
512	896	384	532	888	393
512	896	448	534	889	455
512	896	512	537	889	517
512	896	576	540	889	580
512	896	640	543	890	643
512	896	704	547	890	706
512	896	768	552	891	769
512	896	832	556	891	833
512	896	896	562	892	896
512	896	960	567	893	959
512	896	1023	573	893	1022
512	960	0	532	951	117
512	960	64	532	951	130
512	960	128	532	951	168
512	960	192	533	951	218
512	960	256	534	951	275
512	960	320	535	951	334
512	960	384	537	952	395
512	960	448	540	952	457
512	960	512	542	952	519
512	960	576	545	952	581
512	960	640	549	953	644
512	960	704	553	953	707
512	960	768	557	954	770
512	960	832	562	954	833
512	960	896	567	955	897
512	960	960	572	955	960
512	960	1023	578	956	1022
512	1023	0	538	1013	125
512	1023	64	538	1013	137
512	1023	128	538	1013	173
512	1023	192	539	1013	222
512	1023	256	540	1013	278
512	1023	320	541	1014	336
512	1023	384	543	1014	397
512	1023	448	545	1014	458
512	1023	512	548	1014	520
512	1023	576	551	1014	582
512	1023	640	555	1015	645
512	1023	704	558	1015	708
512	1023	768	563	1016	771
512	1023	832	567	1016	834
512	1023	896	572	1017	897
512	1023	960	578	1017	961
512	1023	1023	584	1018	1023
576	0	0	551	81	0
576	0	64	551	82	61
576	0	128	551	82	126
576	0	192	552	84	191
576	0	256	553	86	254
576	0	320	554	88	318
576	0	384	556	92	382
576	0	448	558	95	446
576	0	512	561	100	510
576	0	576	564	105	573
576	0	640	567	110	637
576	0	704	571	115	701
576	0	768	575	121	764
576	0	832	580	127	828
576	0	896	585	133	892
576	0	960	590	139	956
576	0	1023	596	146	1018
576	64	0	551	100	0
576	64	64	551	100	62
576	64	128	551	101	127
576	64	192	552	102	191
576	64	256	553	103	254
576	64	320	554	106	318
576	64	384	556	108	382
576	64	448	558	111	446
576	64	512	561	115	510
576	64	576	564	119	573
576	64	640	567	123	637
576	64	704	571	128	701
576	64	768	575	133	764
576	64	832	580	139	828
576	64	896	585	144	892
576	64	960	590	150	956
576	64	1023	596	156	1018
576	128	0	551	146	0
576	128	64	551	147	63
576	128	128	552	147	127
576	128	192	552	148	191
576	128	256	553	149	255
576	128	320	555	150	318
576	128	384	557	152	382
576	128	448	559	154	446
576	128	512	561	156	510
576	128	576	564	159	573
576	128	640	568	162	637
576	128	704	571	166	701
576	128	768	576	170	764
576	128	832	580	174	828
576	128	896	585	178	892
576	128	960	590	182	956
576	128	1023	596	187	1018
576	192	0	552	203	14
576	192	64	552	203	65
576	192	128	552	203	128
576	192	192	553	204	191
576	192	256	554	204	255
576	192	320	555	205	319
576	192	384	557	206	382
576	192	448	559	208	446
576	192	512	562	210	510
576	192	576	565	212	573
576	192	640	568	214	637
576	192	704	572	216	701
576	192	768	576	219	765
576	192	832	581	222	828
576	192	896	586	225	892
576	192	960	591	229	956
576	192	1023	597	232	1018
576	256	0	553	262	26
576	256	64	553	262	67
576	256	128	553	263	129
576	256	192	554	263	192
576	256	256	555	264	256
576	256	320	556	264	319
576	256	384	558	265	383
576	256	448	560	266	446
576	256	512	563	268	510
576	256	576	566	269	574
576	256	640	569	271	637
576	256	704	573	273	701
576	256	768	577	275	765
576	256	832	582	277	828
576	256	896	587	279	892
576	256	960	592	282	956
576	256	1023	597	285	1019
576	320	0	554	324	35
576	320	64	554	324	71
576	320	128	555	324	131
576	320	192	555	324	193
576	320	256	556	324	256
576	320	320	558	325	320
576	320	384	560	326	383
576	320	448	562	327	447
576	320	512	564	328	510
576	320	576	567	329	574
576	320	640	570	330	638
576	320	704	574	332	701
576	320	768	578	333	765
576	320	832	583	335	829
576	320	896	588	337	892
576	320	960	593	339	956
576	320	1023	599	341	1019
576	384	0	556	386	44
576	384	64	556	386	75
576	384	128	556	386	133
576	384	192	557	386	194
576	384	256	558	386	257
576	384	320	559	387	320
576	384	384	561	387	384
576	384	448	563	388	447
576	384	512	566	389	511
576	384	576	569	390	574
576	384	640	572	391	638
576	384	704	576	392	702
576	384	768	580	393	765
576	384	832	584	395	829
576	384	896	589	396	892
576	384	960	595	398	956
576	384	1023	600	400	1019
576	448	0	558	448	52
576	448	64	558	448	80
576	448	128	558	448	135
576	448	192	559	448	196
576	448	256	560	448	258
576	448	320	561	449	321
576	448	384	563	449	384
576	448	448	565	450	448
576	448	512	568	451	511
576	448	576	571	451	575
576	448	640	574	452	638
576	448	704	578	453	702
576	448	768	582	454	765
576	448	832	586	456	829
576	448	896	591	457	893
576	448	960	597	459	956
576	448	1023	602	460	1019
576	512	0	560	510	61
576	512	64	560	510	85
576	512	128	561	511	138
576	512	192	561	511	198
576	512	256	562	511	260
576	512	320	564	511	322
576	512	384	566	512	385
576	512	448	568	512	448
576	512	512	570	513	512
576	512	576	573	513	575
576	512	640	576	514	639
576	512	704	580	515	702
576	512	768	584	516	766
576	512	832	589	517	829
576	512	896	593	518	893
576	512	960	599	520	957
576	512	1023	604	521	1019
576	576	0	563	573	69
576	576	64	563	573	91
576	576	128	564	573	141
576	576	192	564	573	200
576	576	256	565	574	261
576	576	320	567	574	323
576	576	384	568	574	386
576	576	448	570	575	449
576	576	512	573	575	512
576	576	576	576	576	576
576	576	640	579	577	639
576	576	704	583	577	703
576	576	768	587	578	766
576	576	832	591	579	830
576	576	896	596	580	893
576	576	960	601	581	957
576	576	1023	607	582	1020
576	640	0	566	636	77
576	640	64	566	636	97
576	640	128	567	636	145
576	640	192	567	636	202
576	640	256	568	636	263
576	640	320	570	637	325
576	640	384	571	637	387
576	640	448	574	637	450
576	640	512	576	638	513
576	640	576	579	638	577
576	640	640	582	639	640
576	640	704	586	640	703
576	640	768	590	640	767
576	640	832	594	641	830
576	640	896	599	642	894
576	640	960	604	643	957
576	640	1023	610	644	1020
576	704	0	570	699	85
576	704	64	570	699	103
576	704	128	570	699	149
576	704	192	571	699	205
576	704	256	572	699	265
576	704	320	573	700	326
576	704	384	575	700	389
576	704	448	577	700	451
576	704	512	580	701	514
576	704	576	582	701	577
576	704	640	586	702	641
576	704	704	589	702	704
576	704	768	593	703	767
576	704	832	598	704	831
576	704	896	602	704	894
576	704	960	608	705	958
576	704	1023	613	706	1020
576	768	0	574	762	93
576	768	64	574	762	110
576	768	128	574	762	153
576	768	192	575	762	208
576	768	256	576	762	267
576	768	320	577	763	328
576	768	384	579	763	390
576	768	448	581	763	452
576	768	512	583	764	515
576	768	576	586	764	578
576	768	640	589	764	641
576	768	704	593	765	705
576	768	768	597	766	768
576	768	832	601	766	831
576	768	896	606	767	895
576	768	960	611	768	958
576	768	1023	617	769	1021
576	832	0	578	825	101
576	832	64	578	825	116
576	832	128	578	825	158
576	832	192	579	825	211
576	832	256	580	825	269
576	832	320	581	826	330
576	832	384	583	826	391
576	832	448	585	826	454
576	832	512	588	826	516
576	832	576	590	827	579
576	832	640	594	827	642
576	832	704	597	828	705
576	832	768	601	828	769
576	832	832	605	829	832
576	832	896	610	830	895
576	832	960	615	830	959
576	832	1023	620	831	1021
576	896	0	583	888	109
576	896	64	583	888	123
576	896	128	583	888	162
576	896	192	584	888	215
576	896	256	585	889	272
576	896	320	586	889	332
576	896	384	588	889	393
576	896	448	590	889	455
576	896	512	592	889	517
576	896	576	595	890	580
576	896	640	598	890	643
576	896	704	602	891	706
576	896	768	606	891	769
576	896	832	610	892	833
576	896	896	614	892	896
576	896	960	619	893	959
576	896	1023	625	894	1022
576	960	0	588	951	117
576	960	64	588	951	130
576	960	128	588	951	168
576	960	192	589	952	218
576	960	256	590	952	275
576	960	320	591	952	334
576	960	384	593	952	395
576	960	448	595	952	456
576	960	512	597	952	519
576	960	576	600	953	581
576	960	640	603	953	644
576	960	704	606	954	707
576	960	768	610	954	770
576	960	832	615	955	833
576	960	896	619	955	897
576	960	960	624	956	960
576	960	1023	629	956	1022
576	1023	0	593	1014	125
576	1023	64	593	1014	137
576	1023	128	593	1014	173
576	1023	192	594	1014	222
576	1023	256	595	1014	278
576	1023	320	596	1014	336
576	1023	384	598	1014	397
576	1023	448	600	1014	458
576	1023	512	602	1015	520
576	1023	576	605	1015	582
576	1023	640	608	1015	645
576	1023	704	612	1016	708
576	1023	768	615	1016	771
576	1023	832	620	1017	834
576	1023	896	624	1017	897
576	1023	960	629	1018	961
576	1023	1023	634	1018	1023
640	0	0	612	90	0
640	0	64	612	91	61
640	0	128	612	91	126
640	0	192	613	92	190
640	0	256	614	94	254
640	0	320	615	97	318
640	0	384	617	100	382
640	0	448	619	103	446
640	0	512	621	107	509
640	0	576	624	111	573
640	0	640	626	116	637
640	0	704	630	121	701
640	0	768	634	127	764
640	0	832	638	132	828
640	0	896	642	138	892
640	0	960	647	144	956
640	0	1023	652	150	1018
640	64	0	612	107	0
640	64	64	612	107	61
640	64	128	612	108	126
640	64	192	613	109	190
640	64	256	614	110	254
640	64	320	615	112	318
640	64	384	617	115	382
640	64	448	619	118	446
640	64	512	621	121	509
640	64	576	624	125	573
640	64	640	627	129	637
640	64	704	630	134	701
640	64	768	634	138	764
640	64	832	638	144	828
640	64	896	642	149	892
640	64	960	647	155	956
640	64	1023	652	160	1018
640	128	0	612	151	0
640	128	64	612	151	62
640	128	128	613	152	127
640	128	192	613	152	191
640	128	256	614	153	255
640	128	320	616	155	318
640	128	384	617	156	382
640	128	448	619	158	446
640	128	512	621	161	510
640	128	576	624	163	573
640	128	640	627	166	637
640	128	704	630	170	701
640	128	768	634	173	764
640	128	832	638	177	828
640	128	896	642	182	892
640	128	960	647	186	956
640	128	1023	652	191	1018
640	192	0	613	206	9
640	192	64	613	206	64
640	192	128	613	206	128
640	192	192	614	207	191
640	192	256	615	207	255
640	192	320	616	208	319
640	192	384	618	210	382
640	192	448	620	211	446
640	192	512	622	213	510
640	192	576	624	215	573
640	192	640	627	217	637
640	192	704	631	219	701
640	192	768	634	222	765
640	192	832	639	225	828
640	192	896	643	228	892
640	192	960	648	231	956
640	192	1023	653	235	1018
640	256	0	614	265	24
640	256	64	614	265	67
640	256	128	614	265	129
640	256	192	615	265	192
640	256	256	616	266	255
640	256	320	617	267	319
640	256	384	619	267	383
640	256	448	620	269	446
640	256	512	623	270	510
640	256	576	625	271	574
640	256	640	628	273	637
640	256	704	632	275	701
640	256	768	635	277	765
640	256	832	639	279	828
640	256	896	644	282	892
640	256	960	648	284	956
640	256	1023	653	287	1018
640	320	0	615	325	34
640	320	64	615	325	70
640	320	128	615	326	130
640	320	192	616	326	193
640	320	256	617	326	256
640	320	320	618	327	320
640	320	384	620	328	383
640	320	448	622	328	447
640	320	512	624	329	510
640	320	576	626	331	574
640	320	640	629	332	638
640	320	704	633	333	701
640	320	768	636	335	765
640	320	832	640	337	829
640	320	896	645	339	892
640	320	960	650	341	956
640	320	1023	655	343	1019
640	384	0	616	387	43
640	384	64	617	387	75
640	384	128	617	387	133
640	384	192	617	387	194
640	384	256	618	388	257
640	384	320	620	388	320
640	384	384	621	389	384
640	384	448	623	389	447
640	384	512	625	390	511
640	384	576	628	391	574
640	384	640	631	392	638
640	384	704	634	393	701
640	384	768	638	395	765
640	384	832	642	396	829
640	384	896	646	398	892
640	384	960	651	400	956
640	384	1023	656	402	1019
640	448	0	618	449	52
640	448	64	618	449	79
640	448	128	619	449	135
640	448	192	619	449	196
640	448	256	620	450	258
640	448	320	621	450	321
640	448	384	623	451	384
640	448	448	625	451	448
640	448	512	627	452	511
640	448	576	630	453	575
640	448	640	633	454	638
640	448	704	636	455	702
640	448	768	640	456	765
640	448	832	644	457	829
640	448	896	648	458	893
640	448	960	653	460	956
640	448	1023	658	461	1019
640	512	0	620	512	60
640	512	64	620	512	85
640	512	128	621	512	138
640	512	192	621	512	198
640	512	256	622	512	260
640	512	320	624	512	322
640	512	384	625	513	385
640	512	448	627	513	448
640	512	512	629	514	512
640	512	576	632	515	575
640	512	640	635	515	639
640	512	704	638	516	702
640	512	768	642	517	766
640	512	832	646	518	829
640	512	896	650	519	893
640	512	960	655	521	957
640	512	1023	660	522	1019
640	576	0	623	574	68
640	576	64	623	574	90
640	576	128	623	574	141
640	576	192	624	574	200
640	576	256	625	575	261
640	576	320	626	575	323
640	576	384	628	575	386
640	576	448	629	576	449
640	576	512	632	576	512
640	576	576	634	577	576
640	576	640	637	577	639
640	576	704	640	578	703
640	576	768	644	579	766
640	576	832	648	580	830
640	576	896	652	581	893
640	576	960	657	582	957
640	576	1023	662	583	1020
640	640	0	626	637	76
640	640	64	626	637	96
640	640	128	626	637	145
640	640	192	627	637	202
640	640	256	628	637	263
640	640	320	629	638	325
640	640	384	630	638	387
640	640	448	632	638	450
640	640	512	634	639	513
640	640	576	637	639	576
640	640	640	640	640	640
640	640	704	643	640	703
640	640	768	647	641	767
640	640	832	651	642	830
640	640	896	655	643	894
640	640	960	660	644	957
640	640	1023	665	645	1020
640	704	0	629	700	84
640	704	64	629	700	103
640	704	128	629	700	149
640	704	192	630	700	205
640	704	256	631	700	265
640	704	320	632	700	326
640	704	384	633	701	388
640	704	448	635	701	451
640	704	512	637	701	514
640	704	576	640	702	577
640	704	640	643	702	640
640	704	704	646	703	704
640	704	768	650	704	767
640	704	832	654	704	831
640	704	896	658	705	894
640	704	960	663	706	958
640	704	1023	667	707	1020
640	768	0	632	763	93
640	768	64	632	763	109
640	768	128	633	763	153
640	768	192	633	763	208
640	768	256	634	763	267
640	768	320	635	763	328
640	768	384	637	764	390
640	768	448	639	764	452
640	768	512	641	764	515
640	768	576	643	765	578
640	768	640	646	765	641
640	768	704	650	766	705
640	768	768	653	766	768
640	768	832	657	767	831
640	768	896	661	768	895
640	768	960	666	768	958
640	768	1023	671	769	1021
640	832	0	636	826	101
640	832	64	636	826	116
640	832	128	637	826	158
640	832	192	637	826	211
640	832	256	638	826	269
640	832	320	639	826	330
640	832	384	641	826	391
640	832	448	643	827	454
640	832	512	645	827	516
640	832	576	647	827	579
640	832	640	650	828	642
640	832	704	653	828	705
640	832	768	657	829	769
640	832	832	661	830	832
640	832	896	665	830	895
640	832	960	669	831	959
640	832	1023	674	832	1021
640	896	0	640	889	109
640	896	64	640	889	123
640	896	128	641	889	162
640	896	192	641	889	214
640	896	256	642	889	272
640	896	320	643	889	332
640	896	384	645	889	393
640	896	448	647	890	455
640	896	512	649	890	517
640	896	576	651	890	580
640	896	640	654	891	643
640	896	704	657	891	706
640	896	768	661	892	769
640	896	832	665	892	833
640	896	896	669	893	896
640	896	960	673	894	959
640	896	1023	678	894	1022
640	960	0	645	952	117
640	960	64	645	952	130
640	960	128	645	952	167
640	960	192	646	952	218
640	960	256	647	952	275
640	960	320	648	952	334
640	960	384	649	952	395
640	960	448	651	953	456
640	960	512	653	953	519
640	960	576	656	953	581
640	960	640	658	954	644
640	960	704	662	954	707
640	960	768	665	955	770
640	960	832	669	955	833
640	960	896	673	956	897
640	960	960	678	956	960
640	960	1023	682	957	1022
640	1023	0	650	1014	124
640	1023	64	650	1014	137
640	1023	128	650	1014	173
640	1023	192	651	1014	222
640	1023	256	651	1014	278
640	1023	320	653	1014	336
640	1023	384	654	1015	397
640	1023	448	656	1015	458
640	1023	512	658	1015	520
640	1023	576	660	1015	582
640	1023	640	663	1016	645
640	1023	704	666	1016	708
640	1023	768	670	1017	771
640	1023	832	673	1017	834
640	1023	896	678	1017	897
640	1023	960	682	1018	961
640	1023	1023	687	1019	1023
704	0	0	673	99	0
704	0	64	673	100	60
704	0	128	674	100	126
704	0	192	674	101	190
704	0	256	675	103	254
704	0	320	676	105	318
704	0	384	677	108	382
704	0	448	679	111	446
704	0	512	681	114	509
704	0	576	683	119	573
704	0	640	686	123	637
704	0	704	689	128	701
704	0	768	692	133	764
704	0	832	696	138	828
704	0	896	700	144	892
704	0	960	704	150	956
704	0	1023	709	156	1018
704	64	0	673	115	0
704	64	64	673	115	60
704	64	128	674	115	126
704	64	192	674	116	190
704	64	256	675	118	254
704	64	320	676	120	318
704	64	384	677	122	382
704	64	448	679	125	446
704	64	512	681	128	509
704	64	576	684	131	573
704	64	640	686	135	637
704	64	704	689	139	701
704	64	768	693	144	764
704	64	832	696	149	828
704	64	896	700	154	892
704	64	960	704	159	956
704	64	1023	709	165	1018
704	128	0	673	156	0
704	128	64	674	156	62
704	128	128	674	157	126
704	128	192	674	157	191
704	128	256	675	158	254
704	128	320	676	160	318
704	128	384	678	161	382
704	128	448	679	163	446
704	128	512	681	165	510
704	128	576	684	168	573
704	128	640	686	171	637
704	128	704	689	174	701
704	128	768	693	178	764
704	128	832	696	182	828
704	128	896	700	186	892
704	128	960	705	190	956
704	128	1023	709	195	1018
704	192	0	674	209	0
704	192	64	674	210	63
704	192	128	674	210	127
704	192	192	675	210	191
704	192	256	676	211	255
704	192	320	677	212	319
704	192	384	678	213	382
704	192	448	680	214	446
704	192	512	682	216	510
704	192	576	684	218	573
704	192	640	687	220	637
704	192	704	690	223	701
704	192	768	693	225	765
704	192	832	697	228	828
704	192	896	701	231	892
704	192	960	705	235	956
704	192	1023	710	238	1018
704	256	0	675	267	21
704	256	64	675	267	66
704	256	128	675	268	129
704	256	192	676	268	192
704	256	256	677	268	255
704	256	320	678	269	319
704	256	384	679	270	383
704	256	448	681	271	446
704	256	512	683	272	510
704	256	576	685	274	574
704	256	640	688	275	637
704	256	704	691	277	701
704	256	768	694	279	765
704	256	832	698	282	828
704	256	896	702	284	892
704	256	960	706	287	956
704	256	1023	710	289	1018
704	320	0	676	327	32
704	320	64	676	328	70
704	320	128	676	328	130
704	320	192	677	328	193
704	320	256	678	328	256
704	320	320	679	329	319
704	320	384	680	330	383
704	320	448	682	330	447
704	320	512	684	331	510
704	320	576	686	333	574
704	320	640	689	334	638
704	320	704	692	335	701
704	320	768	695	337	765
704	320	832	699	339	829
704	320	896	703	341	892
704	320	960	707	343	956
704	320	1023	711	345	1019
704	384	0	677	389	42
704	384	64	677	389	74
704	384	128	678	389	132
704	384	192	678	389	194
704	384	256	679	389	257
704	384	320	680	390	320
704	384	384	681	390	384
704	384	448	683	391	447
704	384	512	685	392	511
704	384	576	687	393	574
704	384	640	690	394	638
704	384	704	693	395	701
704	384	768	696	396	765
704	384	832	700	398	829
704	384	896	704	400	892
704	384	960	708	401	956
704	384	1023	713	403	1019
704	448	0	679	451	51
704	448	64	679	451	79
704	448	128	679	451	135
704	448	192	680	451	196
704	448	256	680	451	258
704	448	320	682	451	321
704	448	384	683	452	384
704	448	448	685	453	448
704	448	512	687	453	511
704	448	576	689	454	575
704	448	640	692	455	638
704	448	704	695	456	702
704	448	768	698	457	765
704	448	832	702	458	829
704	448	896	705	460	893
704	448	960	710	461	956
704	448	1023	714	463	1019
704	512	0	681	513	59
704	512	64	681	513	84
704	512	128	681	513	138
704	512	192	682	513	198
704	512	256	682	513	259
704	512	320	683	514	322
704	512	384	685	514	385
704	512	448	687	514	448
704	512	512	689	515	512
704	512	576	691	516	575
704	512	640	694	516	639
704	512	704	696	517	702
704	512	768	700	518	766
704	512	832	703	519	829
704	512	896	707	521	893
704	512	960	712	522	957
704	512	1023	716	523	1019
704	576	0	683	575	68
704	576	64	683	575	90
704	576	128	683	575	141
704	576	192	684	575	200
704	576	256	685	576	261
704	576	320	686	576	323
704	576	384	687	576	386
704	576	448	689	577	449
704	576	512	691	577	512
704	576	576	693	578	576
704	576	640	696	578	639
704	576	704	699	579	703
704	576	768	702	580	766
704	576	832	705	581	830
704	576	896	709	582	893
704	576	960	714	583	957
704	576	1023	718	584	1020
704	640	0	685	638	76
704	640	64	685	638	96
704	640	128	686	638	145
704	640	192	686	638	202
704	640	256	687	638	263
704	640	320	688	638	325
704	640	384	690	639	387
704	640	448	691	639	450
704	640	512	693	640	513
704	640	576	696	640	576
704	640	640	698	641	640
704	640	704	701	641	703
704	640	768	704	642	767
704	640	832	708	643	830
704	640	896	712	644	894
704	640	960	716	645	957
704	640	1023	720	646	1020
704	704	0	688	701	84
704	704	64	688	701	102
704	704	128	689	701	148
704	704	192	689	701	205
704	704	256	690	701	265
704	704	320	691	701	326
704	704	384	692	701	388
704	704	448	694	702	451
704	704	512	696	702	514
704	704	576	698	703	577
704	704	640	701	703	640
704	704	704	704	704	704
704	704	768	707	704	767
704	704	832	711	705	831
704	704	896	714	706	894
704	704	960	719	707	958
704	704	1023	723	708	1020
704	768	0	691	763	92
704	768	64	691	763	109
704	768	128	692	764	153
704	768	192	692	764	208
704	768	256	693	764	267
704	768	320	694	764	328
704	768	384	695	764	390
704	768	448	697	765	452
704	768	512	699	765	515
704	768	576	701	765	578
704	768	640	704	766	641
704	768	704	707	766	704
704	768	768	710	767	768
704	768	832	714	768	831
704	768	896	717	768	895
704	768	960	722	769	958
704	768	1023	726	770	1021
704	832	0	695	826	100
704	832	64	695	826	116
704	832	128	695	826	157
704	832	192	696	827	211
704	832	256	696	827	269
704	832	320	698	827	330
704	832	384	699	827	391
704	832	448	701	827	453
704	832	512	702	828	516
704	832	576	705	828	579
704	832	640	707	829	642
704	832	704	710	829	705
704	832	768	713	830	768
704	832	832	717	830	832
704	832	896	721	831	895
704	832	960	725	832	959
704	832	1023	729	832	1021
704	896	0	699	889	108
704	896	64	699	889	122
704	896	128	699	889	162
704	896	192	699	890	214
704	896	256	700	890	272
704	896	320	701	890	332
704	896	384	703	890	393
704	896	448	704	890	455
704	896	512	706	891	517
704	896	576	708	891	580
704	896	640	711	891	643
704	896	704	714	892	706
704	896	768	717	892	769
704	896	832	721	893	833
704	896	896	724	893	896
704	896	960	728	894	959
704	896	1023	733	895	1022
704	960	0	703	952	116
704	960	64	703	952	129
704	960	128	703	953	167
704	960	192	703	953	218
704	960	256	704	953	275
704	960	320	705	953	334
704	960	384	707	953	395
704	960	448	708	953	456
704	960	512	710	954	519
704	960	576	712	954	581
704	960	640	715	954	644
704	960	704	718	955	707
704	960	768	721	955	770
704	960	832	724	956	833
704	960	896	728	956	897
704	960	960	732	957	960
704	960	1023	737	957	1022
704	1023	0	707	1015	124
704	1023	64	707	1015	136
704	1023	128	707	1015	172
704	1023	192	708	1015	222
704	1023	256	709	1015	277
704	1023	320	710	1015	336
704	1023	384	711	1015	397
704	1023	448	713	1015	458
704	1023	512	714	1016	520
704	1023	576	717	1016	582
704	1023	640	719	1016	645
704	1023	704	722	1017	708
704	1023	768	725	1017	771
704	1023	832	729	1018	834
704	1023	896	732	1018	897
704	1023	960	736	1019	961
704	1023	1023	741	1019	1023
768	0	0	734	108	0
768	0	64	734	109	59
768	0	128	735	109	126
768	0	192	735	110	190
768	0	256	736	112	254
768	0	320	737	114	318
768	0	384	738	116	382
768	0	448	740	119	446
768	0	512	742	122	509
768	0	576	744	126	573
768	0	640	746	130	637
768	0	704	749	135	701
768	0	768	752	139	764
768	0	832	755	144	828
768	0	896	759	150	892
768	0	960	763	155	955
768	0	1023	767	161	1018
768	64	0	734	122	0
768	64	64	734	123	60
768	64	128	735	123	126
768	64	192	735	124	190
768	64	256	736	125	254
768	64	320	737	127	318
768	64	384	738	129	382
768	64	448	740	132	446
768	64	512	742	135	509
768	64	576	744	138	573
768	64	640	746	142	637
768	64	704	749	146	701
768	64	768	752	150	764
768	64	832	755	155	828
768	64	896	759	160	892
768	64	960	763	165	956
768	64	1023	767	170	1018
768	128	0	735	162	0
768	128	64	735	162	61
768	128	128	735	162	126
768	128	192	735	163	190
768	128	256	736	164	254
768	128	320	737	165	318
768	128	384	738	166	382
768	128	448	740	168	446
768	128	512	742	171	509
768	128	576	744	173	573
768	128	640	746	176	637
768	128	704	749	179	701
768	128	768	752	182	764
768	128	832	755	186	828
768	128	896	759	190	892
768	128	960	763	194	956
768	128	1023	767	199	1018
768	192	0	735	213	0
768	192	64	735	213	63
768	192	128	735	214	127
768	192	192	736	214	191
768	192	256	737	215	255
768	192	320	738	216	318
768	192	384	739	217	382
768	192	448	740	218	446
768	192	512	742	220	510
768	192	576	744	222	573
768	192	640	747	224	637
768	192	704	750	226	701
768	192	768	753	229	764
768	192	832	756	232	828
768	192	896	759	235	892
768	192	960	763	238	956
768	192	1023	767	241	1018
768	256	0	736	270	18
768	256	64	736	270	66
768	256	128	736	271	128
768	256	192	737	271	192
768	256	256	737	271	255
768	256	320	738	272	319
768	256	384	740	273	382
768	256	448	741	274	446
768	256	512	743	275	510
768	256	576	745	277	574
768	256	640	748	278	637
768	256	704	750	280	701
768	256	768	753	282	765
768	256	832	757	284	828
768	256	896	760	287	892
768	256	960	764	289	956
768	256	1023	768	292	1018
768	320	0	737	330	31
768	320	64	737	330	69
768	320	128	737	330	130
768	320	192	738	330	193
768	320	256	738	331	256
768	320	320	739	331	319
768	320	384	741	332	383
768	320	448	742	333	447
768	320	512	744	334	510
768	320	576	746	335	574
768	320	640	748	336	637
768	320	704	751	338	701
768	320	768	754	339	765
768	320	832	757	341	829
768	320	896	761	343	892
768	320	960	765	345	956
768	320	1023	769	347	1019
768	384	0	738	391	41
768	384	64	738	391	74
768	384	128	738	391	132
768	384	192	739	391	194
768	384	256	740	391	257
768	384	320	740	392	320
768	384	384	742	392	384
768	384	448	743	393	447
768	384	512	745	394	511
768	384	576	747	395	574
768	384	640	750	396	638
768	384	704	752	397	701
768	384	768	755	398	765
768	384	832	759	400	829
768	384	896	762	401	892
768	384	960	766	403	956
768	384	1023	770	405	1019
768	448	0	739	452	50
768	448	64	739	452	78
768	448	128	740	452	134
768	448	192	740	452	196
768	448	256	741	453	258
768	448	320	742	453	321
768	448	384	743	453	384
768	448	448	745	454	448
768	448	512	747	455	511
768	448	576	749	456	575
768	448	640	751	456	638
768	448	704	754	457	702
768	448	768	757	459	765
768	448	832	760	460	829
768	448	896	764	461	893
768	448	960	767	463	956
768	448	1023	772	464	1019
768	512	0	741	514	58
768	512	64	741	514	84
768	512	128	741	514	137
768	512	192	742	514	197
768	512	256	743	515	259
768	512	320	744	515	322
768	512	384	745	515	385
768	512	448	746	516	448
768	512	512	748	516	512
768	512	576	750	517	575
768	512	640	753	518	639
768	512	704	755	519	702
768	512	768	758	520	766
768	512	832	762	521	829
768	512	896	765	522	893
768	512	960	769	523	957
768	512	1023	773	524	1019
768	576	0	743	576	67
768	576	64	743	576	90
768	576	128	743	576	141
768	576	192	744	577	200
768	576	256	745	577	261
768	576	320	746	577	323
768	576	384	747	577	386
768	576	448	748	578	449
768	576	512	750	578	512
768	576	576	752	579	576
768	576	640	755	580	639
768	576	704	757	580	703
768	576	768	760	581	766
768	576	832	764	582	830
768	576	896	767	583	893
768	576	960	771	584	957
768	576	1023	775	585	1020
768	640	0	745	639	75
768	640	64	745	639	96
768	640	128	746	639	144
768	640	192	746	639	202
768	640	256	747	639	263
768	640	320	748	639	325
768	640	384	749	640	387
768	640	448	751	640	450
768	640	512	752	641	513
768	640	576	755	641	576
768	640	640	757	642	640
768	640	704	760	642	703
768	640	768	763	643	767
768	640	832	766	644	830
768	640	896	769	645	894
768	640	960	773	646	957
768	640	1023	777	647	1020
768	704	0	748	702	83
768	704	64	748	702	102
768	704	128	748	702	148
768	704	192	749	702	205
768	704	256	749	702	265
768	704	320	750	702	326
768	704	384	752	702	388
768	704	448	753	703	451
768	704	512	755	703	514
768	704	576	757	704	577
768	704	640	759	704	640
768	704	704	762	705	704
768	704	768	765	705	767
768	704	832	768	706	831
768	704	896	772	707	894
768	704	960	776	708	958
768	704	1023	780	709	1020
768	768	0	751	764	92
768	768	64	751	764	108
768	768	128	751	764	152
768	768	192	752	764	208
768	768	256	752	765	267
768	768	320	753	765	328
768	768	384	755	765	390
768	768	448	756	765	452
768	768	512	758	766	515
768	768	576	760	766	578
768	768	640	762	767	641
768	768	704	765	767	704
768	768	768	768	768	768
768	768	832	771	768	831
768	768	896	775	769	895
768	768	960	778	770	958
768	768	1023	782	771	1021
768	832	0	754	827	100
768	832	64	754	827	115
768	832	128	754	827	157
768	832	192	755	827	211
768	832	256	755	827	269
768	832	320	756	828	330
768	832	384	758	828	391
768	832	448	759	828	453
768	832	512	761	828	516
768	832	576	763	829	579
768	832	640	765	829	642
768	832	704	768	830	705
768	832	768	771	830	768
768	832	832	774	831	832
768	832	896	778	832	895
768	832	960	781	832	959
768	832	1023	785	833	1021
768	896	0	757	890	108
768	896	64	757	890	122
768	896	128	758	890	162
768	896	192	758	890	214
768	896	256	759	890	272
768	896	320	760	891	332
768	896	384	761	891	393
768	896	448	762	891	455
768	896	512	764	891	517
768	896	576	766	892	580
768	896	640	769	892	643
768	896	704	771	892	706
768	896	768	774	893	769
768	896	832	777	894	832
768	896	896	781	894	896
768	896	960	785	895	959
768	896	1023	789	896	1022
768	960	0	761	953	116
768	960	64	761	953	129
768	960	128	761	953	167
768	960	192	762	953	218
768	960	256	762	953	274
768	960	320	763	953	334
768	960	384	765	954	395
768	960	448	766	954	456
768	960	512	768	954	518
768	960	576	770	955	581
768	960	640	772	955	644
768	960	704	775	955	707
768	960	768	778	956	770
768	960	832	781	956	833
768	960	896	784	957	896
768	960	960	788	957	960
768	960	1023	792	958	1022
768	1023	0	765	1015	124
768	1023	64	765	1015	136
768	1023	128	765	1015	172
768	1023	192	766	1015	222
768	1023	256	766	1015	277
768	1023	320	767	1015	336
768	1023	384	769	1016	396
768	1023	448	770	1016	458
768	1023	512	772	1016	520
768	1023	576	774	1016	582
768	1023	640	776	1017	645
768	1023	704	779	1017	708
768	1023	768	782	1018	771
768	1023	832	785	1018	834
768	1023	896	788	1019	897
768	1023	960	792	1019	960
768	1023	1023	796	1020	1023
832	0	0	796	117	0
832	0	64	796	118	58
832	0	128	796	118	125
832	0	192	796	119	190
832	0	256	797	120	254
832	0	320	798	122	318
832	0	384	799	124	382
832	0	448	800	127	445
832	0	512	802	130	509
832	0	576	804	134	573
832	0	640	806	137	637
832	0	704	809	142	701
832	0	768	811	146	764
832	0	832	814	151	828
832	0	896	818	156	892
832	0	960	821	161	955
832	0	1023	825	167	1018
832	64	0	796	130	0
832	64	64	796	130	59
832	64	128	796	131	125
832	64	192	796	132	190
832	64	256	797	133	254
832	64	320	798	134	318
832	64	384	799	136	382
832	64	448	800	139	446
832	64	512	802	142	509
832	64	576	804	145	573
832	64	640	806	148	637
832	64	704	809	152	701
832	64	768	811	156	764
832	64	832	814	161	828
832	64	896	818	165	892
832	64	960	821	170	955
832	64	1023	825	175	1018
832	128	0	796	167	0
832	128	64	796	167	60
832	128	128	796	168	126
832	128	192	797	168	190
832	128	256	797	169	254
832	128	320	798	170	318
832	128	384	799	172	382
832	128	448	801	174	446
832	128	512	802	176	509
832	128	576	804	178	573
832	128	640	806	181	637
832	128	704	809	184	701
832	128	768	812	187	764
832	128	832	815	191	828
832	128	896	818	195	892
832	128	960	822	199	956
832	128	1023	825	203	1018
832	192	0	796	217	0
832	192	64	796	218	62
832	192	128	797	218	127
832	192	192	797	218	191
832	192	256	798	219	255
832	192	320	799	220	318
832	192	384	800	221	382
832	192	448	801	222	446
832	192	512	803	224	510
832	192	576	805	226	573
832	192	640	807	228	637
832	192	704	809	230	701
832	192	768	812	233	764
832	192	832	815	235	828
832	192	896	818	238	892
832	192	960	822	242	956
832	192	1023	826	245	1018
832	256	0	797	273	14
832	256	64	797	273	65
832	256	128	797	274	128
832	256	192	798	274	191
832	256	256	798	275	255
832	256	320	799	275	319
832	256	384	800	276	382
832	256	448	802	277	446
832	256	512	803	278	510
832	256	576	805	280	573
832	256	640	808	281	637
832	256	704	810	283	701
832	256	768	813	285	765
832	256	832	816	287	828
832	256	896	819	290	892
832	256	960	823	292	956
832	256	1023	826	295	1018
832	320	0	798	332	29
832	320	64	798	332	68
832	320	128	798	332	130
832	320	192	798	333	192
832	320	256	799	333	256
832	320	320	800	334	319
832	320	384	801	334	383
832	320	448	803	335	446
832	320	512	804	336	510
832	320	576	806	337	574
832	320	640	808	339	637
832	320	704	811	340	701
832	320	768	814	342	765
832	320	832	817	343	828
832	320	896	820	345	892
832	320	960	823	347	956
832	320	1023	827	350	1019
832	384	0	799	393	39
832	384	64	799	393	73
832	384	128	799	393	132
832	384	192	800	393	194
832	384	256	800	393	257
832	384	320	801	394	320
832	384	384	802	394	383
832	384	448	804	395	447
832	384	512	805	396	511
832	384	576	807	397	574
832	384	640	809	398	638
832	384	704	812	399	701
832	384	768	815	400	765
832	384	832	818	402	829
832	384	896	821	403	892
832	384	960	824	405	956
832	384	1023	828	407	1019
832	448	0	800	454	49
832	448	64	800	454	78
832	448	128	800	454	134
832	448	192	801	454	195
832	448	256	802	454	258
832	448	320	802	455	321
832	448	384	804	455	384
832	448	448	805	456	448
832	448	512	807	456	511
832	448	576	809	457	575
832	448	640	811	458	638
832	448	704	813	459	702
832	448	768	816	460	765
832	448	832	819	461	829
832	448	896	822	463	893
832	448	960	826	464	956
832	448	1023	829	466	1019
832	512	0	802	516	57
832	512	64	802	516	83
832	512	128	802	516	137
832	512	192	802	516	197
832	512	256	803	516	259
832	512	320	804	516	322
832	512	384	805	517	385
832	512	448	807	517	448
832	512	512	808	518	512
832	512	576	810	518	575
832	512	640	812	519	639
832	512	704	815	520	702
832	512	768	817	521	766
832	512	832	820	522	829
832	512	896	824	523	893
832	512	960	827	525	957
832	512	1023	831	526	1019
832	576	0	804	578	66
832	576	64	804	578	89
832	576	128	804	578	140
832	576	192	804	578	199
832	576	256	805	578	261
832	576	320	806	578	323
832	576	384	807	579	386
832	576	448	808	579	449
832	576	512	810	580	512
832	576	576	812	580	576
832	576	640	814	581	639
832	576	704	817	582	703
832	576	768	819	582	766
832	576	832	822	583	830
832	576	896	825	584	893
832	576	960	829	586	957
832	576	1023	833	587	1020
832	640	0	806	640	75
832	640	64	806	640	95
832	640	128	806	640	144
832	640	192	806	640	202
832	640	256	807	640	262
832	640	320	808	641	324
832	640	384	809	641	387
832	640	448	810	641	450
832	640	512	812	642	513
832	640	576	814	642	576
832	640	640	816	643	640
832	640	704	819	644	703
832	640	768	821	644	767
832	640	832	824	645	830
832	640	896	827	646	894
832	640	960	831	647	957
832	640	1023	835	648	1020
832	704	0	808	703	83
832	704	64	808	703	101
832	704	128	808	703	148
832	704	192	809	703	204
832	704	256	809	703	264
832	704	320	810	703	326
832	704	384	811	703	388
832	704	448	813	704	451
832	704	512	814	704	514
832	704	576	816	705	577
832	704	640	818	705	640
832	704	704	821	706	704
832	704	768	824	706	767
832	704	832	826	707	831
832	704	896	830	708	894
832	704	960	833	709	958
832	704	1023	837	710	1020
832	768	0	810	765	91
832	768	64	811	765	108
832	768	128	811	765	152
832	768	192	811	765	207
832	768	256	812	766	267
832	768	320	813	766	328
832	768	384	814	766	390
832	768	448	815	766	452
832	768	512	817	767	515
832	768	576	819	767	578
832	768	640	821	768	641
832	768	704	823	768	704
832	768	768	826	769	768
832	768	832	829	769	831
832	768	896	832	770	895
832	768	960	836	771	958
832	768	1023	839	772	1021
832	832	0	813	828	99
832	832	64	813	828	115
832	832	128	814	828	157
832	832	192	814	828	211
832	832	256	815	828	269
832	832	320	816	828	329
832	832	384	817	829	391
832	832	448	818	829	453
832	832	512	820	829	516
832	832	576	822	830	579
832	832	640	824	830	642
832	832	704	826	831	705
832	832	768	829	831	768
832	832	832	832	832	832
832	832	896	835	832	895
832	832	960	838	833	959
832	832	1023	842	834	1021
832	896	0	816	891	107
832	896	64	817	891	122
832	896	128	817	891	162
832	896	192	817	891	214
832	896	256	818	891	271
832	896	320	819	891	331
832	896	384	820	891	393
832	896	448	821	892	455
832	896	512	823	892	517
832	896	576	825	892	580
832	896	640	827	893	643
832	896	704	829	893	706
832	896	768	832	894	769
832	896	832	835	894	832
832	896	896	838	895	896
832	896	960	841	896	959
832	896	1023	845	896	1022
832	960	0	820	954	115
832	960	64	820	954	129
832	960	128	820	954	167
832	960	192	821	954	218
832	960	256	821	954	274
832	960	320	822	954	334
832	960	384	823	954	395
832	960	448	825	955	456
832	960	512	826	955	518
832	960	576	828	955	581
832	960	640	830	956	644
832	960	704	833	956	707
832	960	768	835	956	770
832	960	832	838	957	833
832	960	896	841	958	896
832	960	960	845	958	960
832	960	1023	848	959	1022
832	1023	0	823	1016	123
832	1023	64	823	1016	136
832	1023	128	824	1016	172
832	1023	192	824	1016	221
832	1023	256	825	1016	277
832	1023	320	826	1016	336
832	1023	384	827	1016	396
832	1023	448	828	1017	458
832	1023	512	830	1017	520
832	1023	576	832	1017	582
832	1023	640	834	1017	645
832	1023	704	836	1018	708
832	1023	768	839	1018	771
832	1023	832	842	1019	834
832	1023	896	845	1019	897
832	1023	960	848	1020	960
832	1023	1023	852	1020	1023
896	0	0	857	126	0
896	0	64	857	127	57
896	0	128	857	127	125
896	0	192	857	128	190
896	0	256	858	129	254
896	0	320	859	131	318
896	0	384	860	133	382
896	0	448	861	135	445
896	0	512	863	138	509
896	0	576	864	141	573
896	0	640	866	145	637
896	0	704	869	149	700
896	0	768	871	153	764
896	0	832	874	158	828
896	0	896	877	163	892
896	0	960	880	168	955
896	0	1023	884	173	1018
896	64	0	857	138	0
896	64	64	857	138	58
896	64	128	857	139	125
896	64	192	857	140	190
896	64	256	858	141	254
896	64	320	859	142	318
896	64	384	860	144	382
896	64	448	861	146	445
896	64	512	863	149	509
896	64	576	865	152	573
896	64	640	867	155	637
896	64	704	869	159	701
896	64	768	871	163	764
896	64	832	874	167	828
896	64	896	877	172	892
896	64	960	880	176	955
896	64	1023	884	181	1018
896	128	0	857	173	0
896	128	64	857	173	59
896	128	128	857	174	125
896	128	192	858	174	190
896	128	256	858	175	254
896	128	320	859	176	318
896	128	384	860	178	382
896	128	448	861	180	446
896	128	512	863	182	509
896	128	576	865	184	573
896	128	640	867	187	637
896	128	704	869	190	701
896	128	768	872	193	764
896	128	832	874	196	828
896	128	896	877	200	892
896	128	960	881	204	955
896	128	1023	884	208	1018
896	192	0	857	222	0
896	192	64	857	222	61
896	192	128	858	222	126
896	192	192	858	223	190
896	192	256	859	223	254
896	192	320	859	224	318
896	192	384	861	225	382
896	192	448	862	227	446
896	192	512	863	228	509
896	192	576	865	230	573
896	192	640	867	232	637
896	192	704	869	234	701
896	192	768	872	237	764
896	192	832	875	239	828
896	192	896	878	242	892
896	192	960	881	246	956
896	192	1023	884	249	1018
896	256	0	858	277	6
896	256	64	858	277	64
896	256	128	858	277	128
896	256	192	859	277	191
896	256	256	859	278	255
896	256	320	860	279	319
896	256	384	861	279	382
896	256	448	862	280	446
896	256	512	864	282	510
896	256	576	866	283	573
896	256	640	868	285	637
896	256	704	870	286	701
896	256	768	872	288	765
896	256	832	875	291	828
896	256	896	878	293	892
896	256	960	882	295	956
896	256	1023	885	298	1018
896	320	0	859	335	26
896	320	64	859	335	68
896	320	128	859	335	129
896	320	192	859	335	192
896	320	256	860	336	256
896	320	320	861	336	319
896	320	384	862	337	383
896	320	448	863	338	446
896	320	512	865	339	510
896	320	576	866	340	574
896	320	640	868	341	637
896	320	704	871	343	701
896	320	768	873	344	765
896	320	832	876	346	828
896	320	896	879	348	892
896	320	960	882	350	956
896	320	1023	886	352	1019
896	384	0	860	395	37
896	384	64	860	395	72
896	384	128	860	395	131
896	384	192	860	395	194
896	384	256	861	395	257
896	384	320	862	396	320
896	384	384	863	396	383
896	384	448	864	397	447
896	384	512	866	398	510
896	384	576	867	399	574
896	384	640	869	400	638
896	384	704	872	401	701
896	384	768	874	402	765
896	384	832	877	404	829
896	384	896	880	405	892
896	384	960	883	407	956
896	384	1023	887	409	1019
896	448	0	861	456	47
896	448	64	861	456	77
896	448	128	861	456	134
896	448	192	862	456	195
896	448	256	862	456	258
896	448	320	863	457	321
896	448	384	864	457	384
896	448	448	865	458	447
896	448	512	867	458	511
896	448	576	869	459	574
896	448	640	871	460	638
896	448	704	873	461	702
896	448	768	875	462	765
896	448	832	878	463	829
896	448	896	881	465	893
896	448	960	884	466	956
896	448	1023	888	468	1019
896	512	0	862	517	56
896	512	64	862	517	83
896	512	128	863	517	137
896	512	192	863	517	197
896	512	256	864	518	259
896	512	320	864	518	322
896	512	384	866	518	385
896	512	448	867	519	448
896	512	512	868	519	512
896	512	576	870	520	575
896	512	640	872	521	639
896	512	704	874	522	702
896	512	768	877	523	766
896	512	832	880	524	829
896	512	896	883	525	893
896	512	960	886	526	957
896	512	1023	889	527	1019
896	576	0	864	579	65
896	576	64	864	579	88
896	576	128	864	579	140
896	576	192	865	579	199
896	576	256	865	579	261
896	576	320	866	580	323
896	576	384	867	580	386
896	576	448	868	581	449
896	576	512	870	581	512
896	576	576	872	582	576
896	576	640	874	582	639
896	576	704	876	583	703
896	576	768	878	584	766
896	576	832	881	585	830
896	576	896	884	586	893
896	576	960	887	587	957
896	576	1023	891	588	1019
896	640	0	866	641	74
896	640	64	866	641	95
896	640	128	866	641	144
896	640	192	867	641	202
896	640	256	867	642	262
896	640	320	868	642	324
896	640	384	869	642	387
896	640	448	870	643	450
896	640	512	872	643	513
896	640	576	874	644	576
896	640	640	876	644	640
896	640	704	878	645	703
896	640	768	880	646	767
896	640	832	883	646	830
896	640	896	886	647	894
896	640	960	889	648	957
896	640	1023	893	649	1020
896	704	0	868	704	82
896	704	64	868	704	101
896	704	128	868	704	148
896	704	192	869	704	204
896	704	256	869	704	264
896	704	320	870	704	326
896	704	384	871	704	388
896	704	448	872	705	451
896	704	512	874	705	514
896	704	576	876	706	577
896	704	640	878	706	640
896	704	704	880	707	704
896	704	768	882	707	767
896	704	832	885	708	831
896	704	896	888	709	894
896	704	960	891	710	958
896	704	1023	895	711	1020
896	768	0	870	766	91
896	768	64	870	766	108
896	768	128	871	766	152
896	768	192	871	766	207
896	768	256	872	767	266
896	768	320	873	767	327
896	768	384	874	767	389
896	768	448	875	767	452
896	768	512	876	768	515
896	768	576	878	768	578
896	768	640	880	769	641
896	768	704	882	769	704
896	768	768	885	770	768
896	768	832	887	770	831
896	768	896	890	771	895
896	768	960	894	772	958
896	768	1023	897	773	1021
896	832	0	873	829	99
896	832	64	873	829	114
896	832	128	873	829	156
896	832	192	874	829	210
896	832	256	874	829	269
896	832	320	875	829	329
896	832	384	876	830	391
896	832	448	877	830	453
896	832	512	879	830	516
896	832	576	881	831	579
896	832	640	883	831	642
896	832	704	885	832	705
896	832	768	887	832	768
896	832	832	890	833	832
896	832	896	893	833	895
896	832	960	896	834	959
896	832	1023	900	835	1021
896	896	0	876	892	107
896	896	64	876	892	121
896	896	128	876	892	161
896	896	192	877	892	214
896	896	256	877	892	271
896	896	320	878	892	331
896	896	384	879	892	393
896	896	448	880	893	455
896	896	512	882	893	517
896	896	576	883	893	580
896	896	640	885	894	643
896	896	704	888	894	706
896	896	768	890	895	769
896	896	832	893	895	832
896	896	896	896	896	896
896	896	960	899	896	959
896	896	1023	902	897	1022
896	960	0	879	955	115
896	960	64	879	955	128
896	960	128	879	955	166
896	960	192	880	955	217
896	960	256	880	955	274
896	960	320	881	955	334
896	960	384	882	955	394
896	960	448	883	955	456
896	960	512	885	956	518
896	960	576	887	956	581
896	960	640	888	956	644
896	960	704	891	957	707
896	960	768	893	957	770
896	960	832	896	958	833
896	960	896	899	958	896
896	960	960	902	959	960
896	960	1023	905	960	1022
896	1023	0	882	1016	123
896	1023	64	882	1016	135
896	1023	128	883	1017	172
896	1023	192	883	1017	221
896	1023	256	884	1017	277
896	1023	320	884	1017	336
896	1023	384	885	1017	396
896	1023	448	887	1017	458
896	1023	512	888	1018	520
896	1023	576	890	1018	582
896	1023	640	892	1018	645
896	1023	704	894	1019	708
896	1023	768	896	1019	771
896	1023	832	899	1019	834
896	1023	896	902	1020	897
896	1023	960	905	1021	960
896	1023	1023	909	1021	1023
960	0	0	918	135	0
960	0	64	918	136	56
960	0	128	918	136	124
960	0	192	919	137	189
960	0	256	919	138	254
960	0	320	920	139	318
960	0	384	921	141	381
960	0	448	922	144	445
960	0	512	923	146	509
960	0	576	925	149	573
960	0	640	927	153	637
960	0	704	929	156	700
960	0	768	931	160	764
960	0	832	934	165	828
960	0	896	937	169	892
960	0	960	940	174	955
960	0	1023	943	179	1018
960	64	0	918	146	0
960	64	64	918	147	57
960	64	128	918	147	124
960	64	192	919	148	189
960	64	256	919	149	254
960	64	320	920	150	318
960	64	384	921	152	381
960	64	448	922	154	445
960	64	512	923	156	509
960	64	576	925	159	573
960	64	640	927	162	637
960	64	704	929	166	700
960	64	768	931	170	764
960	64	832	934	174	828
960	64	896	937	178	892
960	64	960	940	182	955
960	64	1023	943	187	1018
960	128	0	918	180	0
960	128	64	918	180	58
960	128	128	918	180	125
960	128	192	919	181	190
960	128	256	919	181	254
960	128	320	920	183	318
960	128	384	921	184	382
960	128	448	922	186	445
960	128	512	924	188	509
960	128	576	925	190	573
960	128	640	927	192	637
960	128	704	929	195	701
960	128	768	932	198	764
960	128	832	934	202	828
960	128	896	937	205	892
960	128	960	940	209	955
960	128	1023	943	213	1018
960	192	0	918	227	0
960	192	64	919	227	60
960	192	128	919	227	126
960	192	192	919	227	190
960	192	256	920	228	254
960	192	320	920	229	318
960	192	384	921	230	382
960	192	448	923	231	446
960	192	512	924	233	509
960	192	576	926	234	573
960	192	640	928	236	637
960	192	704	930	239	701
960	192	768	932	241	764
960	192	832	934	244	828
960	192	896	937	247	892
960	192	960	940	250	956
960	192	1023	944	253	1018
960	256	0	919	280	0
960	256	64	919	281	63
960	256	128	919	281	127
960	256	192	920	281	191
960	256	256	920	282	255
960	256	320	921	282	318
960	256	384	922	283	382
960	256	448	923	284	446
960	256	512	925	285	510
960	256	576	926	287	573
960	256	640	928	288	637
960	256	704	930	290	701
960	256	768	932	292	764
960	256	832	935	294	828
960	256	896	938	296	892
960	256	960	941	299	956
960	256	1023	944	301	1018
960	320	0	920	338	23
960	320	64	920	338	67
960	320	128	920	338	129
960	320	192	920	338	192
960	320	256	921	339	255
960	320	320	922	339	319
960	320	384	923	340	383
960	320	448	924	341	446
960	320	512	925	342	510
960	320	576	927	343	574
960	320	640	929	344	637
960	320	704	931	345	701
960	320	768	933	347	765
960	320	832	936	349	828
960	320	896	938	351	892
960	320	960	942	353	956
960	320	1023	945	355	1018
960	384	0	921	397	36
960	384	64	921	397	71
960	384	128	921	397	131
960	384	192	921	398	193
960	384	256	922	398	256
960	384	320	923	398	320
960	384	384	924	399	383
960	384	448	925	400	447
960	384	512	926	400	510
960	384	576	928	401	574
960	384	640	930	402	638
960	384	704	932	403	701
960	384	768	934	405	765
960	384	832	937	406	829
960	384	896	939	408	892
960	384	960	942	409	956
960	384	1023	946	411	1019
960	448	0	922	458	46
960	448	64	922	458	76
960	448	128	922	458	133
960	448	192	922	458	195
960	448	256	923	458	257
960	448	320	924	459	321
960	448	384	925	459	384
960	448	448	926	460	447
960	448	512	927	460	511
960	448	576	929	461	574
960	448	640	931	462	638
960	448	704	933	463	702
960	448	768	935	464	765
960	448	832	938	465	829
960	448	896	940	467	893
960	448	960	943	468	956
960	448	1023	947	470	1019
960	512	0	923	519	55
960	512	64	923	519	82
960	512	128	923	519	136
960	512	192	924	519	197
960	512	256	924	519	259
960	512	320	925	520	322
960	512	384	926	520	385
960	512	448	927	521	448
960	512	512	929	521	511
960	512	576	930	522	575
960	512	640	932	523	638
960	512	704	934	523	702
960	512	768	936	524	766
960	512	832	939	525	829
960	512	896	942	527	893
960	512	960	945	528	956
960	512	1023	948	529	1019
960	576	0	925	581	64
960	576	64	925	581	88
960	576	128	925	581	140
960	576	192	925	581	199
960	576	256	926	581	260
960	576	320	927	581	323
960	576	384	928	582	386
960	576	448	929	582	449
960	576	512	930	583	512
960	576	576	932	583	576
960	576	640	934	584	639
960	576	704	936	585	702
960	576	768	938	585	766
960	576	832	940	586	830
960	576	896	943	587	893
960	576	960	946	588	957
960	576	1023	949	590	1019
960	640	0	926	643	73
960	640	64	926	643	94
960	640	128	927	643	143
960	640	192	927	643	201
960	640	256	928	643	262
960	640	320	928	643	324
960	640	384	929	643	387
960	640	448	930	644	450
960	640	512	932	644	513
960	640	576	933	645	576
960	640	640	935	645	640
960	640	704	937	646	703
960	640	768	940	647	767
960	640	832	942	648	830
960	640	896	945	649	894
960	640	960	948	650	957
960	640	1023	951	651	1020
960	704	0	928	705	82
960	704	64	928	705	100
960	704	128	929	705	147
960	704	192	929	705	204
960	704	256	930	705	264
960	704	320	930	705	326
960	704	384	931	706	388
960	704	448	932	706	451
960	704	512	934	706	514
960	704	576	935	707	577
960	704	640	937	707	640
960	704	704	939	708	704
960	704	768	942	709	767
960	704	832	944	709	831
960	704	896	947	710	894
960	704	960	950	711	958
960	704	1023	953	712	1020
960	768	0	931	767	90
960	768	64	931	767	107
960	768	128	931	767	152
960	768	192	931	767	207
960	768	256	932	768	266
960	768	320	932	768	327
960	768	384	933	768	389
960	768	448	935	768	452
960	768	512	936	769	515
960	768	576	938	769	578
960	768	640	939	770	641
960	768	704	941	770	704
960	768	768	944	771	768
960	768	832	946	771	831
960	768	896	949	772	895
960	768	960	952	773	958
960	768	1023	955	774	1021
960	832	0	933	830	98
960	832	64	933	830	114
960	832	128	933	830	156
960	832	192	934	830	210
960	832	256	934	830	269
960	832	320	935	830	329
960	832	384	936	831	391
960	832	448	937	831	453
960	832	512	938	831	516
960	832	576	940	832	579
960	832	640	942	832	642
960	832	704	944	832	705
960	832	768	946	833	768
960	832	832	949	834	832
960	832	896	951	834	895
960	832	960	954	835	959
960	832	1023	958	836	1021
960	896	0	936	893	106
960	896	64	936	893	121
960	896	128	936	893	161
960	896	192	936	893	213
960	896	256	937	893	271
960	896	320	938	893	331
960	896	384	938	893	393
960	896	448	940	893	455
960	896	512	941	894	517
960	896	576	943	894	580
960	896	640	944	895	643
960	896	704	946	895	706
960	896	768	949	895	769
960	896	832	951	896	832
960	896	896	954	897	896
960	896	960	957	897	959
960	896	1023	960	898	1022
960	960	0	938	955	115
960	960	64	939	955	128
960	960	128	939	955	166
960	960	192	939	956	217
960	960	256	940	956	274
960	960	320	940	956	333
960	960	384	941	956	394
960	960	448	942	956	456
960	960	512	944	956	518
960	960	576	945	957	581
960	960	640	947	957	644
960	960	704	949	958	707
960	960	768	952	958	770
960	960	832	954	959	833
960	960	896	957	959	896
960	960	960	960	960	960
960	960	1023	963	960	1022
960	1023	0	942	1017	123
960	1023	64	942	1017	135
960	1023	128	942	1017	171
960	1023	192	942	1017	221
960	1023	256	943	1017	277
960	1023	320	943	1018	336
960	1023	384	944	1018	396
960	1023	448	946	1018	458
960	1023	512	947	1018	520
960	1023	576	948	1019	582
960	1023	640	950	1019	645
960	1023	704	952	1019	708
960	1023	768	955	1020	771
960	1023	832	957	1020	834
960	1023	896	960	1021	897
960	1023	960	963	1021	960
960	1023	1023	966	1022	1023
1023	0	0	978	144	0
1023	0	64	978	144	55
1023	0	128	978	145	124
1023	0	192	979	146	189
1023	0	256	979	147	253
1023	0	320	980	148	317
1023	0	384	981	150	381
1023	0	448	982	152	445
1023	0	512	983	155	509
1023	0	576	985	157	573
1023	0	640	986	161	637
1023	0	704	988	164	700
1023	0	768	991	168	764
1023	0	832	993	172	828
1023	0	896	996	176	892
1023	0	960	998	181	955
1023	0	1023	1001	186	1018
1023	64	0	978	155	0
1023	64	64	978	155	55
1023	64	128	978	155	124
1023	64	192	979	156	189
1023	64	256	979	157	253
1023	64	320	980	158	317
1023	64	384	981	160	381
1023	64	448	982	162	445
1023	64	512	983	164	509
1023	64	576	985	167	573
1023	64	640	987	170	637
1023	64	704	988	173	700
1023	64	768	991	176	764
1023	64	832	993	180	828
1023	64	896	996	184	892
1023	64	960	998	189	955
1023	64	1023	1001	193	1018
1023	128	0	978	186	0
1023	128	64	978	186	57
1023	128	128	979	187	125
1023	128	192	979	187	189
1023	128	256	979	188	254
1023	128	320	980	189	318
1023	128	384	981	190	381
1023	128	448	982	192	445
1023	128	512	983	194	509
1023	128	576	985	196	573
1023	128	640	987	198	637
1023	128	704	989	201	700
1023	128	768	991	204	764
1023	128	832	993	207	828
1023	128	896	996	211	892
1023	128	960	999	215	955
1023	128	1023	1002	218	1018
1023	192	0	979	232	0
1023	192	64	979	232	59
1023	192	128	979	232	125
1023	192	192	979	232	190
1023	192	256	980	233	254
1023	192	320	981	234	318
1023	192	384	981	235	382
1023	192	448	983	236	446
1023	192	512	984	237	509
1023	192	576	985	239	573
1023	192	640	987	241	637
1023	192	704	989	243	701
1023	192	768	991	246	764
1023	192	832	994	248	828
1023	192	896	996	251	892
1023	192	960	999	254	955
1023	192	1023	1002	257	1018
1023	256	0	979	284	0
1023	256	64	979	284	62
1023	256	128	979	285	127
1023	256	192	980	285	191
1023	256	256	980	285	254
1023	256	320	981	286	318
1023	256	384	982	287	382
1023	256	448	983	288	446
1023	256	512	984	289	510
1023	256	576	986	290	573
1023	256	640	988	292	637
1023	256	704	989	294	701
1023	256	768	992	295	764
1023	256	832	994	298	828
1023	256	896	997	300	892
1023	256	960	999	302	956
1023	256	1023	1002	305	1018
1023	320	0	980	341	19
1023	320	64	980	341	66
1023	320	128	980	341	128
1023	320	192	980	341	192
1023	320	256	981	342	255
1023	320	320	982	342	319
1023	320	384	983	343	383
1023	320	448	984	344	446
1023	320	512	985	345	510
1023	320	576	986	346	574
1023	320	640	988	347	637
1023	320	704	990	348	701
1023	320	768	992	350	765
1023	320	832	995	352	828
1023	320	896	997	354	892
1023	320	960	1000	356	956
1023	320	1023	1003	358	1018
1023	384	0	981	400	33
1023	384	64	981	400	70
1023	384	128	981	400	130
1023	384	192	981	400	193
1023	384	256	982	400	256
1023	384	320	983	401	320
1023	384	384	983	401	383
1023	384	448	985	402	447
1023	384	512	986	403	510
1023	384	576	987	404	574
1023	384	640	989	405	638
1023	384	704	991	406	701
1023	384	768	993	407	765
1023	384	832	995	409	829
1023	384	896	998	410	892
1023	384	960	1001	412	956
1023	384	1023	1004	414	1019
1023	448	0	982	460	44
1023	448	64	982	460	75
1023	448	128	982	460	133
1023	448	192	982	460	195
1023	448	256	983	460	257
1023	448	320	984	461	320
1023	448	384	984	461	384
1023	448	448	986	462	447
1023	448	512	987	462	511
1023	448	576	988	463	574
1023	448	640	990	464	638
1023	448	704	992	465	702
1023	448	768	994	466	765
1023	448	832	997	467	829
1023	448	896	999	469	892
1023	448	960	1002	470	956
1023	448	1023	1005	472	1019
1023	512	0	983	521	54
1023	512	64	983	521	81
1023	512	128	983	521	136
1023	512	192	984	521	196
1023	512	256	984	521	259
1023	512	320	985	521	321
1023	512	384	986	522	385
1023	512	448	987	522	448
1023	512	512	988	523	511
1023	512	576	990	524	575
1023	512	640	991	524	638
1023	512	704	993	525	702
1023	512	768	995	526	766
1023	512	832	998	527	829
1023	512	896	1000	528	893
1023	512	960	1003	530	956
1023	512	1023	1006	531	1019
1023	576	0	984	582	63
1023	576	64	984	582	87
1023	576	128	985	582	139
1023	576	192	985	582	199
1023	576	256	985	583	260
1023	576	320	986	583	323
1023	576	384	987	583	386
1023	576	448	988	584	449
1023	576	512	989	584	512
1023	576	576	991	585	575
1023	576	640	993	585	639
1023	576	704	995	586	702
1023	576	768	997	587	766
1023	576	832	999	588	830
1023	576	896	1002	589	893
1023	576	960	1004	590	957
1023	576	1023	1007	591	1019
1023	640	0	986	644	72
1023	640	64	986	644	93
1023	640	128	986	644	143
1023	640	192	987	644	201
1023	640	256	987	644	262
1023	640	320	988	645	324
1023	640	384	989	645	387
1023	640	448	990	645	450
1023	640	512	991	646	513
1023	640	576	993	646	576
1023	640	640	994	647	640
1023	640	704	996	648	703
1023	640	768	998	648	766
1023	640	832	1001	649	830
1023	640	896	1003	650	894
1023	640	960	1006	651	957
1023	640	1023	1009	652	1020
1023	704	0	988	706	81
1023	704	64	988	706	100
1023	704	128	988	706	147
1023	704	192	988	706	204
1023	704	256	989	706	264
1023	704	320	990	707	326
1023	704	384	991	707	388
1023	704	448	992	707	451
1023	704	512	993	708	514
1023	704	576	994	708	577
1023	704	640	996	709	640
1023	704	704	998	709	704
1023	704	768	1000	710	767
1023	704	832	1003	711	830
1023	704	896	1005	711	894
1023	704	960	1008	712	958
1023	704	1023	1011	713	1020
1023	768	0	990	768	89
1023	768	64	990	768	106
1023	768	128	990	769	151
1023	768	192	990	769	207
1023	768	256	991	769	266
1023	768	320	992	769	327
1023	768	384	993	769	389
1023	768	448	994	770	452
1023	768	512	995	770	515
1023	768	576	996	770	578
1023	768	640	998	771	641
1023	768	704	1000	771	704
1023	768	768	1002	772	768
1023	768	832	1004	773	831
1023	768	896	1007	773	895
1023	768	960	1010	774	958
1023	768	1023	1013	775	1021
1023	832	0	992	831	98
1023	832	64	992	831	113
1023	832	128	992	831	156
1023	832	192	993	831	210
1023	832	256	993	831	268
1023	832	320	994	831	329
1023	832	384	995	832	391
1023	832	448	996	832	453
1023	832	512	997	832	516
1023	832	576	999	833	579
1023	832	640	1000	833	642
1023	832	704	1002	834	705
1023	832	768	1004	834	768
1023	832	832	1007	835	832
1023	832	896	1009	835	895
1023	832	960	1012	836	959
1023	832	1023	1015	837	1021
1023	896	0	995	894	106
1023	896	64	995	894	120
1023	896	128	995	894	161
1023	896	192	995	894	213
1023	896	256	996	894	271
1023	896	320	996	894	331
1023	896	384	997	894	392
1023	896	448	998	894	454
1023	896	512	1000	895	517
1023	896	576	1001	895	580
1023	896	640	1003	895	643
1023	896	704	1005	896	706
1023	896	768	1007	896	769
1023	896	832	1009	897	832
1023	896	896	1012	898	896
1023	896	960	1014	898	959
1023	896	1023	1017	899	1022
1023	960	0	997	956	114
1023	960	64	997	956	127
1023	960	128	997	956	166
1023	960	192	998	956	217
1023	960	256	998	957	274
1023	960	320	999	957	333
1023	960	384	1000	957	394
1023	960	448	1001	957	456
1023	960	512	1002	957	518
1023	960	576	1004	958	581
1023	960	640	1005	958	644
1023	960	704	1007	958	707
1023	960	768	1009	959	770
1023	960	832	1012	959	833
1023	960	896	1014	960	896
1023	960	960	1017	961	960
1023	960	1023	1020	961	1022
1023	1023	0	1000	1018	122
1023	1023	64	1000	1018	135
1023	1023	128	1000	1018	171
1023	1023	192	1001	1018	221
1023	1023	256	1001	1018	277
1023	1023	320	1002	1018	336
1023	1023	384	1003	1019	396
1023	1023	448	1004	1019	458
1023	1023	512	1005	1019	520
1023	1023	576	1007	1019	582
1023	1023	640	1008	1020	645
1023	1023	704	1010	1020	708
1023	1023	768	1012	1021	771
1023	1023	832	1015	1021	834
1023	1023	896	1017	1022	897
1023	1023	960	1020	1022	960
1023	1023	1023	1023	1023	1023
