0	0	0	0	0	0
0	0	64	15	10	62
0	0	128	29	20	124
0	0	192	44	31	186
0	0	256	58	41	248
0	0	320	73	51	309
0	0	384	87	61	371
0	0	448	102	71	433
0	0	512	117	82	495
0	0	576	131	92	557
0	0	640	146	102	619
0	0	704	160	112	681
0	0	768	175	122	743
0	0	832	189	133	805
0	0	896	204	143	866
0	0	960	219	153	928
0	0	1023	233	163	989
0	64	0	17	62	7
0	64	64	22	62	62
0	64	128	33	64	124
0	64	192	46	68	186
0	64	256	60	72	248
0	64	320	74	78	309
0	64	384	89	84	371
0	64	448	103	92	433
0	64	512	117	99	495
0	64	576	132	108	557
0	64	640	146	116	619
0	64	704	161	125	681
0	64	768	175	134	743
0	64	832	190	143	805
0	64	896	204	153	866
0	64	960	219	162	928
0	64	1023	233	172	989
0	128	0	35	124	15
0	128	64	37	124	63
0	128	128	44	125	124
0	128	192	54	126	186
0	128	256	66	129	248
0	128	320	79	132	310
0	128	384	93	135	371
0	128	448	106	139	433
0	128	512	120	144	495
0	128	576	134	150	557
0	128	640	149	156	619
0	128	704	163	162	681
0	128	768	177	169	743
0	128	832	192	176	805
0	128	896	206	183	866
0	128	960	220	191	928
0	128	1023	235	199	989
0	192	0	52	186	22
0	192	64	54	186	65
0	192	128	58	187	125
0	192	192	66	187	186
0	192	256	76	189	248
0	192	320	87	191	310
0	192	384	99	193	372
0	192	448	112	196	433
0	192	512	125	199	495
0	192	576	139	203	557
0	192	640	153	207	619
0	192	704	166	212	681
0	192	768	180	216	743
0	192	832	195	222	805
0	192	896	209	227	867
0	192	960	223	233	928
0	192	1023	237	240	989
0	256	0	70	248	30
0	256	64	71	248	67
0	256	128	74	248	126
0	256	192	80	249	187
0	256	256	88	250	249
0	256	320	98	251	310
0	256	384	109	253	372
0	256	448	120	255	434
0	256	512	132	257	496
0	256	576	145	260	557
0	256	640	158	263	619
0	256	704	172	267	681
0	256	768	185	270	743
0	256	832	199	275	805
0	256	896	213	279	867
0	256	960	227	284	929
0	256	1023	240	289	989
0	320	0	87	310	37
0	320	64	88	310	70
0	320	128	91	310	128
0	320	192	95	311	188
0	320	256	102	311	249
0	320	320	110	312	311
0	320	384	120	314	372
0	320	448	130	315	434
0	320	512	141	317	496
0	320	576	153	319	558
0	320	640	166	322	619
0	320	704	178	324	681
0	320	768	191	327	743
0	320	832	204	331	805
0	320	896	218	334	867
0	320	960	231	338	929
0	320	1023	245	342	990
0	384	0	105	372	45
0	384	64	105	372	74
0	384	128	108	372	130
0	384	192	111	372	189
0	384	256	117	373	250
0	384	320	124	374	311
0	384	384	132	375	373
0	384	448	142	376	435
0	384	512	152	378	496
0	384	576	163	379	558
0	384	640	174	381	620
0	384	704	186	384	682
0	384	768	199	386	743
0	384	832	211	389	805
0	384	896	224	392	867
0	384	960	237	395	929
0	384	1023	250	398	990
0	448	0	122	434	52
0	448	64	123	434	79
0	448	128	125	434	132
0	448	192	128	434	191
0	448	256	133	435	251
0	448	320	139	436	312
0	448	384	146	436	374
0	448	448	154	437	435
0	448	512	164	439	497
0	448	576	174	440	558
0	448	640	184	442	620
0	448	704	196	444	682
0	448	768	207	446	744
0	448	832	219	448	805
0	448	896	232	450	867
0	448	960	244	453	929
0	448	1023	257	456	990
0	512	0	140	496	60
0	512	64	140	496	83
0	512	128	142	496	135
0	512	192	144	496	192
0	512	256	149	497	252
0	512	320	154	497	313
0	512	384	160	498	374
0	512	448	168	499	436
0	512	512	176	500	497
0	512	576	186	501	559
0	512	640	196	503	621
0	512	704	206	504	682
0	512	768	217	506	744
0	512	832	229	508	806
0	512	896	240	510	868
0	512	960	253	512	929
0	512	1023	265	515	990
0	576	0	157	558	67
0	576	64	157	558	89
0	576	128	159	558	138
0	576	192	161	558	194
0	576	256	165	558	254
0	576	320	170	559	314
0	576	384	175	560	375
0	576	448	182	560	436
0	576	512	190	561	498
0	576	576	198	562	559
0	576	640	208	564	621
0	576	704	218	565	683
0	576	768	228	567	744
0	576	832	239	568	806
0	576	896	250	570	868
0	576	960	262	572	930
0	576	1023	273	574	990
0	640	0	175	620	75
0	640	64	175	620	94
0	640	128	176	620	141
0	640	192	178	620	197
0	640	256	181	620	255
0	640	320	186	621	316
0	640	384	191	621	376
0	640	448	197	622	437
0	640	512	204	623	499
0	640	576	212	624	560
0	640	640	221	625	622
0	640	704	230	626	683
0	640	768	239	627	745
0	640	832	250	629	806
0	640	896	260	631	868
0	640	960	271	632	930
0	640	1023	283	634	991
0	704	0	192	682	82
0	704	64	192	682	100
0	704	128	193	682	145
0	704	192	195	682	199
0	704	256	198	682	257
0	704	320	202	683	317
0	704	384	207	683	377
0	704	448	212	684	438
0	704	512	219	684	499
0	704	576	226	685	561
0	704	640	234	686	622
0	704	704	243	687	684
0	704	768	252	689	745
0	704	832	261	690	807
0	704	896	272	691	869
0	704	960	282	693	930
0	704	1023	293	695	991
0	768	0	209	744	90
0	768	64	210	744	106
0	768	128	211	744	148
0	768	192	212	744	202
0	768	256	215	744	259
0	768	320	219	744	318
0	768	384	223	745	379
0	768	448	228	745	439
0	768	512	234	746	500
0	768	576	241	747	562
0	768	640	248	748	623
0	768	704	256	749	684
0	768	768	265	750	746
0	768	832	274	751	807
0	768	896	283	752	869
0	768	960	293	754	931
0	768	1023	304	755	991
0	832	0	227	806	97
0	832	64	227	806	112
0	832	128	228	806	153
0	832	192	230	806	205
0	832	256	232	806	261
0	832	320	235	806	320
0	832	384	239	807	380
0	832	448	244	807	440
0	832	512	249	808	501
0	832	576	256	809	562
0	832	640	262	809	624
0	832	704	270	810	685
0	832	768	278	811	746
0	832	832	287	812	808
0	832	896	296	814	870
0	832	960	305	815	931
0	832	1023	315	816	992
0	896	0	244	867	105
0	896	64	245	867	118
0	896	128	245	868	157
0	896	192	247	868	208
0	896	256	249	868	264
0	896	320	252	868	322
0	896	384	256	869	382
0	896	448	260	869	442
0	896	512	265	870	502
0	896	576	271	870	563
0	896	640	277	871	624
0	896	704	284	872	686
0	896	768	292	873	747
0	896	832	300	874	809
0	896	896	309	875	870
0	896	960	318	876	932
0	896	1023	327	877	992
0	960	0	262	929	112
0	960	64	262	929	125
0	960	128	263	930	162
0	960	192	264	930	211
0	960	256	266	930	266
0	960	320	269	930	324
0	960	384	272	930	383
0	960	448	276	931	443
0	960	512	281	931	504
0	960	576	286	932	564
0	960	640	292	933	625
0	960	704	299	933	687
0	960	768	306	934	748
0	960	832	314	935	809
0	960	896	322	936	871
0	960	960	331	937	932
0	960	1023	340	939	993
0	1023	0	279	990	119
0	1023	64	279	990	131
0	1023	128	280	991	167
0	1023	192	281	991	215
0	1023	256	283	991	269
0	1023	320	286	991	326
0	1023	384	289	991	385
0	1023	448	292	992	445
0	1023	512	297	992	505
0	1023	576	302	993	565
0	1023	640	308	993	626
0	1023	704	314	994	687
0	1023	768	321	995	749
0	1023	832	328	996	810
0	1023	896	336	997	871
0	1023	960	344	998	933
0	1023	1023	352	999	993
64	0	0	61	9	0
64	0	64	62	13	62
64	0	128	66	22	124
64	0	192	73	31	186
64	0	256	82	41	248
64	0	320	92	51	309
64	0	384	104	62	371
64	0	448	116	72	433
64	0	512	129	82	495
64	0	576	142	92	557
64	0	640	155	102	619
64	0	704	169	112	681
64	0	768	183	123	743
64	0	832	196	133	805
64	0	896	210	143	866
64	0	960	225	153	928
64	0	1023	239	163	989
64	64	0	63	62	7
64	64	64	64	63	62
64	64	128	68	65	124
64	64	192	74	68	186
64	64	256	83	72	248
64	64	320	93	78	309
64	64	384	105	85	371
64	64	448	117	92	433
64	64	512	129	100	495
64	64	576	142	108	557
64	64	640	156	116	619
64	64	704	169	125	681
64	64	768	183	134	743
64	64	832	197	143	805
64	64	896	211	153	866
64	64	960	225	162	928
64	64	1023	239	172	989
64	128	0	69	124	15
64	128	64	70	124	63
64	128	128	73	125	124
64	128	192	79	127	186
64	128	256	87	129	248
64	128	320	97	132	310
64	128	384	108	135	371
64	128	448	120	140	433
64	128	512	132	144	495
64	128	576	145	150	557
64	128	640	158	156	619
64	128	704	171	162	681
64	128	768	185	169	743
64	128	832	198	176	805
64	128	896	212	183	866
64	128	960	226	191	928
64	128	1023	240	199	989
64	192	0	78	186	22
64	192	64	79	186	65
64	192	128	82	187	125
64	192	192	87	188	186
64	192	256	95	189	248
64	192	320	103	191	310
64	192	384	114	193	372
64	192	448	125	196	433
64	192	512	136	199	495
64	192	576	149	203	557
64	192	640	162	207	619
64	192	704	175	212	681
64	192	768	188	217	743
64	192	832	201	222	805
64	192	896	215	228	867
64	192	960	229	234	928
64	192	1023	242	240	989
64	256	0	90	248	30
64	256	64	91	248	67
64	256	128	93	248	126
64	256	192	98	249	187
64	256	256	104	250	249
64	256	320	112	251	310
64	256	384	122	253	372
64	256	448	132	255	434
64	256	512	143	257	496
64	256	576	155	260	557
64	256	640	167	263	619
64	256	704	179	267	681
64	256	768	192	271	743
64	256	832	205	275	805
64	256	896	219	279	867
64	256	960	232	284	929
64	256	1023	246	289	989
64	320	0	104	310	37
64	320	64	104	310	70
64	320	128	106	310	128
64	320	192	110	311	188
64	320	256	116	311	249
64	320	320	123	313	311
64	320	384	131	314	372
64	320	448	141	315	434
64	320	512	151	317	496
64	320	576	162	319	558
64	320	640	174	322	619
64	320	704	186	325	681
64	320	768	198	327	743
64	320	832	211	331	805
64	320	896	224	334	867
64	320	960	237	338	929
64	320	1023	250	342	990
64	384	0	118	372	45
64	384	64	119	372	74
64	384	128	121	372	130
64	384	192	124	373	189
64	384	256	129	373	250
64	384	320	135	374	311
64	384	384	143	375	373
64	384	448	151	376	435
64	384	512	161	378	496
64	384	576	171	379	558
64	384	640	182	381	620
64	384	704	193	384	682
64	384	768	205	386	743
64	384	832	218	389	805
64	384	896	230	392	867
64	384	960	243	395	929
64	384	1023	255	398	990
64	448	0	134	434	52
64	448	64	134	434	79
64	448	128	136	434	132
64	448	192	139	434	191
64	448	256	143	435	251
64	448	320	149	436	312
64	448	384	155	436	374
64	448	448	163	437	435
64	448	512	172	439	497
64	448	576	181	440	558
64	448	640	192	442	620
64	448	704	202	444	682
64	448	768	214	446	744
64	448	832	225	448	805
64	448	896	237	450	867
64	448	960	250	453	929
64	448	1023	262	456	990
64	512	0	150	496	60
64	512	64	150	496	83
64	512	128	151	496	135
64	512	192	154	496	192
64	512	256	158	497	252
64	512	320	163	497	313
64	512	384	169	498	374
64	512	448	176	499	436
64	512	512	184	500	497
64	512	576	193	501	559
64	512	640	202	503	620
64	512	704	212	504	682
64	512	768	223	506	744
64	512	832	234	508	806
64	512	896	246	510	868
64	512	960	258	512	929
64	512	1023	269	515	990
64	576	0	166	558	67
64	576	64	166	558	89
64	576	128	167	558	138
64	576	192	170	558	194
64	576	256	173	558	254
64	576	320	178	559	314
64	576	384	183	560	375
64	576	448	190	560	436
64	576	512	197	561	498
64	576	576	205	562	559
64	576	640	214	564	621
64	576	704	223	565	683
64	576	768	234	567	744
64	576	832	244	568	806
64	576	896	255	570	868
64	576	960	266	572	930
64	576	1023	278	574	990
64	640	0	182	620	75
64	640	64	183	620	94
64	640	128	184	620	141
64	640	192	186	620	197
64	640	256	189	620	255
64	640	320	193	621	316
64	640	384	198	621	376
64	640	448	204	622	437
64	640	512	211	623	499
64	640	576	218	624	560
64	640	640	226	625	622
64	640	704	235	626	683
64	640	768	245	628	745
64	640	832	255	629	806
64	640	896	265	631	868
64	640	960	276	632	930
64	640	1023	287	634	991
64	704	0	199	682	82
64	704	64	199	682	100
64	704	128	200	682	145
64	704	192	202	682	199
64	704	256	205	682	257
64	704	320	209	683	317
64	704	384	213	683	377
64	704	448	219	684	438
64	704	512	225	684	499
64	704	576	232	685	561
64	704	640	239	686	622
64	704	704	248	687	684
64	704	768	257	689	745
64	704	832	266	690	807
64	704	896	276	691	869
64	704	960	286	693	930
64	704	1023	297	695	991
64	768	0	216	744	90
64	768	64	216	744	106
64	768	128	217	744	148
64	768	192	219	744	202
64	768	256	221	744	259
64	768	320	224	744	318
64	768	384	229	745	379
64	768	448	234	746	439
64	768	512	239	746	500
64	768	576	246	747	562
64	768	640	253	748	623
64	768	704	261	749	684
64	768	768	269	750	746
64	768	832	278	751	807
64	768	896	288	752	869
64	768	960	298	754	931
64	768	1023	308	755	991
64	832	0	233	806	97
64	832	64	233	806	112
64	832	128	234	806	153
64	832	192	235	806	205
64	832	256	238	806	261
64	832	320	241	806	320
64	832	384	244	807	380
64	832	448	249	807	440
64	832	512	254	808	501
64	832	576	261	809	562
64	832	640	267	809	624
64	832	704	275	810	685
64	832	768	283	811	746
64	832	832	291	812	808
64	832	896	300	814	870
64	832	960	309	815	931
64	832	1023	319	816	992
64	896	0	250	867	105
64	896	64	250	868	118
64	896	128	251	868	157
64	896	192	252	868	208
64	896	256	254	868	264
64	896	320	257	868	322
64	896	384	261	869	382
64	896	448	265	869	442
64	896	512	270	870	502
64	896	576	275	870	563
64	896	640	282	871	624
64	896	704	289	872	686
64	896	768	296	873	747
64	896	832	304	874	809
64	896	896	313	875	870
64	896	960	322	876	932
64	896	1023	331	877	992
64	960	0	267	929	112
64	960	64	267	929	125
64	960	128	268	930	162
64	960	192	269	930	211
64	960	256	271	930	266
64	960	320	273	930	324
64	960	384	277	931	383
64	960	448	281	931	443
64	960	512	285	931	504
64	960	576	291	932	564
64	960	640	297	933	625
64	960	704	303	933	687
64	960	768	310	934	748
64	960	832	318	935	809
64	960	896	326	936	871
64	960	960	334	937	932
64	960	1023	343	939	993
64	1023	0	283	990	119
64	1023	64	284	990	131
64	1023	128	284	991	167
64	1023	192	286	991	215
64	1023	256	287	991	269
64	1023	320	290	991	326
64	1023	384	293	991	385
64	1023	448	297	992	445
64	1023	512	301	992	505
64	1023	576	306	993	565
64	1023	640	312	993	626
64	1023	704	318	994	687
64	1023	768	324	995	749
64	1023	832	332	996	810
64	1023	896	339	997	871
64	1023	960	347	998	933
64	1023	1023	356	999	993
128	0	0	122	18	0
128	0	64	123	20	62
128	0	128	125	26	124
128	0	192	128	34	186
128	0	256	133	44	248
128	0	320	139	53	309
128	0	384	146	63	371
128	0	448	154	73	433
128	0	512	164	83	495
128	0	576	174	93	557
128	0	640	184	103	619
128	0	704	196	113	681
128	0	768	207	123	743
128	0	832	219	133	805
128	0	896	232	143	866
128	0	960	244	154	928
128	0	1023	257	164	989
128	64	0	123	64	6
128	64	64	124	64	62
128	64	128	125	66	124
128	64	192	129	69	186
128	64	256	133	74	248
128	64	320	139	79	309
128	64	384	147	86	371
128	64	448	155	93	433
128	64	512	164	100	495
128	64	576	174	109	557
128	64	640	185	117	619
128	64	704	196	126	681
128	64	768	208	135	743
128	64	832	220	144	805
128	64	896	232	153	866
128	64	960	245	163	928
128	64	1023	257	172	989
128	128	0	126	125	14
128	128	64	126	125	63
128	128	128	128	126	124
128	128	192	131	127	186
128	128	256	136	129	248
128	128	320	142	132	310
128	128	384	149	136	371
128	128	448	157	140	433
128	128	512	166	145	495
128	128	576	176	150	557
128	128	640	187	156	619
128	128	704	198	163	681
128	128	768	209	169	743
128	128	832	221	176	805
128	128	896	233	184	866
128	128	960	246	191	928
128	128	1023	259	199	989
128	192	0	131	186	22
128	192	64	131	186	65
128	192	128	133	187	125
128	192	192	136	188	186
128	192	256	140	189	248
128	192	320	146	191	310
128	192	384	153	193	372
128	192	448	161	196	433
128	192	512	170	200	495
128	192	576	179	203	557
128	192	640	190	207	619
128	192	704	201	212	681
128	192	768	212	217	743
128	192	832	224	222	805
128	192	896	236	228	867
128	192	960	248	234	928
128	192	1023	261	240	989
128	256	0	137	248	30
128	256	64	138	248	67
128	256	128	139	249	126
128	256	192	142	249	187
128	256	256	146	250	249
128	256	320	152	252	310
128	256	384	158	253	372
128	256	448	166	255	434
128	256	512	175	258	496
128	256	576	184	260	557
128	256	640	194	264	619
128	256	704	205	267	681
128	256	768	216	271	743
128	256	832	227	275	805
128	256	896	239	279	867
128	256	960	251	284	929
128	256	1023	264	289	989
128	320	0	146	310	37
128	320	64	146	310	70
128	320	128	148	310	128
128	320	192	151	311	188
128	320	256	154	312	249
128	320	320	160	313	311
128	320	384	166	314	372
128	320	448	173	316	434
128	320	512	181	317	496
128	320	576	190	320	558
128	320	640	200	322	619
128	320	704	210	325	681
128	320	768	221	328	743
128	320	832	232	331	805
128	320	896	244	334	867
128	320	960	256	338	929
128	320	1023	268	342	990
128	384	0	156	372	45
128	384	64	156	372	74
128	384	128	158	372	130
128	384	192	160	373	189
128	384	256	164	373	250
128	384	320	169	374	311
128	384	384	175	375	373
128	384	448	181	376	435
128	384	512	189	378	496
128	384	576	198	380	558
128	384	640	207	382	620
128	384	704	217	384	682
128	384	768	227	386	743
128	384	832	238	389	805
128	384	896	249	392	867
128	384	960	261	395	929
128	384	1023	273	398	990
128	448	0	167	434	52
128	448	64	168	434	78
128	448	128	169	434	132
128	448	192	171	434	191
128	448	256	175	435	251
128	448	320	179	436	312
128	448	384	185	437	374
128	448	448	191	438	435
128	448	512	198	439	497
128	448	576	206	440	558
128	448	640	215	442	620
128	448	704	225	444	682
128	448	768	235	446	744
128	448	832	245	448	805
128	448	896	256	451	867
128	448	960	267	453	929
128	448	1023	279	456	990
128	512	0	180	496	60
128	512	64	180	496	83
128	512	128	181	496	135
128	512	192	184	496	192
128	512	256	187	497	252
128	512	320	191	497	313
128	512	384	196	498	374
128	512	448	202	499	436
128	512	512	209	500	497
128	512	576	216	501	559
128	512	640	225	503	620
128	512	704	234	504	682
128	512	768	243	506	744
128	512	832	253	508	806
128	512	896	264	510	867
128	512	960	275	512	929
128	512	1023	286	515	990
128	576	0	193	558	67
128	576	64	193	558	88
128	576	128	195	558	138
128	576	192	196	558	194
128	576	256	199	559	254
128	576	320	203	559	314
128	576	384	208	560	375
128	576	448	213	561	436
128	576	512	220	561	498
128	576	576	227	563	559
128	576	640	235	564	621
128	576	704	243	565	683
128	576	768	253	567	744
128	576	832	262	568	806
128	576	896	272	570	868
128	576	960	283	572	930
128	576	1023	294	574	990
128	640	0	207	620	75
128	640	64	207	620	94
128	640	128	208	620	141
128	640	192	210	620	197
128	640	256	213	620	255
128	640	320	216	621	316
128	640	384	221	621	376
128	640	448	226	622	437
128	640	512	232	623	499
128	640	576	239	624	560
128	640	640	246	625	622
128	640	704	254	626	683
128	640	768	263	628	745
128	640	832	272	629	806
128	640	896	282	631	868
128	640	960	292	633	930
128	640	1023	302	634	991
128	704	0	222	682	82
128	704	64	222	682	100
128	704	128	223	682	144
128	704	192	224	682	199
128	704	256	227	682	257
128	704	320	230	683	317
128	704	384	234	683	377
128	704	448	239	684	438
128	704	512	245	685	499
128	704	576	251	685	561
128	704	640	258	686	622
128	704	704	266	687	684
128	704	768	274	689	745
128	704	832	283	690	807
128	704	896	292	692	869
128	704	960	302	693	930
128	704	1023	312	695	991
128	768	0	236	744	90
128	768	64	237	744	106
128	768	128	238	744	148
128	768	192	239	744	202
128	768	256	241	744	259
128	768	320	244	745	318
128	768	384	248	745	379
128	768	448	253	746	439
128	768	512	258	746	500
128	768	576	264	747	561
128	768	640	271	748	623
128	768	704	278	749	684
128	768	768	286	750	746
128	768	832	294	751	807
128	768	896	303	753	869
128	768	960	312	754	931
128	768	1023	322	755	991
128	832	0	252	806	97
128	832	64	252	806	112
128	832	128	253	806	153
128	832	192	254	806	205
128	832	256	256	806	261
128	832	320	259	806	320
128	832	384	263	807	380
128	832	448	267	807	440
128	832	512	272	808	501
128	832	576	277	809	562
128	832	640	284	809	624
128	832	704	291	810	685
128	832	768	298	811	746
128	832	832	306	812	808
128	832	896	314	814	870
128	832	960	323	815	931
128	832	1023	332	816	992
128	896	0	267	868	105
128	896	64	267	868	118
128	896	128	268	868	157
128	896	192	270	868	208
128	896	256	271	868	264
128	896	320	274	868	322
128	896	384	277	869	382
128	896	448	281	869	442
128	896	512	286	870	502
128	896	576	291	870	563
128	896	640	297	871	624
128	896	704	304	872	686
128	896	768	311	873	747
128	896	832	318	874	809
128	896	896	326	875	870
128	896	960	335	876	932
128	896	1023	344	877	992
128	960	0	283	929	112
128	960	64	283	930	125
128	960	128	284	930	162
128	960	192	285	930	211
128	960	256	287	930	266
128	960	320	289	930	324
128	960	384	293	931	383
128	960	448	296	931	443
128	960	512	301	931	504
128	960	576	306	932	564
128	960	640	311	933	625
128	960	704	317	934	687
128	960	768	324	934	748
128	960	832	331	935	809
128	960	896	339	936	871
128	960	960	347	937	932
128	960	1023	356	939	993
128	1023	0	299	990	119
128	1023	64	299	991	131
128	1023	128	300	991	167
128	1023	192	301	991	215
128	1023	256	302	991	269
128	1023	320	305	991	326
128	1023	384	308	991	385
128	1023	448	311	992	445
128	1023	512	315	992	505
128	1023	576	320	993	565
128	1023	640	325	994	626
128	1023	704	331	994	687
128	1023	768	338	995	749
128	1023	832	344	996	810
128	1023	896	352	997	871
128	1023	960	360	998	933
128	1023	1023	368	999	993
192	0	0	183	26	0
192	0	64	184	28	62
192	0	128	185	32	124
192	0	192	187	39	186
192	0	256	190	47	248
192	0	320	194	56	309
192	0	384	199	65	371
192	0	448	205	75	433
192	0	512	212	85	495
192	0	576	219	94	557
192	0	640	227	104	619
192	0	704	236	114	681
192	0	768	246	124	743
192	0	832	256	134	805
192	0	896	266	144	866
192	0	960	277	154	928
192	0	1023	288	164	989
192	64	0	184	66	4
192	64	64	184	67	62
192	64	128	185	68	124
192	64	192	187	71	186
192	64	256	190	76	248
192	64	320	194	81	309
192	64	384	199	87	371
192	64	448	205	94	433
192	64	512	212	102	495
192	64	576	219	110	557
192	64	640	228	118	619
192	64	704	237	127	681
192	64	768	246	136	743
192	64	832	256	145	805
192	64	896	266	154	866
192	64	960	277	163	928
192	64	1023	288	173	989
192	128	0	186	126	14
192	128	64	186	126	63
192	128	128	187	127	124
192	128	192	189	128	186
192	128	256	192	130	248
192	128	320	196	133	310
192	128	384	201	137	371
192	128	448	207	141	433
192	128	512	213	146	495
192	128	576	221	151	557
192	128	640	229	157	619
192	128	704	238	163	681
192	128	768	247	170	743
192	128	832	257	177	805
192	128	896	267	184	866
192	128	960	278	192	928
192	128	1023	289	200	989
192	192	0	189	187	22
192	192	64	189	187	65
192	192	128	190	188	125
192	192	192	192	189	186
192	192	256	195	190	248
192	192	320	199	192	310
192	192	384	204	194	372
192	192	448	209	197	433
192	192	512	216	200	495
192	192	576	223	204	557
192	192	640	231	208	619
192	192	704	240	213	681
192	192	768	249	217	743
192	192	832	259	223	805
192	192	896	269	228	867
192	192	960	280	234	928
192	192	1023	291	240	989
192	256	0	193	249	29
192	256	64	193	249	67
192	256	128	194	249	126
192	256	192	196	250	187
192	256	256	199	251	249
192	256	320	203	252	310
192	256	384	208	254	372
192	256	448	213	256	434
192	256	512	220	258	496
192	256	576	227	261	557
192	256	640	235	264	619
192	256	704	243	267	681
192	256	768	252	271	743
192	256	832	262	275	805
192	256	896	272	280	867
192	256	960	283	284	929
192	256	1023	293	289	989
192	320	0	199	310	37
192	320	64	199	311	70
192	320	128	200	311	128
192	320	192	202	311	188
192	320	256	205	312	249
192	320	320	209	313	311
192	320	384	213	314	372
192	320	448	219	316	434
192	320	512	225	318	496
192	320	576	232	320	558
192	320	640	239	322	619
192	320	704	248	325	681
192	320	768	257	328	743
192	320	832	266	331	805
192	320	896	276	335	867
192	320	960	286	339	929
192	320	1023	297	343	990
192	384	0	206	372	45
192	384	64	206	372	74
192	384	128	207	373	130
192	384	192	209	373	189
192	384	256	212	374	250
192	384	320	215	374	311
192	384	384	220	375	373
192	384	448	225	377	435
192	384	512	231	378	496
192	384	576	238	380	558
192	384	640	245	382	620
192	384	704	253	384	682
192	384	768	262	387	743
192	384	832	271	389	805
192	384	896	281	392	867
192	384	960	291	395	929
192	384	1023	301	399	990
192	448	0	214	434	52
192	448	64	215	434	78
192	448	128	216	434	132
192	448	192	217	435	191
192	448	256	220	435	251
192	448	320	223	436	312
192	448	384	227	437	374
192	448	448	232	438	435
192	448	512	238	439	497
192	448	576	245	441	558
192	448	640	252	442	620
192	448	704	260	444	682
192	448	768	268	446	744
192	448	832	277	448	805
192	448	896	287	451	867
192	448	960	297	454	929
192	448	1023	307	456	990
192	512	0	224	496	60
192	512	64	224	496	83
192	512	128	225	496	134
192	512	192	227	497	192
192	512	256	229	497	252
192	512	320	232	498	313
192	512	384	236	498	374
192	512	448	241	499	436
192	512	512	247	500	497
192	512	576	253	502	559
192	512	640	260	503	620
192	512	704	267	505	682
192	512	768	276	506	744
192	512	832	284	508	806
192	512	896	294	510	867
192	512	960	303	513	929
192	512	1023	313	515	990
192	576	0	234	558	67
192	576	64	234	558	88
192	576	128	235	558	137
192	576	192	237	558	194
192	576	256	239	559	254
192	576	320	242	559	314
192	576	384	246	560	375
192	576	448	251	561	436
192	576	512	256	562	498
192	576	576	262	563	559
192	576	640	269	564	621
192	576	704	276	565	683
192	576	768	284	567	744
192	576	832	292	569	806
192	576	896	301	570	868
192	576	960	310	572	930
192	576	1023	320	575	990
192	640	0	245	620	75
192	640	64	246	620	94
192	640	128	246	620	141
192	640	192	248	620	197
192	640	256	250	621	255
192	640	320	253	621	315
192	640	384	257	622	376
192	640	448	261	622	437
192	640	512	266	623	499
192	640	576	272	624	560
192	640	640	278	625	622
192	640	704	285	626	683
192	640	768	293	628	745
192	640	832	301	629	806
192	640	896	309	631	868
192	640	960	319	633	930
192	640	1023	328	635	991
192	704	0	257	682	82
192	704	64	257	682	100
192	704	128	258	682	144
192	704	192	260	682	199
192	704	256	262	682	257
192	704	320	264	683	317
192	704	384	268	683	377
192	704	448	272	684	438
192	704	512	277	685	499
192	704	576	282	686	561
192	704	640	289	687	622
192	704	704	295	688	684
192	704	768	303	689	745
192	704	832	310	690	807
192	704	896	319	692	869
192	704	960	327	693	930
192	704	1023	336	695	991
192	768	0	270	744	90
192	768	64	270	744	106
192	768	128	271	744	148
192	768	192	272	744	202
192	768	256	274	744	259
192	768	320	277	745	318
192	768	384	280	745	379
192	768	448	284	746	439
192	768	512	288	746	500
192	768	576	294	747	561
192	768	640	300	748	623
192	768	704	306	749	684
192	768	768	313	750	746
192	768	832	320	751	807
192	768	896	328	753	869
192	768	960	337	754	931
192	768	1023	346	756	991
192	832	0	283	806	97
192	832	64	283	806	112
192	832	128	284	806	153
192	832	192	285	806	205
192	832	256	287	806	261
192	832	320	289	807	320
192	832	384	293	807	380
192	832	448	296	807	440
192	832	512	301	808	501
192	832	576	306	809	562
192	832	640	311	810	624
192	832	704	317	810	685
192	832	768	324	811	746
192	832	832	331	813	808
192	832	896	339	814	870
192	832	960	347	815	931
192	832	1023	356	816	992
192	896	0	297	868	104
192	896	64	297	868	118
192	896	128	297	868	157
192	896	192	299	868	208
192	896	256	300	868	264
192	896	320	303	868	322
192	896	384	306	869	382
192	896	448	309	869	442
192	896	512	313	870	502
192	896	576	318	870	563
192	896	640	323	871	624
192	896	704	329	872	686
192	896	768	336	873	747
192	896	832	343	874	809
192	896	896	350	875	870
192	896	960	358	876	932
192	896	1023	366	878	992
192	960	0	311	930	112
192	960	64	311	930	125
192	960	128	311	930	162
192	960	192	313	930	211
192	960	256	314	930	266
192	960	320	316	930	324
192	960	384	319	931	383
192	960	448	323	931	443
192	960	512	327	932	504
192	960	576	331	932	564
192	960	640	336	933	625
192	960	704	342	934	687
192	960	768	348	934	748
192	960	832	355	935	809
192	960	896	362	936	871
192	960	960	369	938	932
192	960	1023	377	939	993
192	1023	0	325	991	119
192	1023	64	325	991	131
192	1023	128	326	991	167
192	1023	192	327	991	215
192	1023	256	328	991	269
192	1023	320	330	991	326
192	1023	384	333	992	385
192	1023	448	336	992	445
192	1023	512	340	992	505
192	1023	576	344	993	565
192	1023	640	349	994	626
192	1023	704	354	994	687
192	1023	768	360	995	749
192	1023	832	367	996	810
192	1023	896	373	997	871
192	1023	960	381	998	933
192	1023	1023	388	999	993
256	0	0	245	35	0
256	0	64	245	36	61
256	0	128	246	40	124
256	0	192	247	45	186
256	0	256	249	52	247
256	0	320	252	60	309
256	0	384	256	69	371
256	0	448	260	78	433
256	0	512	265	87	495
256	0	576	271	97	557
256	0	640	277	106	619
256	0	704	284	116	681
256	0	768	292	126	743
256	0	832	300	136	804
256	0	896	309	146	866
256	0	960	318	156	928
256	0	1023	327	165	989
256	64	0	245	70	0
256	64	64	245	70	62
256	64	128	246	72	124
256	64	192	247	74	186
256	64	256	250	79	248
256	64	320	252	84	309
256	64	384	256	90	371
256	64	448	260	97	433
256	64	512	266	104	495
256	64	576	271	112	557
256	64	640	278	120	619
256	64	704	285	129	681
256	64	768	292	137	743
256	64	832	300	146	805
256	64	896	309	155	866
256	64	960	318	165	928
256	64	1023	328	174	989
256	128	0	246	127	12
256	128	64	246	128	63
256	128	128	247	128	124
256	128	192	249	130	186
256	128	256	251	132	248
256	128	320	254	135	310
256	128	384	257	138	371
256	128	448	262	142	433
256	128	512	267	147	495
256	128	576	272	153	557
256	128	640	279	158	619
256	128	704	286	165	681
256	128	768	293	171	743
256	128	832	301	178	805
256	128	896	310	185	866
256	128	960	319	193	928
256	128	1023	328	201	989
256	192	0	248	188	21
256	192	64	248	188	64
256	192	128	249	189	125
256	192	192	251	190	186
256	192	256	253	191	248
256	192	320	256	193	310
256	192	384	259	195	372
256	192	448	264	198	433
256	192	512	269	201	495
256	192	576	274	205	557
256	192	640	281	209	619
256	192	704	288	213	681
256	192	768	295	218	743
256	192	832	303	224	805
256	192	896	312	229	867
256	192	960	321	235	928
256	192	1023	330	241	989
256	256	0	251	249	29
256	256	64	252	249	67
256	256	128	252	250	126
256	256	192	254	250	187
256	256	256	256	251	249
256	256	320	259	253	310
256	256	384	262	254	372
256	256	448	267	256	434
256	256	512	272	259	496
256	256	576	277	262	557
256	256	640	283	265	619
256	256	704	290	268	681
256	256	768	298	272	743
256	256	832	306	276	805
256	256	896	314	280	867
256	256	960	323	285	928
256	256	1023	332	290	989
256	320	0	256	311	37
256	320	64	256	311	70
256	320	128	257	311	128
256	320	192	258	312	188
256	320	256	260	313	249
256	320	320	263	314	311
256	320	384	266	315	372
256	320	448	271	316	434
256	320	512	275	318	496
256	320	576	281	320	558
256	320	640	287	323	619
256	320	704	294	326	681
256	320	768	301	329	743
256	320	832	309	332	805
256	320	896	317	335	867
256	320	960	326	339	929
256	320	1023	335	343	990
256	384	0	261	373	44
256	384	64	261	373	74
256	384	128	262	373	129
256	384	192	263	373	189
256	384	256	265	374	250
256	384	320	268	375	311
256	384	384	272	376	373
256	384	448	276	377	434
256	384	512	280	379	496
256	384	576	286	380	558
256	384	640	292	382	620
256	384	704	298	385	682
256	384	768	306	387	743
256	384	832	313	390	805
256	384	896	322	393	867
256	384	960	330	396	929
256	384	1023	339	399	990
256	448	0	267	435	52
256	448	64	268	435	78
256	448	128	268	435	132
256	448	192	270	435	191
256	448	256	272	436	251
256	448	320	274	436	312
256	448	384	278	437	374
256	448	448	282	438	435
256	448	512	286	439	497
256	448	576	291	441	558
256	448	640	297	443	620
256	448	704	304	444	682
256	448	768	311	446	744
256	448	832	318	449	805
256	448	896	327	451	867
256	448	960	335	454	929
256	448	1023	344	457	990
256	512	0	275	496	59
256	512	64	275	496	83
256	512	128	276	497	134
256	512	192	277	497	192
256	512	256	279	497	252
256	512	320	281	498	313
256	512	384	285	499	374
256	512	448	288	500	436
256	512	512	293	501	497
256	512	576	298	502	559
256	512	640	304	503	620
256	512	704	310	505	682
256	512	768	317	507	744
256	512	832	324	509	806
256	512	896	332	511	867
256	512	960	341	513	929
256	512	1023	349	515	990
256	576	0	283	558	67
256	576	64	283	558	88
256	576	128	284	558	137
256	576	192	285	559	194
256	576	256	287	559	254
256	576	320	289	560	314
256	576	384	292	560	375
256	576	448	296	561	436
256	576	512	301	562	498
256	576	576	305	563	559
256	576	640	311	564	621
256	576	704	317	566	683
256	576	768	324	567	744
256	576	832	331	569	806
256	576	896	339	571	868
256	576	960	347	573	930
256	576	1023	355	575	990
256	640	0	292	620	74
256	640	64	292	620	94
256	640	128	293	620	141
256	640	192	294	621	197
256	640	256	296	621	255
256	640	320	298	621	315
256	640	384	301	622	376
256	640	448	305	623	437
256	640	512	309	623	499
256	640	576	314	624	560
256	640	640	319	625	622
256	640	704	325	627	683
256	640	768	332	628	745
256	640	832	339	629	806
256	640	896	346	631	868
256	640	960	354	633	930
256	640	1023	362	635	991
256	704	0	302	682	82
256	704	64	302	682	100
256	704	128	302	682	144
256	704	192	304	682	199
256	704	256	305	683	257
256	704	320	308	683	317
256	704	384	311	684	377
256	704	448	314	684	438
256	704	512	318	685	499
256	704	576	323	686	561
256	704	640	328	687	622
256	704	704	334	688	684
256	704	768	340	689	745
256	704	832	347	690	807
256	704	896	354	692	869
256	704	960	362	693	930
256	704	1023	370	695	991
256	768	0	312	744	89
256	768	64	312	744	106
256	768	128	313	744	148
256	768	192	314	744	202
256	768	256	316	745	259
256	768	320	318	745	318
256	768	384	321	745	379
256	768	448	324	746	439
256	768	512	328	747	500
256	768	576	332	747	561
256	768	640	337	748	623
256	768	704	343	749	684
256	768	768	349	750	746
256	768	832	356	752	807
256	768	896	363	753	869
256	768	960	370	754	931
256	768	1023	378	756	991
256	832	0	323	806	97
256	832	64	323	806	112
256	832	128	324	806	153
256	832	192	325	806	205
256	832	256	327	806	261
256	832	320	329	807	320
256	832	384	331	807	380
256	832	448	335	808	440
256	832	512	338	808	501
256	832	576	343	809	562
256	832	640	348	810	624
256	832	704	353	811	685
256	832	768	359	812	746
256	832	832	365	813	808
256	832	896	372	814	870
256	832	960	380	815	931
256	832	1023	387	817	992
256	896	0	335	868	104
256	896	64	335	868	118
256	896	128	336	868	157
256	896	192	337	868	208
256	896	256	338	868	264
256	896	320	340	869	322
256	896	384	343	869	381
256	896	448	346	869	442
256	896	512	350	870	502
256	896	576	354	871	563
256	896	640	358	871	624
256	896	704	364	872	686
256	896	768	369	873	747
256	896	832	375	874	809
256	896	896	382	875	870
256	896	960	389	876	932
256	896	1023	397	878	992
256	960	0	347	930	112
256	960	64	347	930	125
256	960	128	348	930	162
256	960	192	349	930	211
256	960	256	350	930	266
256	960	320	352	930	324
256	960	384	355	931	383
256	960	448	358	931	443
256	960	512	361	932	504
256	960	576	365	932	564
256	960	640	370	933	625
256	960	704	375	934	687
256	960	768	380	935	748
256	960	832	386	936	809
256	960	896	393	937	871
256	960	960	399	938	932
256	960	1023	407	939	993
256	1023	0	360	991	119
256	1023	64	360	991	131
256	1023	128	360	991	167
256	1023	192	361	991	215
256	1023	256	363	991	269
256	1023	320	364	991	326
256	1023	384	367	992	385
256	1023	448	370	992	445
256	1023	512	373	993	505
256	1023	576	377	993	565
256	1023	640	381	994	626
256	1023	704	386	994	687
256	1023	768	391	995	749
256	1023	832	397	996	810
256	1023	896	403	997	871
256	1023	960	410	998	933
256	1023	1023	417	999	993
320	0	0	306	44	0
320	0	64	306	45	61
320	0	128	306	48	123
320	0	192	308	52	185
320	0	256	309	58	247
320	0	320	312	65	309
320	0	384	314	73	371
320	0	448	318	82	433
320	0	512	322	91	495
320	0	576	326	100	557
320	0	640	332	109	619
320	0	704	337	118	681
320	0	768	344	128	743
320	0	832	350	138	804
320	0	896	357	148	866
320	0	960	365	157	928
320	0	1023	373	167	989
320	64	0	306	74	0
320	64	64	306	74	61
320	64	128	307	76	124
320	64	192	308	78	186
320	64	256	310	82	247
320	64	320	312	87	309
320	64	384	315	93	371
320	64	448	318	100	433
320	64	512	322	107	495
320	64	576	327	114	557
320	64	640	332	122	619
320	64	704	338	131	681
320	64	768	344	139	743
320	64	832	350	148	805
320	64	896	358	157	866
320	64	960	365	166	928
320	64	1023	373	175	989
320	128	0	307	130	11
320	128	64	307	130	62
320	128	128	308	131	124
320	128	192	309	132	186
320	128	256	310	134	248
320	128	320	313	137	310
320	128	384	316	140	371
320	128	448	319	144	433
320	128	512	323	149	495
320	128	576	328	154	557
320	128	640	333	160	619
320	128	704	338	166	681
320	128	768	345	173	743
320	128	832	351	180	805
320	128	896	358	187	866
320	128	960	366	194	928
320	128	1023	374	202	989
320	192	0	309	189	20
320	192	64	309	190	64
320	192	128	309	190	125
320	192	192	310	191	186
320	192	256	312	192	248
320	192	320	314	194	310
320	192	384	317	196	372
320	192	448	321	199	433
320	192	512	325	202	495
320	192	576	329	206	557
320	192	640	334	210	619
320	192	704	340	215	681
320	192	768	346	219	743
320	192	832	353	225	805
320	192	896	360	230	867
320	192	960	367	236	928
320	192	1023	375	242	989
320	256	0	311	250	28
320	256	64	311	250	67
320	256	128	312	251	126
320	256	192	313	251	187
320	256	256	315	252	248
320	256	320	317	254	310
320	256	384	320	255	372
320	256	448	323	257	434
320	256	512	327	260	496
320	256	576	331	262	557
320	256	640	336	266	619
320	256	704	342	269	681
320	256	768	348	273	743
320	256	832	355	277	805
320	256	896	362	281	867
320	256	960	369	286	928
320	256	1023	377	291	989
320	320	0	314	312	36
320	320	64	314	312	70
320	320	128	315	312	127
320	320	192	316	313	188
320	320	256	318	313	249
320	320	320	320	314	311
320	320	384	323	316	372
320	320	448	326	317	434
320	320	512	330	319	496
320	320	576	334	321	558
320	320	640	339	324	619
320	320	704	345	326	681
320	320	768	351	329	743
320	320	832	358	332	805
320	320	896	365	336	867
320	320	960	372	340	929
320	320	1023	380	344	990
320	384	0	318	373	44
320	384	64	319	373	74
320	384	128	319	374	129
320	384	192	320	374	189
320	384	256	322	375	250
320	384	320	324	375	311
320	384	384	327	376	373
320	384	448	330	378	434
320	384	512	334	379	496
320	384	576	338	381	558
320	384	640	343	383	620
320	384	704	349	385	681
320	384	768	355	388	743
320	384	832	361	390	805
320	384	896	368	393	867
320	384	960	376	396	929
320	384	1023	383	400	990
320	448	0	324	435	51
320	448	64	324	435	78
320	448	128	324	435	132
320	448	192	325	436	191
320	448	256	327	436	251
320	448	320	329	437	312
320	448	384	332	438	373
320	448	448	335	439	435
320	448	512	339	440	497
320	448	576	343	441	558
320	448	640	348	443	620
320	448	704	353	445	682
320	448	768	359	447	744
320	448	832	366	449	805
320	448	896	372	452	867
320	448	960	380	454	929
320	448	1023	387	457	990
320	512	0	329	497	59
320	512	64	329	497	83
320	512	128	330	497	134
320	512	192	331	497	192
320	512	256	333	498	252
320	512	320	335	498	313
320	512	384	337	499	374
320	512	448	340	500	436
320	512	512	344	501	497
320	512	576	348	502	559
320	512	640	353	504	620
320	512	704	359	505	682
320	512	768	364	507	744
320	512	832	371	509	806
320	512	896	377	511	867
320	512	960	385	513	929
320	512	1023	392	516	990
320	576	0	336	559	67
320	576	64	336	559	88
320	576	128	337	559	137
320	576	192	338	559	194
320	576	256	339	559	254
320	576	320	341	560	314
320	576	384	344	561	375
320	576	448	347	561	436
320	576	512	350	562	498
320	576	576	355	563	559
320	576	640	359	565	621
320	576	704	365	566	683
320	576	768	370	568	744
320	576	832	376	569	806
320	576	896	383	571	868
320	576	960	390	573	930
320	576	1023	397	575	990
320	640	0	343	620	74
320	640	64	343	620	94
320	640	128	344	621	141
320	640	192	345	621	196
320	640	256	346	621	255
320	640	320	348	622	315
320	640	384	351	622	376
320	640	448	354	623	437
320	640	512	358	624	499
320	640	576	362	625	560
320	640	640	366	626	621
320	640	704	371	627	683
320	640	768	377	628	745
320	640	832	383	630	806
320	640	896	389	631	868
320	640	960	396	633	930
320	640	1023	403	635	991
320	704	0	351	682	82
320	704	64	352	682	99
320	704	128	352	682	144
320	704	192	353	683	199
320	704	256	355	683	257
320	704	320	356	683	317
320	704	384	359	684	377
320	704	448	362	684	438
320	704	512	365	685	499
320	704	576	369	686	561
320	704	640	374	687	622
320	704	704	379	688	684
320	704	768	384	689	745
320	704	832	390	691	807
320	704	896	396	692	869
320	704	960	403	694	930
320	704	1023	410	695	991
320	768	0	360	744	89
320	768	64	360	744	106
320	768	128	361	744	148
320	768	192	362	745	202
320	768	256	363	745	259
320	768	320	365	745	318
320	768	384	367	746	379
320	768	448	370	746	439
320	768	512	374	747	500
320	768	576	377	748	561
320	768	640	382	748	623
320	768	704	387	749	684
320	768	768	392	751	746
320	768	832	398	752	807
320	768	896	404	753	869
320	768	960	411	755	931
320	768	1023	417	756	991
320	832	0	370	806	97
320	832	64	370	806	112
320	832	128	370	806	152
320	832	192	371	806	205
320	832	256	373	807	261
320	832	320	374	807	320
320	832	384	377	807	380
320	832	448	379	808	440
320	832	512	383	808	501
320	832	576	386	809	562
320	832	640	391	810	624
320	832	704	395	811	685
320	832	768	400	812	746
320	832	832	406	813	808
320	832	896	412	814	870
320	832	960	419	816	931
320	832	1023	425	817	992
320	896	0	380	868	104
320	896	64	380	868	118
320	896	128	380	868	157
320	896	192	381	868	208
320	896	256	382	868	264
320	896	320	384	869	322
320	896	384	386	869	381
320	896	448	389	870	442
320	896	512	392	870	502
320	896	576	396	871	563
320	896	640	400	872	624
320	896	704	405	872	686
320	896	768	410	873	747
320	896	832	415	874	809
320	896	896	421	875	870
320	896	960	427	877	932
320	896	1023	434	878	992
320	960	0	390	930	112
320	960	64	390	930	125
320	960	128	391	930	162
320	960	192	392	930	211
320	960	256	393	930	266
320	960	320	395	931	324
320	960	384	397	931	383
320	960	448	399	931	443
320	960	512	402	932	504
320	960	576	406	933	564
320	960	640	410	933	625
320	960	704	414	934	687
320	960	768	419	935	748
320	960	832	425	936	809
320	960	896	430	937	871
320	960	960	436	938	932
320	960	1023	443	939	993
320	1023	0	401	991	119
320	1023	64	401	991	131
320	1023	128	402	991	166
320	1023	192	402	991	215
320	1023	256	404	991	269
320	1023	320	405	992	326
320	1023	384	407	992	385
320	1023	448	410	992	445
320	1023	512	413	993	505
320	1023	576	416	993	565
320	1023	640	420	994	626
320	1023	704	425	995	687
320	1023	768	429	995	749
320	1023	832	434	996	810
320	1023	896	440	997	871
320	1023	960	446	998	933
320	1023	1023	452	999	993
384	0	0	367	53	0
384	0	64	367	53	61
384	0	128	367	56	123
384	0	192	368	60	185
384	0	256	370	65	247
384	0	320	372	71	309
384	0	384	374	78	371
384	0	448	377	86	433
384	0	512	380	95	495
384	0	576	384	103	557
384	0	640	388	112	619
384	0	704	393	121	681
384	0	768	398	131	743
384	0	832	404	140	804
384	0	896	410	150	866
384	0	960	416	159	928
384	0	1023	423	169	989
384	64	0	367	79	0
384	64	64	367	79	61
384	64	128	368	81	123
384	64	192	369	83	185
384	64	256	370	87	247
384	64	320	372	91	309
384	64	384	374	97	371
384	64	448	377	103	433
384	64	512	380	110	495
384	64	576	384	117	557
384	64	640	388	125	619
384	64	704	393	133	681
384	64	768	398	142	743
384	64	832	404	150	804
384	64	896	410	159	866
384	64	960	416	168	928
384	64	1023	423	177	989
384	128	0	368	132	7
384	128	64	368	132	62
384	128	128	368	133	124
384	128	192	369	135	186
384	128	256	371	137	248
384	128	320	372	139	309
384	128	384	375	143	371
384	128	448	378	147	433
384	128	512	381	151	495
384	128	576	385	156	557
384	128	640	389	162	619
384	128	704	394	168	681
384	128	768	399	175	743
384	128	832	404	181	805
384	128	896	410	189	866
384	128	960	417	196	928
384	128	1023	424	204	989
384	192	0	369	191	19
384	192	64	369	191	64
384	192	128	370	192	125
384	192	192	371	193	186
384	192	256	372	194	248
384	192	320	374	196	310
384	192	384	376	198	372
384	192	448	379	201	433
384	192	512	382	204	495
384	192	576	386	208	557
384	192	640	390	212	619
384	192	704	395	216	681
384	192	768	400	221	743
384	192	832	406	226	805
384	192	896	412	232	866
384	192	960	418	237	928
384	192	1023	425	244	989
384	256	0	371	252	27
384	256	64	371	252	66
384	256	128	372	252	126
384	256	192	373	253	187
384	256	256	374	254	248
384	256	320	376	255	310
384	256	384	378	257	372
384	256	448	381	259	434
384	256	512	384	261	495
384	256	576	388	264	557
384	256	640	392	267	619
384	256	704	397	270	681
384	256	768	402	274	743
384	256	832	407	278	805
384	256	896	413	282	867
384	256	960	420	287	928
384	256	1023	427	292	989
384	320	0	374	313	35
384	320	64	374	313	70
384	320	128	374	313	127
384	320	192	375	314	188
384	320	256	377	314	249
384	320	320	378	315	311
384	320	384	381	317	372
384	320	448	383	318	434
384	320	512	387	320	496
384	320	576	390	322	558
384	320	640	395	324	619
384	320	704	399	327	681
384	320	768	404	330	743
384	320	832	410	333	805
384	320	896	416	337	867
384	320	960	422	341	929
384	320	1023	429	345	990
384	384	0	377	374	43
384	384	64	377	374	73
384	384	128	378	374	129
384	384	192	379	375	189
384	384	256	380	375	250
384	384	320	382	376	311
384	384	384	384	377	373
384	384	448	387	378	434
384	384	512	390	380	496
384	384	576	394	382	558
384	384	640	398	384	620
384	384	704	402	386	681
384	384	768	407	388	743
384	384	832	413	391	805
384	384	896	419	394	867
384	384	960	425	397	929
384	384	1023	432	400	990
384	448	0	381	436	51
384	448	64	381	436	78
384	448	128	382	436	132
384	448	192	383	436	191
384	448	256	384	437	251
384	448	320	386	437	312
384	448	384	388	438	373
384	448	448	391	439	435
384	448	512	394	441	497
384	448	576	397	442	558
384	448	640	402	444	620
384	448	704	406	446	682
384	448	768	411	448	744
384	448	832	417	450	805
384	448	896	422	452	867
384	448	960	429	455	929
384	448	1023	435	458	990
384	512	0	386	497	59
384	512	64	386	497	83
384	512	128	387	498	134
384	512	192	388	498	192
384	512	256	389	498	252
384	512	320	391	499	313
384	512	384	393	500	374
384	512	448	395	500	436
384	512	512	398	502	497
384	512	576	402	503	559
384	512	640	406	504	620
384	512	704	411	506	682
384	512	768	415	508	744
384	512	832	421	509	806
384	512	896	427	512	867
384	512	960	433	514	929
384	512	1023	439	516	990
384	576	0	392	559	66
384	576	64	392	559	88
384	576	128	392	559	137
384	576	192	393	559	194
384	576	256	394	560	254
384	576	320	396	560	314
384	576	384	398	561	375
384	576	448	401	562	436
384	576	512	404	563	498
384	576	576	407	564	559
384	576	640	411	565	621
384	576	704	416	566	683
384	576	768	421	568	744
384	576	832	426	570	806
384	576	896	432	572	868
384	576	960	438	574	930
384	576	1023	444	576	990
384	640	0	398	621	74
384	640	64	398	621	93
384	640	128	398	621	140
384	640	192	399	621	196
384	640	256	400	622	255
384	640	320	402	622	315
384	640	384	404	623	376
384	640	448	407	623	437
384	640	512	410	624	499
384	640	576	413	625	560
384	640	640	417	626	621
384	640	704	421	627	683
384	640	768	426	629	745
384	640	832	431	630	806
384	640	896	437	632	868
384	640	960	443	634	930
384	640	1023	449	636	991
384	704	0	405	683	81
384	704	64	405	683	99
384	704	128	405	683	144
384	704	192	406	683	199
384	704	256	407	683	257
384	704	320	409	684	317
384	704	384	411	684	377
384	704	448	413	685	438
384	704	512	416	686	499
384	704	576	420	686	561
384	704	640	424	687	622
384	704	704	428	688	684
384	704	768	432	690	745
384	704	832	438	691	807
384	704	896	443	693	869
384	704	960	449	694	930
384	704	1023	455	696	991
384	768	0	412	745	89
384	768	64	412	745	105
384	768	128	413	745	148
384	768	192	413	745	202
384	768	256	415	745	259
384	768	320	416	745	318
384	768	384	418	746	379
384	768	448	421	746	439
384	768	512	423	747	500
384	768	576	427	748	561
384	768	640	431	749	623
384	768	704	435	750	684
384	768	768	439	751	746
384	768	832	444	752	807
384	768	896	450	753	869
384	768	960	456	755	931
384	768	1023	462	756	991
384	832	0	420	806	97
384	832	64	420	806	112
384	832	128	421	807	152
384	832	192	421	807	205
384	832	256	423	807	261
384	832	320	424	807	320
384	832	384	426	808	380
384	832	448	428	808	440
384	832	512	431	809	501
384	832	576	435	809	562
384	832	640	438	810	624
384	832	704	442	811	685
384	832	768	447	812	746
384	832	832	452	813	808
384	832	896	457	814	870
384	832	960	463	816	931
384	832	1023	469	817	992
384	896	0	429	868	104
384	896	64	429	868	118
384	896	128	429	868	157
384	896	192	430	869	208
384	896	256	431	869	264
384	896	320	433	869	322
384	896	384	435	869	381
384	896	448	437	870	442
384	896	512	440	870	502
384	896	576	443	871	563
384	896	640	446	872	624
384	896	704	450	873	686
384	896	768	455	874	747
384	896	832	460	875	809
384	896	896	465	876	870
384	896	960	471	877	932
384	896	1023	476	878	992
384	960	0	438	930	112
384	960	64	438	930	125
384	960	128	438	930	162
384	960	192	439	930	211
384	960	256	440	931	266
384	960	320	442	931	324
384	960	384	444	931	383
384	960	448	446	932	443
384	960	512	449	932	503
384	960	576	452	933	564
384	960	640	455	933	625
384	960	704	459	934	687
384	960	768	463	935	748
384	960	832	468	936	809
384	960	896	473	937	871
384	960	960	479	938	932
384	960	1023	485	939	993
384	1023	0	447	991	119
384	1023	64	447	991	131
384	1023	128	448	991	166
384	1023	192	449	991	215
384	1023	256	450	992	269
384	1023	320	451	992	326
384	1023	384	453	992	385
384	1023	448	455	993	444
384	1023	512	458	993	505
384	1023	576	461	994	565
384	1023	640	464	994	626
384	1023	704	468	995	687
384	1023	768	472	996	749
384	1023	832	477	996	810
384	1023	896	482	997	871
384	1023	960	487	998	933
384	1023	1023	493	1000	993
448	0	0	428	62	0
448	0	64	428	62	60
448	0	128	428	64	123
448	0	192	429	67	185
448	0	256	430	72	247
448	0	320	432	78	309
448	0	384	434	84	371
448	0	448	436	91	433
448	0	512	439	99	495
448	0	576	442	107	557
448	0	640	446	116	619
448	0	704	450	125	681
448	0	768	454	134	743
448	0	832	459	143	804
448	0	896	464	153	866
448	0	960	470	162	928
448	0	1023	476	171	989
448	64	0	428	85	0
448	64	64	428	85	61
448	64	128	429	86	123
448	64	192	429	89	185
448	64	256	431	92	247
448	64	320	432	96	309
448	64	384	434	101	371
448	64	448	436	107	433
448	64	512	439	114	495
448	64	576	442	121	557
448	64	640	446	129	619
448	64	704	450	136	681
448	64	768	454	145	743
448	64	832	459	153	804
448	64	896	464	162	866
448	64	960	470	171	928
448	64	1023	476	179	989
448	128	0	429	135	0
448	128	64	429	136	62
448	128	128	429	136	124
448	128	192	430	138	186
448	128	256	431	140	248
448	128	320	433	142	309
448	128	384	435	146	371
448	128	448	437	150	433
448	128	512	440	154	495
448	128	576	443	159	557
448	128	640	446	165	619
448	128	704	450	170	681
448	128	768	455	177	743
448	128	832	460	184	805
448	128	896	465	191	866
448	128	960	471	198	928
448	128	1023	476	205	989
448	192	0	430	193	17
448	192	64	430	193	63
448	192	128	430	194	124
448	192	192	431	195	186
448	192	256	432	196	248
448	192	320	434	198	310
448	192	384	436	200	372
448	192	448	438	203	433
448	192	512	441	206	495
448	192	576	444	209	557
448	192	640	447	213	619
448	192	704	451	218	681
448	192	768	456	223	743
448	192	832	461	228	805
448	192	896	466	233	866
448	192	960	472	239	928
448	192	1023	477	245	989
448	256	0	432	253	26
448	256	64	432	253	66
448	256	128	432	254	126
448	256	192	433	254	187
448	256	256	434	255	248
448	256	320	435	256	310
448	256	384	437	258	372
448	256	448	440	260	434
448	256	512	442	262	495
448	256	576	446	265	557
448	256	640	449	268	619
448	256	704	453	271	681
448	256	768	457	275	743
448	256	832	462	279	805
448	256	896	467	283	867
448	256	960	473	288	928
448	256	1023	479	293	989
448	320	0	434	314	35
448	320	64	434	314	69
448	320	128	434	314	127
448	320	192	435	315	188
448	320	256	436	315	249
448	320	320	438	316	311
448	320	384	440	318	372
448	320	448	442	319	434
448	320	512	445	321	496
448	320	576	448	323	558
448	320	640	451	326	619
448	320	704	455	328	681
448	320	768	460	331	743
448	320	832	464	334	805
448	320	896	470	338	867
448	320	960	475	342	929
448	320	1023	481	346	989
448	384	0	437	375	43
448	384	64	437	375	73
448	384	128	437	375	129
448	384	192	438	376	189
448	384	256	439	376	250
448	384	320	440	377	311
448	384	384	442	378	373
448	384	448	445	379	434
448	384	512	447	381	496
448	384	576	450	383	558
448	384	640	454	385	620
448	384	704	458	387	681
448	384	768	462	389	743
448	384	832	467	392	805
448	384	896	472	395	867
448	384	960	478	398	929
448	384	1023	483	401	990
448	448	0	440	436	51
448	448	64	440	436	78
448	448	128	441	437	131
448	448	192	441	437	190
448	448	256	442	437	251
448	448	320	444	438	312
448	448	384	446	439	373
448	448	448	448	440	435
448	448	512	451	441	497
448	448	576	454	443	558
448	448	640	457	444	620
448	448	704	461	446	682
448	448	768	465	448	744
448	448	832	470	451	805
448	448	896	475	453	867
448	448	960	481	456	929
448	448	1023	486	458	990
448	512	0	444	498	58
448	512	64	444	498	82
448	512	128	445	498	134
448	512	192	445	498	192
448	512	256	446	499	252
448	512	320	448	499	313
448	512	384	450	500	374
448	512	448	452	501	436
448	512	512	455	502	497
448	512	576	458	503	559
448	512	640	461	505	620
448	512	704	465	506	682
448	512	768	469	508	744
448	512	832	474	510	806
448	512	896	479	512	867
448	512	960	484	515	929
448	512	1023	490	517	990
448	576	0	449	560	66
448	576	64	449	560	88
448	576	128	449	560	137
448	576	192	450	560	194
448	576	256	451	560	254
448	576	320	452	561	314
448	576	384	454	562	375
448	576	448	457	562	436
448	576	512	459	563	498
448	576	576	462	564	559
448	576	640	466	566	621
448	576	704	469	567	683
448	576	768	474	569	744
448	576	832	478	570	806
448	576	896	483	572	868
448	576	960	489	574	930
448	576	1023	494	576	990
448	640	0	454	621	74
448	640	64	454	621	93
448	640	128	455	622	140
448	640	192	455	622	196
448	640	256	456	622	255
448	640	320	458	623	315
448	640	384	459	623	376
448	640	448	462	624	437
448	640	512	464	625	498
448	640	576	467	626	560
448	640	640	471	627	621
448	640	704	474	628	683
448	640	768	479	629	745
448	640	832	483	631	806
448	640	896	488	632	868
448	640	960	493	634	930
448	640	1023	499	636	991
448	704	0	460	683	81
448	704	64	460	683	99
448	704	128	460	683	144
448	704	192	461	683	199
448	704	256	462	684	257
448	704	320	463	684	317
448	704	384	465	685	377
448	704	448	467	685	438
448	704	512	470	686	499
448	704	576	473	687	561
448	704	640	476	688	622
448	704	704	480	689	684
448	704	768	484	690	745
448	704	832	488	691	807
448	704	896	493	693	869
448	704	960	499	695	930
448	704	1023	504	696	991
448	768	0	466	745	89
448	768	64	466	745	105
448	768	128	467	745	148
448	768	192	467	745	201
448	768	256	468	746	259
448	768	320	470	746	318
448	768	384	472	746	378
448	768	448	474	747	439
448	768	512	476	748	500
448	768	576	479	748	561
448	768	640	482	749	623
448	768	704	486	750	684
448	768	768	490	751	746
448	768	832	494	752	807
448	768	896	499	754	869
448	768	960	504	755	931
448	768	1023	510	757	991
448	832	0	473	807	96
448	832	64	473	807	111
448	832	128	474	807	152
448	832	192	474	807	204
448	832	256	475	807	261
448	832	320	477	808	320
448	832	384	478	808	380
448	832	448	480	809	440
448	832	512	483	809	501
448	832	576	486	810	562
448	832	640	489	811	624
448	832	704	493	812	685
448	832	768	497	813	746
448	832	832	501	814	808
448	832	896	506	815	870
448	832	960	511	816	931
448	832	1023	516	818	992
448	896	0	481	869	104
448	896	64	481	869	118
448	896	128	481	869	157
448	896	192	482	869	208
448	896	256	483	869	264
448	896	320	484	869	322
448	896	384	486	870	381
448	896	448	488	870	442
448	896	512	490	871	502
448	896	576	493	871	563
448	896	640	496	872	624
448	896	704	500	873	686
448	896	768	504	874	747
448	896	832	508	875	809
448	896	896	513	876	870
448	896	960	518	877	932
448	896	1023	523	879	992
448	960	0	489	931	111
448	960	64	489	931	124
448	960	128	489	931	161
448	960	192	490	931	211
448	960	256	491	931	266
448	960	320	492	931	324
448	960	384	494	932	383
448	960	448	496	932	443
448	960	512	498	932	503
448	960	576	501	933	564
448	960	640	504	934	625
448	960	704	507	935	686
448	960	768	511	935	748
448	960	832	515	936	809
448	960	896	520	937	871
448	960	960	525	938	932
448	960	1023	530	940	993
448	1023	0	497	991	119
448	1023	64	497	991	131
448	1023	128	497	992	166
448	1023	192	498	992	215
448	1023	256	499	992	269
448	1023	320	500	992	326
448	1023	384	502	992	385
448	1023	448	504	993	444
448	1023	512	506	993	505
448	1023	576	509	994	565
448	1023	640	512	994	626
448	1023	704	515	995	687
448	1023	768	519	996	749
448	1023	832	523	997	810
448	1023	896	528	998	871
448	1023	960	533	999	933
448	1023	1023	538	1000	993
512	0	0	489	70	0
512	0	64	489	71	60
512	0	128	490	72	123
512	0	192	490	75	185
512	0	256	491	79	247
512	0	320	492	84	309
512	0	384	494	90	371
512	0	448	496	97	433
512	0	512	498	104	495
512	0	576	501	112	557
512	0	640	504	120	619
512	0	704	508	129	681
512	0	768	512	138	743
512	0	832	516	147	804
512	0	896	520	156	866
512	0	960	525	165	928
512	0	1023	530	174	989
512	64	0	489	91	0
512	64	64	489	91	60
512	64	128	490	92	123
512	64	192	490	95	185
512	64	256	491	98	247
512	64	320	493	102	309
512	64	384	494	107	371
512	64	448	496	112	433
512	64	512	499	118	495
512	64	576	501	125	557
512	64	640	504	132	619
512	64	704	508	140	681
512	64	768	512	148	743
512	64	832	516	156	804
512	64	896	520	165	866
512	64	960	525	173	928
512	64	1023	531	182	989
512	128	0	490	139	0
512	128	64	490	139	61
512	128	128	490	140	124
512	128	192	491	141	185
512	128	256	492	143	247
512	128	320	493	146	309
512	128	384	495	149	371
512	128	448	497	153	433
512	128	512	499	157	495
512	128	576	502	162	557
512	128	640	505	167	619
512	128	704	508	173	681
512	128	768	512	180	743
512	128	832	516	186	804
512	128	896	521	193	866
512	128	960	526	200	928
512	128	1023	531	208	989
512	192	0	491	196	15
512	192	64	491	196	63
512	192	128	491	196	124
512	192	192	492	197	186
512	192	256	493	198	248
512	192	320	494	200	310
512	192	384	496	202	371
512	192	448	498	205	433
512	192	512	500	208	495
512	192	576	503	212	557
512	192	640	506	216	619
512	192	704	509	220	681
512	192	768	513	225	743
512	192	832	517	230	805
512	192	896	522	235	866
512	192	960	527	241	928
512	192	1023	532	247	989
512	256	0	492	255	25
512	256	64	492	255	66
512	256	128	493	255	125
512	256	192	493	256	187
512	256	256	494	257	248
512	256	320	495	258	310
512	256	384	497	260	372
512	256	448	499	262	434
512	256	512	501	264	495
512	256	576	504	267	557
512	256	640	507	270	619
512	256	704	511	273	681
512	256	768	514	277	743
512	256	832	519	281	805
512	256	896	523	285	867
512	256	960	528	290	928
512	256	1023	533	294	989
512	320	0	494	315	34
512	320	64	494	315	69
512	320	128	494	316	127
512	320	192	495	316	188
512	320	256	496	317	249
512	320	320	497	318	311
512	320	384	499	319	372
512	320	448	501	321	434
512	320	512	503	322	496
512	320	576	506	324	558
512	320	640	509	327	619
512	320	704	513	330	681
512	320	768	516	332	743
512	320	832	520	336	805
512	320	896	525	339	867
512	320	960	530	343	929
512	320	1023	535	347	989
512	384	0	496	376	42
512	384	64	497	376	73
512	384	128	497	376	129
512	384	192	498	377	189
512	384	256	499	377	250
512	384	320	500	378	311
512	384	384	501	379	373
512	384	448	503	380	434
512	384	512	506	382	496
512	384	576	508	384	558
512	384	640	511	386	620
512	384	704	515	388	681
512	384	768	519	390	743
512	384	832	523	393	805
512	384	896	527	396	867
512	384	960	532	399	929
512	384	1023	537	402	990
512	448	0	499	437	50
512	448	64	500	437	77
512	448	128	500	438	131
512	448	192	501	438	190
512	448	256	501	438	251
512	448	320	503	439	312
512	448	384	504	440	373
512	448	448	506	441	435
512	448	512	509	442	497
512	448	576	511	444	558
512	448	640	514	445	620
512	448	704	518	447	682
512	448	768	521	449	744
512	448	832	526	451	805
512	448	896	530	454	867
512	448	960	535	457	929
512	448	1023	540	459	990
512	512	0	503	499	58
512	512	64	503	499	82
512	512	128	503	499	134
512	512	192	504	499	192
512	512	256	505	500	252
512	512	320	506	500	313
512	512	384	508	501	374
512	512	448	510	502	436
512	512	512	512	503	497
512	512	576	515	504	559
512	512	640	518	506	620
512	512	704	521	507	682
512	512	768	525	509	744
512	512	832	529	511	806
512	512	896	533	513	867
512	512	960	538	515	929
512	512	1023	543	518	990
512	576	0	507	560	66
512	576	64	507	560	87
512	576	128	507	560	137
512	576	192	508	561	194
512	576	256	509	561	254
512	576	320	510	562	314
512	576	384	512	562	375
512	576	448	514	563	436
512	576	512	516	564	498
512	576	576	519	565	559
512	576	640	522	566	621
512	576	704	525	568	683
512	576	768	529	569	744
512	576	832	533	571	806
512	576	896	537	573	868
512	576	960	542	575	930
512	576	1023	547	577	990
512	640	0	511	622	73
512	640	64	512	622	93
512	640	128	512	622	140
512	640	192	513	622	196
512	640	256	513	623	255
512	640	320	515	623	315
512	640	384	516	624	376
512	640	448	518	624	437
512	640	512	520	625	498
512	640	576	523	626	560
512	640	640	526	627	621
512	640	704	529	628	683
512	640	768	533	630	745
512	640	832	537	631	806
512	640	896	541	633	868
512	640	960	546	635	930
512	640	1023	551	637	991
512	704	0	517	684	81
512	704	64	517	684	99
512	704	128	517	684	144
512	704	192	518	684	199
512	704	256	518	684	257
512	704	320	520	685	317
512	704	384	521	685	377
512	704	448	523	686	438
512	704	512	525	687	499
512	704	576	528	687	561
512	704	640	531	688	622
512	704	704	534	689	684
512	704	768	538	691	745
512	704	832	542	692	807
512	704	896	546	693	869
512	704	960	551	695	930
512	704	1023	556	697	991
512	768	0	522	745	88
512	768	64	522	745	105
512	768	128	523	746	148
512	768	192	523	746	201
512	768	256	524	746	259
512	768	320	525	746	318
512	768	384	527	747	378
512	768	448	529	747	439
512	768	512	531	748	500
512	768	576	533	749	561
512	768	640	536	750	623
512	768	704	539	751	684
512	768	768	543	752	746
512	768	832	547	753	807
512	768	896	551	754	869
512	768	960	556	756	931
512	768	1023	561	757	991
512	832	0	528	807	96
512	832	64	528	807	111
512	832	128	529	807	152
512	832	192	529	807	204
512	832	256	530	808	261
512	832	320	531	808	320
512	832	384	533	808	380
512	832	448	535	809	440
512	832	512	537	810	501
512	832	576	539	810	562
512	832	640	542	811	624
512	832	704	545	812	685
512	832	768	549	813	746
512	832	832	553	814	808
512	832	896	557	815	870
512	832	960	561	817	931
512	832	1023	566	818	992
512	896	0	535	869	104
512	896	64	535	869	118
512	896	128	535	869	157
512	896	192	536	869	207
512	896	256	537	870	263
512	896	320	538	870	322
512	896	384	539	870	381
512	896	448	541	871	442
512	896	512	543	871	502
512	896	576	546	872	563
512	896	640	548	873	624
512	896	704	552	873	686
512	896	768	555	874	747
512	896	832	559	875	809
512	896	896	563	876	870
512	896	960	568	878	932
512	896	1023	572	879	992
512	960	0	542	931	111
512	960	64	542	931	124
512	960	128	542	931	161
512	960	192	543	931	211
512	960	256	544	931	266
512	960	320	545	932	324
512	960	384	546	932	383
512	960	448	548	932	443
512	960	512	550	933	503
512	960	576	553	933	564
512	960	640	555	934	625
512	960	704	558	935	686
512	960	768	562	936	748
512	960	832	566	937	809
512	960	896	570	938	871
512	960	960	574	939	932
512	960	1023	579	940	993
512	1023	0	549	992	119
512	1023	64	549	992	131
512	1023	128	550	992	166
512	1023	192	550	992	214
512	1023	256	551	992	269
512	1023	320	552	992	326
512	1023	384	554	993	385
512	1023	448	555	993	444
512	1023	512	557	994	505
512	1023	576	560	994	565
512	1023	640	563	995	626
512	1023	704	566	995	687
512	1023	768	569	996	749
512	1023	832	573	997	810
512	1023	896	577	998	871
512	1023	960	581	999	933
512	1023	1023	586	1000	993
576	0	0	550	79	0
576	0	64	550	80	59
576	0	128	551	81	123
576	0	192	551	84	185
576	0	256	552	87	247
576	0	320	553	92	309
576	0	384	555	97	371
576	0	448	556	103	433
576	0	512	558	110	495
576	0	576	561	118	557
576	0	640	563	125	619
576	0	704	566	133	681
576	0	768	570	142	743
576	0	832	574	150	804
576	0	896	578	159	866
576	0	960	582	168	928
576	0	1023	587	177	989
576	64	0	550	98	0
576	64	64	550	98	60
576	64	128	551	99	123
576	64	192	551	101	185
576	64	256	552	104	247
576	64	320	553	108	309
576	64	384	555	112	371
576	64	448	556	117	433
576	64	512	558	123	495
576	64	576	561	130	557
576	64	640	564	137	619
576	64	704	567	144	681
576	64	768	570	152	743
576	64	832	574	160	804
576	64	896	578	168	866
576	64	960	582	177	928
576	64	1023	587	185	989
576	128	0	551	143	0
576	128	64	551	143	61
576	128	128	551	144	123
576	128	192	552	145	185
576	128	256	553	147	247
576	128	320	554	150	309
576	128	384	555	153	371
576	128	448	557	156	433
576	128	512	559	161	495
576	128	576	561	166	557
576	128	640	564	171	619
576	128	704	567	176	681
576	128	768	570	183	743
576	128	832	574	189	804
576	128	896	578	196	866
576	128	960	582	203	928
576	128	1023	587	210	989
576	192	0	552	198	11
576	192	64	552	198	63
576	192	128	552	199	124
576	192	192	553	200	186
576	192	256	553	201	248
576	192	320	555	203	310
576	192	384	556	205	371
576	192	448	558	208	433
576	192	512	560	211	495
576	192	576	562	214	557
576	192	640	565	218	619
576	192	704	568	222	681
576	192	768	571	227	743
576	192	832	575	232	805
576	192	896	579	237	866
576	192	960	583	243	928
576	192	1023	588	249	989
576	256	0	553	257	23
576	256	64	553	257	65
576	256	128	553	257	125
576	256	192	554	258	187
576	256	256	555	259	248
576	256	320	556	260	310
576	256	384	557	262	372
576	256	448	559	264	434
576	256	512	561	266	495
576	256	576	563	269	557
576	256	640	566	272	619
576	256	704	569	275	681
576	256	768	572	279	743
576	256	832	576	282	805
576	256	896	580	287	867
576	256	960	584	291	928
576	256	1023	589	296	989
576	320	0	555	317	33
576	320	64	555	317	68
576	320	128	555	317	127
576	320	192	555	318	187
576	320	256	556	318	249
576	320	320	557	319	310
576	320	384	559	321	372
576	320	448	561	322	434
576	320	512	563	324	496
576	320	576	565	326	557
576	320	640	568	328	619
576	320	704	571	331	681
576	320	768	574	334	743
576	320	832	578	337	805
576	320	896	582	341	867
576	320	960	586	344	929
576	320	1023	591	348	989
576	384	0	557	377	41
576	384	64	557	377	72
576	384	128	557	378	129
576	384	192	558	378	189
576	384	256	558	379	250
576	384	320	560	379	311
576	384	384	561	380	373
576	384	448	563	382	434
576	384	512	565	383	496
576	384	576	567	385	558
576	384	640	570	387	620
576	384	704	573	389	681
576	384	768	576	391	743
576	384	832	580	394	805
576	384	896	584	397	867
576	384	960	588	400	929
576	384	1023	592	403	990
576	448	0	559	438	49
576	448	64	559	438	77
576	448	128	560	439	131
576	448	192	560	439	190
576	448	256	561	439	251
576	448	320	562	440	312
576	448	384	563	441	373
576	448	448	565	442	435
576	448	512	567	443	496
576	448	576	570	445	558
576	448	640	572	446	620
576	448	704	575	448	682
576	448	768	579	450	743
576	448	832	582	452	805
576	448	896	586	455	867
576	448	960	590	458	929
576	448	1023	595	460	990
576	512	0	562	500	57
576	512	64	562	500	82
576	512	128	563	500	134
576	512	192	563	500	192
576	512	256	564	501	252
576	512	320	565	501	313
576	512	384	567	502	374
576	512	448	568	503	435
576	512	512	570	504	497
576	512	576	573	505	559
576	512	640	575	506	620
576	512	704	578	508	682
576	512	768	581	510	744
576	512	832	585	512	806
576	512	896	589	514	867
576	512	960	593	516	929
576	512	1023	598	519	990
576	576	0	566	561	65
576	576	64	566	561	87
576	576	128	566	561	137
576	576	192	567	562	194
576	576	256	568	562	253
576	576	320	569	562	314
576	576	384	570	563	375
576	576	448	572	564	436
576	576	512	574	565	498
576	576	576	576	566	559
576	576	640	579	567	621
576	576	704	582	568	683
576	576	768	585	570	744
576	576	832	588	572	806
576	576	896	592	573	868
576	576	960	597	575	930
576	576	1023	601	578	990
576	640	0	570	623	73
576	640	64	570	623	93
576	640	128	570	623	140
576	640	192	571	623	196
576	640	256	571	623	255
576	640	320	573	624	315
576	640	384	574	624	376
576	640	448	576	625	437
576	640	512	578	626	498
576	640	576	580	627	560
576	640	640	583	628	621
576	640	704	585	629	683
576	640	768	589	630	745
576	640	832	592	632	806
576	640	896	596	634	868
576	640	960	600	635	930
576	640	1023	605	637	991
576	704	0	574	684	80
576	704	64	574	684	99
576	704	128	575	684	144
576	704	192	575	685	199
576	704	256	576	685	257
576	704	320	577	685	317
576	704	384	578	686	377
576	704	448	580	686	438
576	704	512	582	687	499
576	704	576	584	688	561
576	704	640	587	689	622
576	704	704	590	690	684
576	704	768	593	691	745
576	704	832	596	693	807
576	704	896	600	694	869
576	704	960	604	696	930
576	704	1023	609	697	991
576	768	0	579	746	88
576	768	64	579	746	105
576	768	128	580	746	148
576	768	192	580	746	201
576	768	256	581	747	259
576	768	320	582	747	318
576	768	384	583	747	378
576	768	448	585	748	439
576	768	512	587	749	500
576	768	576	589	749	561
576	768	640	592	750	623
576	768	704	595	751	684
576	768	768	598	752	746
576	768	832	601	754	807
576	768	896	605	755	869
576	768	960	609	756	931
576	768	1023	613	758	991
576	832	0	585	808	96
576	832	64	585	808	111
576	832	128	585	808	152
576	832	192	585	808	204
576	832	256	586	808	261
576	832	320	587	809	320
576	832	384	589	809	380
576	832	448	590	809	440
576	832	512	592	810	501
576	832	576	594	811	562
576	832	640	597	812	623
576	832	704	600	812	685
576	832	768	603	813	746
576	832	832	606	815	808
576	832	896	610	816	869
576	832	960	614	817	931
576	832	1023	618	818	992
576	896	0	590	869	103
576	896	64	590	870	117
576	896	128	591	870	156
576	896	192	591	870	207
576	896	256	592	870	263
576	896	320	593	870	322
576	896	384	594	871	381
576	896	448	596	871	442
576	896	512	598	872	502
576	896	576	600	872	563
576	896	640	603	873	624
576	896	704	605	874	686
576	896	768	608	875	747
576	896	832	612	876	809
576	896	896	616	877	870
576	896	960	620	878	932
576	896	1023	624	879	992
576	960	0	597	931	111
576	960	64	597	931	124
576	960	128	597	931	161
576	960	192	597	932	211
576	960	256	598	932	266
576	960	320	599	932	324
576	960	384	601	932	383
576	960	448	602	933	443
576	960	512	604	933	503
576	960	576	606	934	564
576	960	640	609	935	625
576	960	704	611	935	686
576	960	768	615	936	748
576	960	832	618	937	809
576	960	896	622	938	871
576	960	960	626	939	932
576	960	1023	630	940	993
576	1023	0	603	992	118
576	1023	64	603	992	130
576	1023	128	604	992	166
576	1023	192	604	992	214
576	1023	256	605	993	269
576	1023	320	606	993	326
576	1023	384	607	993	385
576	1023	448	609	994	444
576	1023	512	611	994	505
576	1023	576	613	995	565
576	1023	640	615	995	626
576	1023	704	618	996	687
576	1023	768	621	997	749
576	1023	832	624	998	810
576	1023	896	628	998	871
576	1023	960	632	999	933
576	1023	1023	636	1001	993
640	0	0	611	88	0
640	0	64	611	88	59
640	0	128	612	90	122
640	0	192	612	92	185
640	0	256	613	95	247
640	0	320	614	99	309
640	0	384	615	104	371
640	0	448	617	110	433
640	0	512	619	116	495
640	0	576	621	123	557
640	0	640	623	131	619
640	0	704	626	138	681
640	0	768	629	146	742
640	0	832	632	155	804
640	0	896	636	163	866
640	0	960	639	172	928
640	0	1023	644	181	989
640	64	0	611	105	0
640	64	64	612	105	59
640	64	128	612	106	123
640	64	192	612	108	185
640	64	256	613	110	247
640	64	320	614	114	309
640	64	384	615	118	371
640	64	448	617	123	433
640	64	512	619	129	495
640	64	576	621	135	557
640	64	640	623	142	619
640	64	704	626	149	681
640	64	768	629	156	742
640	64	832	632	164	804
640	64	896	636	172	866
640	64	960	640	180	928
640	64	1023	644	188	989
640	128	0	612	148	0
640	128	64	612	148	60
640	128	128	612	149	123
640	128	192	613	150	185
640	128	256	613	152	247
640	128	320	614	154	309
640	128	384	616	157	371
640	128	448	617	161	433
640	128	512	619	165	495
640	128	576	621	169	557
640	128	640	624	174	619
640	128	704	626	180	681
640	128	768	629	186	743
640	128	832	633	192	804
640	128	896	636	199	866
640	128	960	640	206	928
640	128	1023	644	213	989
640	192	0	613	201	0
640	192	64	613	202	62
640	192	128	613	202	124
640	192	192	613	203	186
640	192	256	614	204	248
640	192	320	615	206	309
640	192	384	616	208	371
640	192	448	618	211	433
640	192	512	620	214	495
640	192	576	622	217	557
640	192	640	624	221	619
640	192	704	627	225	681
640	192	768	630	230	743
640	192	832	633	235	805
640	192	896	637	240	866
640	192	960	641	245	928
640	192	1023	645	251	989
640	256	0	614	259	21
640	256	64	614	259	64
640	256	128	614	260	125
640	256	192	614	260	186
640	256	256	615	261	248
640	256	320	616	262	310
640	256	384	617	264	372
640	256	448	619	266	433
640	256	512	621	268	495
640	256	576	623	271	557
640	256	640	625	274	619
640	256	704	628	277	681
640	256	768	631	281	743
640	256	832	634	285	805
640	256	896	638	289	867
640	256	960	642	293	928
640	256	1023	646	298	989
640	320	0	615	318	31
640	320	64	615	319	68
640	320	128	615	319	126
640	320	192	616	319	187
640	320	256	617	320	249
640	320	320	618	321	310
640	320	384	619	322	372
640	320	448	620	324	434
640	320	512	622	326	496
640	320	576	624	328	557
640	320	640	627	330	619
640	320	704	629	333	681
640	320	768	632	336	743
640	320	832	636	339	805
640	320	896	639	342	867
640	320	960	643	346	929
640	320	1023	647	350	989
640	384	0	617	379	40
640	384	64	617	379	72
640	384	128	617	379	128
640	384	192	618	379	189
640	384	256	619	380	250
640	384	320	620	381	311
640	384	384	621	382	373
640	384	448	622	383	434
640	384	512	624	385	496
640	384	576	626	386	558
640	384	640	629	388	620
640	384	704	631	390	681
640	384	768	634	393	743
640	384	832	638	395	805
640	384	896	641	398	867
640	384	960	645	401	929
640	384	1023	649	405	990
640	448	0	619	440	48
640	448	64	619	440	76
640	448	128	620	440	131
640	448	192	620	440	190
640	448	256	621	441	251
640	448	320	622	441	312
640	448	384	623	442	373
640	448	448	625	443	435
640	448	512	626	444	496
640	448	576	628	446	558
640	448	640	631	448	620
640	448	704	634	449	682
640	448	768	636	451	743
640	448	832	640	454	805
640	448	896	643	456	867
640	448	960	647	459	929
640	448	1023	651	461	990
640	512	0	622	501	57
640	512	64	622	501	81
640	512	128	622	501	133
640	512	192	623	501	192
640	512	256	624	502	252
640	512	320	625	502	313
640	512	384	626	503	374
640	512	448	627	504	435
640	512	512	629	505	497
640	512	576	631	506	559
640	512	640	633	507	620
640	512	704	636	509	682
640	512	768	639	511	744
640	512	832	642	513	806
640	512	896	646	515	867
640	512	960	650	517	929
640	512	1023	654	520	990
640	576	0	625	562	64
640	576	64	625	562	87
640	576	128	625	562	136
640	576	192	626	562	194
640	576	256	627	563	253
640	576	320	628	563	314
640	576	384	629	564	375
640	576	448	630	565	436
640	576	512	632	566	498
640	576	576	634	567	559
640	576	640	637	568	621
640	576	704	639	569	682
640	576	768	642	571	744
640	576	832	645	573	806
640	576	896	649	574	868
640	576	960	653	576	929
640	576	1023	657	578	990
640	640	0	629	623	72
640	640	64	629	623	92
640	640	128	629	624	140
640	640	192	629	624	196
640	640	256	630	624	255
640	640	320	631	625	315
640	640	384	632	625	376
640	640	448	634	626	437
640	640	512	636	627	498
640	640	576	638	628	560
640	640	640	640	629	621
640	640	704	643	630	683
640	640	768	646	631	745
640	640	832	649	633	806
640	640	896	652	634	868
640	640	960	656	636	930
640	640	1023	660	638	991
640	704	0	633	685	80
640	704	64	633	685	98
640	704	128	633	685	143
640	704	192	633	685	198
640	704	256	634	686	257
640	704	320	635	686	317
640	704	384	636	687	377
640	704	448	638	687	438
640	704	512	640	688	499
640	704	576	642	689	561
640	704	640	644	690	622
640	704	704	646	691	684
640	704	768	649	692	745
640	704	832	653	693	807
640	704	896	656	695	868
640	704	960	660	696	930
640	704	1023	664	698	991
640	768	0	637	747	88
640	768	64	637	747	104
640	768	128	637	747	147
640	768	192	638	747	201
640	768	256	639	747	259
640	768	320	639	748	318
640	768	384	641	748	378
640	768	448	642	749	439
640	768	512	644	749	500
640	768	576	646	750	561
640	768	640	648	751	623
640	768	704	651	752	684
640	768	768	654	753	746
640	768	832	657	754	807
640	768	896	660	755	869
640	768	960	664	757	931
640	768	1023	668	758	991
640	832	0	642	808	95
640	832	64	642	808	111
640	832	128	642	808	152
640	832	192	643	809	204
640	832	256	643	809	261
640	832	320	644	809	320
640	832	384	645	810	380
640	832	448	647	810	440
640	832	512	649	811	501
640	832	576	651	811	562
640	832	640	653	812	623
640	832	704	655	813	685
640	832	768	658	814	746
640	832	832	661	815	808
640	832	896	665	816	869
640	832	960	668	818	931
640	832	1023	672	819	992
640	896	0	647	870	103
640	896	64	647	870	117
640	896	128	647	870	156
640	896	192	648	870	207
640	896	256	648	870	263
640	896	320	649	871	322
640	896	384	651	871	381
640	896	448	652	872	441
640	896	512	654	872	502
640	896	576	656	873	563
640	896	640	658	874	624
640	896	704	661	874	686
640	896	768	663	875	747
640	896	832	666	876	808
640	896	896	670	877	870
640	896	960	673	879	932
640	896	1023	677	880	992
640	960	0	653	932	111
640	960	64	653	932	124
640	960	128	653	932	161
640	960	192	653	932	211
640	960	256	654	932	266
640	960	320	655	932	324
640	960	384	656	933	383
640	960	448	658	933	443
640	960	512	659	934	503
640	960	576	661	934	564
640	960	640	664	935	625
640	960	704	666	936	686
640	960	768	669	937	748
640	960	832	672	938	809
640	960	896	675	939	871
640	960	960	679	940	932
640	960	1023	683	941	993
640	1023	0	659	993	118
640	1023	64	659	993	130
640	1023	128	659	993	166
640	1023	192	659	993	214
640	1023	256	660	993	269
640	1023	320	661	993	326
640	1023	384	662	994	385
640	1023	448	664	994	444
640	1023	512	665	994	505
640	1023	576	667	995	565
640	1023	640	669	996	626
640	1023	704	672	996	687
640	1023	768	675	997	749
640	1023	832	678	998	810
640	1023	896	681	999	871
640	1023	960	684	1000	933
640	1023	1023	688	1001	993
704	0	0	672	97	0
704	0	64	673	97	58
704	0	128	673	98	122
704	0	192	673	100	185
704	0	256	674	103	247
704	0	320	675	107	309
704	0	384	676	111	371
704	0	448	677	117	433
704	0	512	679	123	495
704	0	576	681	129	557
704	0	640	683	136	619
704	0	704	685	144	681
704	0	768	688	151	742
704	0	832	691	159	804
704	0	896	694	168	866
704	0	960	698	176	928
704	0	1023	701	185	989
704	64	0	673	112	0
704	64	64	673	112	58
704	64	128	673	113	122
704	64	192	673	115	185
704	64	256	674	117	247
704	64	320	675	120	309
704	64	384	676	124	371
704	64	448	677	129	433
704	64	512	679	134	495
704	64	576	681	140	557
704	64	640	683	147	619
704	64	704	685	153	681
704	64	768	688	161	742
704	64	832	691	168	804
704	64	896	694	176	866
704	64	960	698	184	928
704	64	1023	701	192	989
704	128	0	673	153	0
704	128	64	673	153	59
704	128	128	673	153	123
704	128	192	674	155	185
704	128	256	674	156	247
704	128	320	675	159	309
704	128	384	676	162	371
704	128	448	678	165	433
704	128	512	679	169	495
704	128	576	681	174	557
704	128	640	683	178	619
704	128	704	686	184	681
704	128	768	688	190	743
704	128	832	691	196	804
704	128	896	695	202	866
704	128	960	698	209	928
704	128	1023	702	216	989
704	192	0	674	205	0
704	192	64	674	205	61
704	192	128	674	205	123
704	192	192	674	206	185
704	192	256	675	207	247
704	192	320	676	209	309
704	192	384	677	211	371
704	192	448	678	214	433
704	192	512	680	217	495
704	192	576	682	220	557
704	192	640	684	224	619
704	192	704	686	228	681
704	192	768	689	233	743
704	192	832	692	237	804
704	192	896	695	243	866
704	192	960	699	248	928
704	192	1023	702	254	989
704	256	0	675	262	18
704	256	64	675	262	64
704	256	128	675	262	125
704	256	192	675	263	186
704	256	256	676	264	248
704	256	320	677	265	310
704	256	384	678	266	372
704	256	448	679	268	433
704	256	512	681	271	495
704	256	576	683	273	557
704	256	640	685	276	619
704	256	704	687	279	681
704	256	768	690	283	743
704	256	832	693	287	805
704	256	896	696	291	866
704	256	960	700	295	928
704	256	1023	703	300	989
704	320	0	676	320	30
704	320	64	676	321	67
704	320	128	676	321	126
704	320	192	677	321	187
704	320	256	677	322	249
704	320	320	678	323	310
704	320	384	679	324	372
704	320	448	681	326	434
704	320	512	682	328	496
704	320	576	684	330	557
704	320	640	686	332	619
704	320	704	689	335	681
704	320	768	691	337	743
704	320	832	694	341	805
704	320	896	697	344	867
704	320	960	701	348	929
704	320	1023	705	352	989
704	384	0	678	380	39
704	384	64	678	380	71
704	384	128	678	381	128
704	384	192	678	381	188
704	384	256	679	382	249
704	384	320	680	382	311
704	384	384	681	383	372
704	384	448	682	385	434
704	384	512	684	386	496
704	384	576	686	388	558
704	384	640	688	390	619
704	384	704	690	392	681
704	384	768	693	394	743
704	384	832	696	397	805
704	384	896	699	400	867
704	384	960	703	403	929
704	384	1023	706	406	990
704	448	0	680	441	47
704	448	64	680	441	76
704	448	128	680	441	130
704	448	192	680	442	190
704	448	256	681	442	250
704	448	320	682	443	312
704	448	384	683	444	373
704	448	448	684	445	435
704	448	512	686	446	496
704	448	576	688	447	558
704	448	640	690	449	620
704	448	704	692	451	682
704	448	768	695	453	743
704	448	832	698	455	805
704	448	896	701	457	867
704	448	960	705	460	929
704	448	1023	708	463	990
704	512	0	682	502	56
704	512	64	682	502	81
704	512	128	682	502	133
704	512	192	683	502	192
704	512	256	683	503	252
704	512	320	684	503	313
704	512	384	685	504	374
704	512	448	687	505	435
704	512	512	688	506	497
704	512	576	690	507	559
704	512	640	692	509	620
704	512	704	695	510	682
704	512	768	697	512	744
704	512	832	700	514	806
704	512	896	703	516	867
704	512	960	707	518	929
704	512	1023	710	521	990
704	576	0	685	563	64
704	576	64	685	563	86
704	576	128	685	563	136
704	576	192	686	563	193
704	576	256	686	564	253
704	576	320	687	564	314
704	576	384	688	565	375
704	576	448	689	566	436
704	576	512	691	567	498
704	576	576	693	568	559
704	576	640	695	569	621
704	576	704	697	570	682
704	576	768	700	572	744
704	576	832	703	574	806
704	576	896	706	575	868
704	576	960	710	577	929
704	576	1023	713	579	990
704	640	0	688	624	72
704	640	64	688	624	92
704	640	128	688	624	139
704	640	192	689	625	196
704	640	256	689	625	255
704	640	320	690	625	315
704	640	384	691	626	376
704	640	448	693	627	437
704	640	512	694	628	498
704	640	576	696	628	560
704	640	640	698	630	621
704	640	704	701	631	683
704	640	768	703	632	745
704	640	832	706	634	806
704	640	896	709	635	868
704	640	960	713	637	930
704	640	1023	716	639	991
704	704	0	692	686	79
704	704	64	692	686	98
704	704	128	692	686	143
704	704	192	692	686	198
704	704	256	693	686	257
704	704	320	694	687	316
704	704	384	695	687	377
704	704	448	696	688	438
704	704	512	698	689	499
704	704	576	700	690	560
704	704	640	702	690	622
704	704	704	704	692	683
704	704	768	707	693	745
704	704	832	709	694	807
704	704	896	713	696	868
704	704	960	716	697	930
704	704	1023	720	699	991
704	768	0	695	747	87
704	768	64	696	747	104
704	768	128	696	747	147
704	768	192	696	748	201
704	768	256	697	748	259
704	768	320	698	748	318
704	768	384	699	749	378
704	768	448	700	749	439
704	768	512	702	750	500
704	768	576	703	751	561
704	768	640	706	752	623
704	768	704	708	753	684
704	768	768	710	754	746
704	768	832	713	755	807
704	768	896	716	756	869
704	768	960	720	758	931
704	768	1023	723	759	991
704	832	0	700	809	95
704	832	64	700	809	110
704	832	128	700	809	151
704	832	192	701	809	204
704	832	256	701	809	261
704	832	320	702	810	320
704	832	384	703	810	380
704	832	448	704	811	440
704	832	512	706	811	501
704	832	576	708	812	562
704	832	640	710	813	623
704	832	704	712	814	685
704	832	768	715	815	746
704	832	832	717	816	808
704	832	896	721	817	869
704	832	960	724	818	931
704	832	1023	727	820	992
704	896	0	704	871	103
704	896	64	705	871	117
704	896	128	705	871	156
704	896	192	705	871	207
704	896	256	706	871	263
704	896	320	707	871	322
704	896	384	708	872	381
704	896	448	709	872	441
704	896	512	711	873	502
704	896	576	712	873	563
704	896	640	714	874	624
704	896	704	717	875	686
704	896	768	719	876	747
704	896	832	722	877	808
704	896	896	725	878	870
704	896	960	728	879	932
704	896	1023	732	880	992
704	960	0	710	932	110
704	960	64	710	932	123
704	960	128	710	932	161
704	960	192	710	933	210
704	960	256	711	933	266
704	960	320	712	933	324
704	960	384	713	933	383
704	960	448	714	934	443
704	960	512	716	934	503
704	960	576	717	935	564
704	960	640	719	936	625
704	960	704	722	936	686
704	960	768	724	937	748
704	960	832	727	938	809
704	960	896	730	939	871
704	960	960	733	940	932
704	960	1023	737	941	993
704	1023	0	715	993	118
704	1023	64	715	993	130
704	1023	128	715	993	166
704	1023	192	716	993	214
704	1023	256	716	994	268
704	1023	320	717	994	326
704	1023	384	718	994	385
704	1023	448	719	994	444
704	1023	512	721	995	505
704	1023	576	723	996	565
704	1023	640	725	996	626
704	1023	704	727	997	687
704	1023	768	729	998	748
704	1023	832	732	998	810
704	1023	896	735	999	871
704	1023	960	738	1000	933
704	1023	1023	742	1002	993
768	0	0	734	106	0
768	0	64	734	106	57
768	0	128	734	107	122
768	0	192	734	109	184
768	0	256	735	111	247
768	0	320	736	115	309
768	0	384	737	119	371
768	0	448	738	124	433
768	0	512	739	130	495
768	0	576	741	136	557
768	0	640	743	142	619
768	0	704	745	149	680
768	0	768	748	157	742
768	0	832	750	164	804
768	0	896	753	172	866
768	0	960	756	181	928
768	0	1023	760	189	989
768	64	0	734	119	0
768	64	64	734	120	57
768	64	128	734	120	122
768	64	192	734	122	185
768	64	256	735	124	247
768	64	320	736	127	309
768	64	384	737	131	371
768	64	448	738	136	433
768	64	512	739	141	495
768	64	576	741	146	557
768	64	640	743	152	619
768	64	704	745	159	681
768	64	768	748	166	742
768	64	832	750	173	804
768	64	896	753	180	866
768	64	960	756	188	928
768	64	1023	760	196	989
768	128	0	734	158	0
768	128	64	734	158	59
768	128	128	734	159	122
768	128	192	735	160	185
768	128	256	735	161	247
768	128	320	736	164	309
768	128	384	737	167	371
768	128	448	738	170	433
768	128	512	740	174	495
768	128	576	742	178	557
768	128	640	743	183	619
768	128	704	746	188	681
768	128	768	748	194	742
768	128	832	751	200	804
768	128	896	754	206	866
768	128	960	757	213	928
768	128	1023	760	220	989
768	192	0	735	209	0
768	192	64	735	209	60
768	192	128	735	209	123
768	192	192	735	210	185
768	192	256	736	211	247
768	192	320	737	213	309
768	192	384	738	215	371
768	192	448	739	217	433
768	192	512	740	220	495
768	192	576	742	223	557
768	192	640	744	227	619
768	192	704	746	231	681
768	192	768	749	236	743
768	192	832	751	241	804
768	192	896	754	246	866
768	192	960	757	251	928
768	192	1023	761	257	989
768	256	0	735	264	15
768	256	64	736	265	63
768	256	128	736	265	124
768	256	192	736	265	186
768	256	256	737	266	248
768	256	320	738	268	310
768	256	384	739	269	371
768	256	448	740	271	433
768	256	512	741	273	495
768	256	576	743	276	557
768	256	640	745	279	619
768	256	704	747	282	681
768	256	768	749	285	743
768	256	832	752	289	805
768	256	896	755	293	866
768	256	960	758	298	928
768	256	1023	762	303	989
768	320	0	737	323	28
768	320	64	737	323	66
768	320	128	737	323	126
768	320	192	737	324	187
768	320	256	738	324	248
768	320	320	739	325	310
768	320	384	740	326	372
768	320	448	741	328	434
768	320	512	742	330	495
768	320	576	744	332	557
768	320	640	746	334	619
768	320	704	748	337	681
768	320	768	751	340	743
768	320	832	753	343	805
768	320	896	756	346	867
768	320	960	759	350	928
768	320	1023	763	354	989
768	384	0	738	382	37
768	384	64	738	382	70
768	384	128	738	382	128
768	384	192	739	383	188
768	384	256	739	383	249
768	384	320	740	384	311
768	384	384	741	385	372
768	384	448	742	386	434
768	384	512	744	388	496
768	384	576	746	390	558
768	384	640	748	392	619
768	384	704	750	394	681
768	384	768	752	396	743
768	384	832	755	399	805
768	384	896	758	402	867
768	384	960	761	405	929
768	384	1023	764	408	990
768	448	0	740	442	46
768	448	64	740	442	75
768	448	128	740	443	130
768	448	192	741	443	190
768	448	256	741	443	250
768	448	320	742	444	312
768	448	384	743	445	373
768	448	448	744	446	435
768	448	512	746	447	496
768	448	576	747	449	558
768	448	640	749	450	620
768	448	704	752	452	682
768	448	768	754	454	743
768	448	832	757	456	805
768	448	896	759	459	867
768	448	960	763	461	929
768	448	1023	766	464	990
768	512	0	742	503	55
768	512	64	742	503	80
768	512	128	742	503	133
768	512	192	743	504	191
768	512	256	743	504	252
768	512	320	744	505	313
768	512	384	745	505	374
768	512	448	746	506	435
768	512	512	748	507	497
768	512	576	750	509	559
768	512	640	752	510	620
768	512	704	754	511	682
768	512	768	756	513	744
768	512	832	759	515	806
768	512	896	762	517	867
768	512	960	765	519	929
768	512	1023	768	522	990
768	576	0	745	564	63
768	576	64	745	564	86
768	576	128	745	564	136
768	576	192	745	565	193
768	576	256	746	565	253
768	576	320	747	565	314
768	576	384	748	566	375
768	576	448	749	567	436
768	576	512	750	568	497
768	576	576	752	569	559
768	576	640	754	570	621
768	576	704	756	571	682
768	576	768	759	573	744
768	576	832	761	575	806
768	576	896	764	576	868
768	576	960	767	578	929
768	576	1023	770	581	990
768	640	0	748	625	71
768	640	64	748	625	91
768	640	128	748	625	139
768	640	192	748	626	196
768	640	256	749	626	255
768	640	320	750	626	315
768	640	384	751	627	376
768	640	448	752	628	437
768	640	512	753	629	498
768	640	576	755	629	560
768	640	640	757	631	621
768	640	704	759	632	683
768	640	768	761	633	745
768	640	832	764	635	806
768	640	896	767	636	868
768	640	960	770	638	930
768	640	1023	773	640	991
768	704	0	751	687	79
768	704	64	751	687	97
768	704	128	751	687	143
768	704	192	751	687	198
768	704	256	752	687	256
768	704	320	753	688	316
768	704	384	754	688	377
768	704	448	755	689	438
768	704	512	756	690	499
768	704	576	758	690	560
768	704	640	760	691	622
768	704	704	762	692	683
768	704	768	765	694	745
768	704	832	767	695	807
768	704	896	770	696	868
768	704	960	773	698	930
768	704	1023	776	700	991
768	768	0	754	748	87
768	768	64	754	748	103
768	768	128	755	748	147
768	768	192	755	748	201
768	768	256	756	749	258
768	768	320	756	749	318
768	768	384	757	750	378
768	768	448	759	750	439
768	768	512	760	751	500
768	768	576	762	751	561
768	768	640	764	752	623
768	768	704	766	753	684
768	768	768	768	754	746
768	768	832	771	756	807
768	768	896	773	757	869
768	768	960	776	758	931
768	768	1023	780	760	991
768	832	0	758	810	94
768	832	64	758	810	110
768	832	128	759	810	151
768	832	192	759	810	204
768	832	256	760	810	261
768	832	320	760	811	320
768	832	384	761	811	380
768	832	448	762	811	440
768	832	512	764	812	501
768	832	576	766	813	562
768	832	640	767	814	623
768	832	704	770	814	685
768	832	768	772	815	746
768	832	832	774	817	808
768	832	896	777	818	869
768	832	960	780	819	931
768	832	1023	784	820	992
768	896	0	763	871	102
768	896	64	763	871	116
768	896	128	763	871	156
768	896	192	763	872	207
768	896	256	764	872	263
768	896	320	765	872	321
768	896	384	766	872	381
768	896	448	767	873	441
768	896	512	768	873	502
768	896	576	770	874	563
768	896	640	772	875	624
768	896	704	774	876	685
768	896	768	776	877	747
768	896	832	779	878	808
768	896	896	781	879	870
768	896	960	784	880	932
768	896	1023	788	881	992
768	960	0	767	933	110
768	960	64	767	933	123
768	960	128	767	933	160
768	960	192	768	933	210
768	960	256	768	933	266
768	960	320	769	934	323
768	960	384	770	934	383
768	960	448	771	934	443
768	960	512	773	935	503
768	960	576	774	936	564
768	960	640	776	936	625
768	960	704	778	937	686
768	960	768	781	938	748
768	960	832	783	939	809
768	960	896	786	940	871
768	960	960	789	941	932
768	960	1023	792	942	993
768	1023	0	772	994	117
768	1023	64	772	994	130
768	1023	128	772	994	165
768	1023	192	773	994	214
768	1023	256	773	994	268
768	1023	320	774	994	326
768	1023	384	775	995	384
768	1023	448	776	995	444
768	1023	512	778	996	504
768	1023	576	779	996	565
768	1023	640	781	997	626
768	1023	704	783	997	687
768	1023	768	785	998	748
768	1023	832	788	999	810
768	1023	896	791	1000	871
768	1023	960	794	1001	933
768	1023	1023	797	1002	993
832	0	0	795	114	0
832	0	64	795	115	56
832	0	128	795	116	121
832	0	192	795	117	184
832	0	256	796	120	247
832	0	320	797	123	309
832	0	384	798	127	371
832	0	448	799	131	433
832	0	512	800	137	495
832	0	576	802	142	557
832	0	640	803	149	619
832	0	704	805	155	680
832	0	768	808	162	742
832	0	832	810	170	804
832	0	896	813	177	866
832	0	960	816	185	928
832	0	1023	819	194	989
832	64	0	795	127	0
832	64	64	795	127	57
832	64	128	795	128	122
832	64	192	795	130	184
832	64	256	796	132	247
832	64	320	797	135	309
832	64	384	798	138	371
832	64	448	799	142	433
832	64	512	800	147	495
832	64	576	802	152	557
832	64	640	803	158	619
832	64	704	805	164	680
832	64	768	808	171	742
832	64	832	810	178	804
832	64	896	813	185	866
832	64	960	816	193	928
832	64	1023	819	201	989
832	128	0	795	163	0
832	128	64	795	164	58
832	128	128	795	164	122
832	128	192	796	165	185
832	128	256	796	167	247
832	128	320	797	169	309
832	128	384	798	172	371
832	128	448	799	175	433
832	128	512	800	179	495
832	128	576	802	183	557
832	128	640	804	188	619
832	128	704	806	193	681
832	128	768	808	198	742
832	128	832	810	204	804
832	128	896	813	210	866
832	128	960	816	217	928
832	128	1023	819	224	989
832	192	0	796	213	0
832	192	64	796	213	59
832	192	128	796	213	123
832	192	192	796	214	185
832	192	256	797	215	247
832	192	320	798	217	309
832	192	384	798	219	371
832	192	448	800	221	433
832	192	512	801	224	495
832	192	576	802	227	557
832	192	640	804	231	619
832	192	704	806	235	681
832	192	768	808	239	743
832	192	832	811	244	804
832	192	896	814	249	866
832	192	960	816	254	928
832	192	1023	819	260	989
832	256	0	796	267	8
832	256	64	796	268	62
832	256	128	797	268	124
832	256	192	797	269	186
832	256	256	798	269	248
832	256	320	798	271	309
832	256	384	799	272	371
832	256	448	800	274	433
832	256	512	802	276	495
832	256	576	803	279	557
832	256	640	805	282	619
832	256	704	807	285	681
832	256	768	809	288	743
832	256	832	812	292	805
832	256	896	814	296	866
832	256	960	817	301	928
832	256	1023	820	305	989
832	320	0	798	325	25
832	320	64	798	325	66
832	320	128	798	325	125
832	320	192	798	326	187
832	320	256	799	327	248
832	320	320	799	328	310
832	320	384	800	329	372
832	320	448	801	330	434
832	320	512	803	332	495
832	320	576	804	334	557
832	320	640	806	336	619
832	320	704	808	339	681
832	320	768	810	342	743
832	320	832	813	345	805
832	320	896	815	348	867
832	320	960	818	352	928
832	320	1023	821	356	989
832	384	0	799	384	36
832	384	64	799	384	70
832	384	128	799	384	127
832	384	192	799	385	188
832	384	256	800	385	249
832	384	320	801	386	311
832	384	384	802	387	372
832	384	448	803	388	434
832	384	512	804	390	496
832	384	576	806	392	558
832	384	640	807	393	619
832	384	704	809	396	681
832	384	768	812	398	743
832	384	832	814	401	805
832	384	896	817	403	867
832	384	960	820	406	929
832	384	1023	823	410	990
832	448	0	801	444	45
832	448	64	801	444	74
832	448	128	801	444	130
832	448	192	801	445	189
832	448	256	802	445	250
832	448	320	802	446	311
832	448	384	803	447	373
832	448	448	804	448	435
832	448	512	806	449	496
832	448	576	807	450	558
832	448	640	809	452	620
832	448	704	811	454	682
832	448	768	813	456	743
832	448	832	816	458	805
832	448	896	818	460	867
832	448	960	821	463	929
832	448	1023	824	466	990
832	512	0	803	505	54
832	512	64	803	505	79
832	512	128	803	505	132
832	512	192	803	505	191
832	512	256	804	505	251
832	512	320	804	506	312
832	512	384	805	507	374
832	512	448	806	508	435
832	512	512	808	509	497
832	512	576	809	510	558
832	512	640	811	511	620
832	512	704	813	513	682
832	512	768	815	515	744
832	512	832	818	516	805
832	512	896	820	519	867
832	512	960	823	521	929
832	512	1023	826	523	990
832	576	0	805	565	62
832	576	64	805	565	85
832	576	128	805	566	135
832	576	192	805	566	193
832	576	256	806	566	253
832	576	320	807	567	314
832	576	384	808	567	375
832	576	448	809	568	436
832	576	512	810	569	497
832	576	576	812	570	559
832	576	640	813	571	621
832	576	704	815	573	682
832	576	768	817	574	744
832	576	832	820	576	806
832	576	896	822	578	868
832	576	960	825	580	929
832	576	1023	828	582	990
832	640	0	807	626	70
832	640	64	808	626	91
832	640	128	808	627	139
832	640	192	808	627	195
832	640	256	809	627	254
832	640	320	809	628	315
832	640	384	810	628	376
832	640	448	811	629	437
832	640	512	813	630	498
832	640	576	814	631	560
832	640	640	816	632	621
832	640	704	818	633	683
832	640	768	820	634	745
832	640	832	822	636	806
832	640	896	825	637	868
832	640	960	828	639	930
832	640	1023	831	641	991
832	704	0	810	688	78
832	704	64	810	688	97
832	704	128	811	688	143
832	704	192	811	688	198
832	704	256	812	688	256
832	704	320	812	689	316
832	704	384	813	689	377
832	704	448	814	690	438
832	704	512	816	691	499
832	704	576	817	691	560
832	704	640	819	692	622
832	704	704	821	693	683
832	704	768	823	695	745
832	704	832	825	696	807
832	704	896	828	697	868
832	704	960	831	699	930
832	704	1023	834	701	991
832	768	0	814	749	86
832	768	64	814	749	103
832	768	128	814	749	147
832	768	192	814	749	201
832	768	256	815	750	258
832	768	320	815	750	318
832	768	384	816	750	378
832	768	448	817	751	439
832	768	512	819	752	500
832	768	576	820	752	561
832	768	640	822	753	623
832	768	704	824	754	684
832	768	768	826	755	746
832	768	832	828	757	807
832	768	896	831	758	869
832	768	960	834	759	931
832	768	1023	837	761	991
832	832	0	817	810	94
832	832	64	817	811	109
832	832	128	817	811	151
832	832	192	818	811	203
832	832	256	818	811	260
832	832	320	819	811	319
832	832	384	820	812	379
832	832	448	821	812	440
832	832	512	822	813	501
832	832	576	824	814	562
832	832	640	826	814	623
832	832	704	827	815	685
832	832	768	830	816	746
832	832	832	832	817	808
832	832	896	835	819	869
832	832	960	837	820	931
832	832	1023	840	821	992
832	896	0	821	872	102
832	896	64	821	872	116
832	896	128	821	872	155
832	896	192	822	872	207
832	896	256	822	872	263
832	896	320	823	873	321
832	896	384	824	873	381
832	896	448	825	874	441
832	896	512	826	874	502
832	896	576	828	875	563
832	896	640	829	876	624
832	896	704	831	876	685
832	896	768	833	877	747
832	896	832	836	878	808
832	896	896	838	879	870
832	896	960	841	881	932
832	896	1023	844	882	992
832	960	0	825	934	109
832	960	64	825	934	123
832	960	128	826	934	160
832	960	192	826	934	210
832	960	256	827	934	265
832	960	320	827	934	323
832	960	384	828	935	383
832	960	448	829	935	443
832	960	512	830	936	503
832	960	576	832	936	564
832	960	640	834	937	625
832	960	704	836	938	686
832	960	768	838	938	748
832	960	832	840	939	809
832	960	896	843	940	871
832	960	960	845	942	932
832	960	1023	848	943	993
832	1023	0	830	994	117
832	1023	64	830	994	129
832	1023	128	830	994	165
832	1023	192	830	995	214
832	1023	256	831	995	268
832	1023	320	832	995	325
832	1023	384	833	995	384
832	1023	448	834	996	444
832	1023	512	835	996	504
832	1023	576	836	997	565
832	1023	640	838	997	626
832	1023	704	840	998	687
832	1023	768	842	999	748
832	1023	832	844	1000	810
832	1023	896	847	1001	871
832	1023	960	850	1002	933
832	1023	1023	853	1003	993
896	0	0	856	123	0
896	0	64	856	123	55
896	0	128	856	124	121
896	0	192	856	126	184
896	0	256	857	128	246
896	0	320	858	131	309
896	0	384	858	135	371
896	0	448	859	139	433
896	0	512	861	144	495
896	0	576	862	149	557
896	0	640	864	155	618
896	0	704	866	161	680
896	0	768	868	168	742
896	0	832	870	175	804
896	0	896	872	183	866
896	0	960	875	191	928
896	0	1023	878	198	989
896	64	0	856	135	0
896	64	64	856	135	55
896	64	128	856	136	121
896	64	192	856	137	184
896	64	256	857	139	246
896	64	320	858	142	309
896	64	384	858	145	371
896	64	448	860	149	433
896	64	512	861	154	495
896	64	576	862	159	557
896	64	640	864	164	618
896	64	704	866	170	680
896	64	768	868	177	742
896	64	832	870	183	804
896	64	896	872	190	866
896	64	960	875	198	928
896	64	1023	878	205	989
896	128	0	856	169	0
896	128	64	856	169	57
896	128	128	856	170	122
896	128	192	857	171	184
896	128	256	857	173	247
896	128	320	858	175	309
896	128	384	859	177	371
896	128	448	860	180	433
896	128	512	861	184	495
896	128	576	862	188	557
896	128	640	864	193	619
896	128	704	866	198	680
896	128	768	868	203	742
896	128	832	870	209	804
896	128	896	873	215	866
896	128	960	875	221	928
896	128	1023	878	228	989
896	192	0	857	217	0
896	192	64	857	217	58
896	192	128	857	217	122
896	192	192	857	218	185
896	192	256	858	219	247
896	192	320	858	221	309
896	192	384	859	223	371
896	192	448	860	225	433
896	192	512	862	228	495
896	192	576	863	231	557
896	192	640	865	235	619
896	192	704	866	239	681
896	192	768	868	243	742
896	192	832	871	248	804
896	192	896	873	253	866
896	192	960	876	258	928
896	192	1023	879	263	989
896	256	0	857	271	0
896	256	64	857	271	61
896	256	128	858	271	123
896	256	192	858	272	185
896	256	256	858	273	247
896	256	320	859	274	309
896	256	384	860	275	371
896	256	448	861	277	433
896	256	512	862	279	495
896	256	576	864	282	557
896	256	640	865	285	619
896	256	704	867	288	681
896	256	768	869	291	743
896	256	832	871	295	804
896	256	896	874	299	866
896	256	960	876	303	928
896	256	1023	879	308	989
896	320	0	858	328	22
896	320	64	858	328	65
896	320	128	859	328	125
896	320	192	859	329	186
896	320	256	859	329	248
896	320	320	860	330	310
896	320	384	861	331	372
896	320	448	862	333	433
896	320	512	863	335	495
896	320	576	865	337	557
896	320	640	866	339	619
896	320	704	868	341	681
896	320	768	870	344	743
896	320	832	872	347	805
896	320	896	875	351	867
896	320	960	877	354	928
896	320	1023	880	358	989
896	384	0	860	386	34
896	384	64	860	386	69
896	384	128	860	387	127
896	384	192	860	387	188
896	384	256	861	388	249
896	384	320	861	388	311
896	384	384	862	389	372
896	384	448	863	391	434
896	384	512	864	392	496
896	384	576	866	394	558
896	384	640	868	396	619
896	384	704	869	398	681
896	384	768	871	400	743
896	384	832	874	403	805
896	384	896	876	405	867
896	384	960	879	408	929
896	384	1023	881	412	989
896	448	0	861	446	44
896	448	64	861	446	74
896	448	128	861	446	129
896	448	192	862	446	189
896	448	256	862	447	250
896	448	320	863	448	311
896	448	384	864	448	373
896	448	448	865	449	434
896	448	512	866	451	496
896	448	576	867	452	558
896	448	640	869	454	620
896	448	704	871	456	681
896	448	768	873	457	743
896	448	832	875	460	805
896	448	896	877	462	867
896	448	960	880	465	929
896	448	1023	883	467	990
896	512	0	863	506	53
896	512	64	863	506	79
896	512	128	863	506	132
896	512	192	864	507	191
896	512	256	864	507	251
896	512	320	865	508	312
896	512	384	866	508	374
896	512	448	867	509	435
896	512	512	868	510	497
896	512	576	869	511	558
896	512	640	871	513	620
896	512	704	873	514	682
896	512	768	875	516	744
896	512	832	877	518	805
896	512	896	879	520	867
896	512	960	882	522	929
896	512	1023	885	525	990
896	576	0	865	567	61
896	576	64	865	567	84
896	576	128	865	567	135
896	576	192	866	567	193
896	576	256	866	568	253
896	576	320	867	568	313
896	576	384	868	569	374
896	576	448	869	569	436
896	576	512	870	570	497
896	576	576	871	571	559
896	576	640	873	573	621
896	576	704	875	574	682
896	576	768	877	575	744
896	576	832	879	577	806
896	576	896	881	579	868
896	576	960	884	581	929
896	576	1023	887	583	990
896	640	0	868	628	69
896	640	64	868	628	90
896	640	128	868	628	138
896	640	192	868	628	195
896	640	256	869	628	254
896	640	320	869	629	315
896	640	384	870	629	376
896	640	448	871	630	437
896	640	512	872	631	498
896	640	576	874	632	560
896	640	640	875	633	621
896	640	704	877	634	683
896	640	768	879	635	744
896	640	832	881	637	806
896	640	896	884	638	868
896	640	960	886	640	930
896	640	1023	889	642	991
896	704	0	870	689	78
896	704	64	870	689	96
896	704	128	870	689	142
896	704	192	871	689	198
896	704	256	871	689	256
896	704	320	872	690	316
896	704	384	873	690	377
896	704	448	874	691	438
896	704	512	875	692	499
896	704	576	876	692	560
896	704	640	878	693	622
896	704	704	880	694	683
896	704	768	882	696	745
896	704	832	884	697	807
896	704	896	886	698	868
896	704	960	889	700	930
896	704	1023	892	702	991
896	768	0	873	750	85
896	768	64	873	750	102
896	768	128	873	750	146
896	768	192	874	750	200
896	768	256	874	751	258
896	768	320	875	751	318
896	768	384	876	751	378
896	768	448	877	752	439
896	768	512	878	753	500
896	768	576	879	753	561
896	768	640	881	754	622
896	768	704	883	755	684
896	768	768	885	756	746
896	768	832	887	757	807
896	768	896	889	759	869
896	768	960	892	760	931
896	768	1023	895	762	991
896	832	0	877	811	93
896	832	64	877	811	109
896	832	128	877	811	150
896	832	192	877	812	203
896	832	256	878	812	260
896	832	320	878	812	319
896	832	384	879	813	379
896	832	448	880	813	440
896	832	512	881	814	501
896	832	576	883	814	562
896	832	640	884	815	623
896	832	704	886	816	685
896	832	768	888	817	746
896	832	832	890	818	808
896	832	896	892	819	869
896	832	960	895	821	931
896	832	1023	898	822	992
896	896	0	880	873	101
896	896	64	880	873	116
896	896	128	880	873	155
896	896	192	881	873	206
896	896	256	881	873	263
896	896	320	882	874	321
896	896	384	883	874	381
896	896	448	884	874	441
896	896	512	885	875	502
896	896	576	886	876	563
896	896	640	888	876	624
896	896	704	890	877	685
896	896	768	891	878	747
896	896	832	894	879	808
896	896	896	896	880	870
896	896	960	899	881	931
896	896	1023	901	883	992
896	960	0	884	934	109
896	960	64	884	934	122
896	960	128	884	934	160
896	960	192	885	935	210
896	960	256	885	935	265
896	960	320	886	935	323
896	960	384	886	935	382
896	960	448	887	936	443
896	960	512	889	936	503
896	960	576	890	937	564
896	960	640	892	938	625
896	960	704	893	938	686
896	960	768	895	939	748
896	960	832	897	940	809
896	960	896	900	941	871
896	960	960	902	942	932
896	960	1023	905	943	993
896	1023	0	888	995	116
896	1023	64	888	995	129
896	1023	128	888	995	165
896	1023	192	889	995	213
896	1023	256	889	995	268
896	1023	320	890	996	325
896	1023	384	891	996	384
896	1023	448	892	996	444
896	1023	512	893	997	504
896	1023	576	894	997	565
896	1023	640	896	998	626
896	1023	704	897	999	687
896	1023	768	899	999	748
896	1023	832	902	1000	810
896	1023	896	904	1001	871
896	1023	960	906	1002	933
896	1023	1023	909	1003	993
960	0	0	917	132	0
960	0	64	917	132	54
960	0	128	917	133	121
960	0	192	917	134	184
960	0	256	918	136	246
960	0	320	919	139	308
960	0	384	919	143	370
960	0	448	920	147	432
960	0	512	921	151	494
960	0	576	923	156	556
960	0	640	924	162	618
960	0	704	926	168	680
960	0	768	928	174	742
960	0	832	930	181	804
960	0	896	932	188	866
960	0	960	935	196	928
960	0	1023	937	203	989
960	64	0	917	143	0
960	64	64	917	143	54
960	64	128	917	144	121
960	64	192	918	145	184
960	64	256	918	147	246
960	64	320	919	149	308
960	64	384	919	152	370
960	64	448	920	156	433
960	64	512	922	160	495
960	64	576	923	165	556
960	64	640	924	171	618
960	64	704	926	176	680
960	64	768	928	182	742
960	64	832	930	189	804
960	64	896	932	196	866
960	64	960	935	203	928
960	64	1023	937	210	989
960	128	0	917	175	0
960	128	64	917	176	55
960	128	128	918	176	121
960	128	192	918	177	184
960	128	256	918	179	246
960	128	320	919	181	309
960	128	384	920	183	371
960	128	448	921	186	433
960	128	512	922	190	495
960	128	576	923	194	557
960	128	640	925	198	618
960	128	704	926	203	680
960	128	768	928	208	742
960	128	832	930	213	804
960	128	896	932	219	866
960	128	960	935	226	928
960	128	1023	937	232	989
960	192	0	918	222	0
960	192	64	918	222	57
960	192	128	918	222	122
960	192	192	918	223	184
960	192	256	919	224	247
960	192	320	919	225	309
960	192	384	920	227	371
960	192	448	921	230	433
960	192	512	922	232	495
960	192	576	924	235	557
960	192	640	925	239	619
960	192	704	927	243	681
960	192	768	929	247	742
960	192	832	931	252	804
960	192	896	933	256	866
960	192	960	935	262	928
960	192	1023	938	267	989
960	256	0	918	274	0
960	256	64	918	274	60
960	256	128	919	275	123
960	256	192	919	275	185
960	256	256	919	276	247
960	256	320	920	277	309
960	256	384	921	279	371
960	256	448	922	281	433
960	256	512	923	283	495
960	256	576	924	285	557
960	256	640	926	288	619
960	256	704	927	291	681
960	256	768	929	295	743
960	256	832	931	298	804
960	256	896	934	302	866
960	256	960	936	307	928
960	256	1023	939	311	989
960	320	0	919	331	18
960	320	64	919	331	64
960	320	128	920	331	125
960	320	192	920	331	186
960	320	256	920	332	248
960	320	320	921	333	310
960	320	384	922	334	372
960	320	448	923	336	433
960	320	512	924	337	495
960	320	576	925	339	557
960	320	640	927	342	619
960	320	704	928	344	681
960	320	768	930	347	743
960	320	832	932	350	805
960	320	896	934	353	866
960	320	960	937	357	928
960	320	1023	939	361	989
960	384	0	920	389	32
960	384	64	921	389	68
960	384	128	921	389	127
960	384	192	921	389	187
960	384	256	921	390	249
960	384	320	922	391	310
960	384	384	923	392	372
960	384	448	924	393	434
960	384	512	925	394	496
960	384	576	926	396	557
960	384	640	928	398	619
960	384	704	929	400	681
960	384	768	931	402	743
960	384	832	933	405	805
960	384	896	936	408	867
960	384	960	938	411	929
960	384	1023	941	414	989
960	448	0	922	448	42
960	448	64	922	448	73
960	448	128	922	448	129
960	448	192	922	448	189
960	448	256	923	449	250
960	448	320	923	450	311
960	448	384	924	450	373
960	448	448	925	451	434
960	448	512	926	453	496
960	448	576	928	454	558
960	448	640	929	456	620
960	448	704	931	457	681
960	448	768	933	459	743
960	448	832	935	462	805
960	448	896	937	464	867
960	448	960	939	467	929
960	448	1023	942	469	990
960	512	0	924	508	51
960	512	64	924	508	78
960	512	128	924	508	132
960	512	192	924	508	191
960	512	256	925	509	251
960	512	320	925	509	312
960	512	384	926	510	373
960	512	448	927	511	435
960	512	512	928	512	497
960	512	576	929	513	558
960	512	640	931	514	620
960	512	704	932	516	682
960	512	768	934	518	744
960	512	832	936	520	805
960	512	896	939	522	867
960	512	960	941	524	929
960	512	1023	944	526	990
960	576	0	926	568	60
960	576	64	926	568	84
960	576	128	926	568	135
960	576	192	926	569	193
960	576	256	926	569	252
960	576	320	927	569	313
960	576	384	928	570	374
960	576	448	929	571	436
960	576	512	930	572	497
960	576	576	931	573	559
960	576	640	933	574	621
960	576	704	934	575	682
960	576	768	936	577	744
960	576	832	938	579	806
960	576	896	940	580	868
960	576	960	943	582	929
960	576	1023	946	584	990
960	640	0	928	629	69
960	640	64	928	629	89
960	640	128	928	629	138
960	640	192	928	629	195
960	640	256	929	630	254
960	640	320	929	630	314
960	640	384	930	631	375
960	640	448	931	631	437
960	640	512	932	632	498
960	640	576	933	633	559
960	640	640	935	634	621
960	640	704	937	635	683
960	640	768	938	637	744
960	640	832	940	638	806
960	640	896	943	640	868
960	640	960	945	642	930
960	640	1023	948	643	990
960	704	0	930	690	77
960	704	64	930	690	96
960	704	128	930	690	142
960	704	192	931	690	197
960	704	256	931	691	256
960	704	320	932	691	316
960	704	384	933	691	377
960	704	448	933	692	438
960	704	512	935	693	499
960	704	576	936	694	560
960	704	640	937	695	622
960	704	704	939	696	683
960	704	768	941	697	745
960	704	832	943	698	807
960	704	896	945	700	868
960	704	960	948	701	930
960	704	1023	950	703	991
960	768	0	933	751	85
960	768	64	933	751	102
960	768	128	933	751	146
960	768	192	934	751	200
960	768	256	934	752	258
960	768	320	935	752	317
960	768	384	935	752	378
960	768	448	936	753	439
960	768	512	937	754	500
960	768	576	939	754	561
960	768	640	940	755	622
960	768	704	942	756	684
960	768	768	944	757	745
960	768	832	946	759	807
960	768	896	948	760	869
960	768	960	950	761	930
960	768	1023	953	763	991
960	832	0	936	812	93
960	832	64	936	812	108
960	832	128	936	812	150
960	832	192	937	813	203
960	832	256	937	813	260
960	832	320	938	813	319
960	832	384	938	814	379
960	832	448	939	814	440
960	832	512	940	815	501
960	832	576	942	815	562
960	832	640	943	816	623
960	832	704	945	817	685
960	832	768	947	818	746
960	832	832	949	819	808
960	832	896	951	820	869
960	832	960	953	822	931
960	832	1023	956	823	992
960	896	0	939	874	101
960	896	64	939	874	115
960	896	128	940	874	155
960	896	192	940	874	206
960	896	256	940	874	263
960	896	320	941	874	321
960	896	384	942	875	381
960	896	448	943	875	441
960	896	512	944	876	502
960	896	576	945	876	563
960	896	640	946	877	624
960	896	704	948	878	685
960	896	768	950	879	747
960	896	832	952	880	808
960	896	896	954	881	870
960	896	960	956	882	931
960	896	1023	959	884	992
960	960	0	943	935	108
960	960	64	943	935	122
960	960	128	943	935	159
960	960	192	943	935	210
960	960	256	944	936	265
960	960	320	945	936	323
960	960	384	945	936	382
960	960	448	946	937	442
960	960	512	947	937	503
960	960	576	949	938	564
960	960	640	950	938	625
960	960	704	952	939	686
960	960	768	953	940	748
960	960	832	955	941	809
960	960	896	958	942	870
960	960	960	960	943	932
960	960	1023	963	944	993
960	1023	0	947	996	116
960	1023	64	947	996	128
960	1023	128	947	996	164
960	1023	192	947	996	213
960	1023	256	948	996	268
960	1023	320	948	996	325
960	1023	384	949	997	384
960	1023	448	950	997	444
960	1023	512	951	998	504
960	1023	576	952	998	565
960	1023	640	954	999	626
960	1023	704	955	999	687
960	1023	768	957	1000	748
960	1023	832	959	1001	810
960	1023	896	961	1002	871
960	1023	960	964	1003	933
960	1023	1023	966	1004	993
1023	0	0	977	141	0
1023	0	64	977	141	53
1023	0	128	977	142	120
1023	0	192	978	143	183
1023	0	256	978	145	246
1023	0	320	979	147	308
1023	0	384	979	151	370
1023	0	448	980	154	432
1023	0	512	981	159	494
1023	0	576	982	163	556
1023	0	640	984	169	618
1023	0	704	985	175	680
1023	0	768	987	181	742
1023	0	832	989	187	804
1023	0	896	991	194	866
1023	0	960	993	201	928
1023	0	1023	996	209	989
1023	64	0	977	151	0
1023	64	64	977	151	53
1023	64	128	977	152	120
1023	64	192	978	153	183
1023	64	256	978	155	246
1023	64	320	979	157	308
1023	64	384	979	160	370
1023	64	448	980	163	432
1023	64	512	981	167	494
1023	64	576	983	172	556
1023	64	640	984	177	618
1023	64	704	986	182	680
1023	64	768	987	188	742
1023	64	832	989	195	804
1023	64	896	991	201	866
1023	64	960	994	208	928
1023	64	1023	996	215	989
1023	128	0	977	182	0
1023	128	64	977	182	54
1023	128	128	978	182	121
1023	128	192	978	183	184
1023	128	256	978	185	246
1023	128	320	979	187	308
1023	128	384	980	189	370
1023	128	448	981	192	433
1023	128	512	982	195	494
1023	128	576	983	199	556
1023	128	640	984	203	618
1023	128	704	986	208	680
1023	128	768	987	213	742
1023	128	832	989	218	804
1023	128	896	991	224	866
1023	128	960	994	230	928
1023	128	1023	996	237	989
1023	192	0	978	226	0
1023	192	64	978	226	56
1023	192	128	978	227	121
1023	192	192	978	228	184
1023	192	256	979	229	247
1023	192	320	979	230	309
1023	192	384	980	232	371
1023	192	448	981	234	433
1023	192	512	982	237	495
1023	192	576	983	240	557
1023	192	640	985	243	619
1023	192	704	986	247	680
1023	192	768	988	251	742
1023	192	832	990	256	804
1023	192	896	992	260	866
1023	192	960	994	266	928
1023	192	1023	997	271	989
1023	256	0	978	278	0
1023	256	64	979	278	59
1023	256	128	979	278	123
1023	256	192	979	279	185
1023	256	256	979	280	247
1023	256	320	980	281	309
1023	256	384	981	283	371
1023	256	448	982	284	433
1023	256	512	983	286	495
1023	256	576	984	289	557
1023	256	640	985	292	619
1023	256	704	987	295	681
1023	256	768	989	298	742
1023	256	832	990	302	804
1023	256	896	993	306	866
1023	256	960	995	310	928
1023	256	1023	997	314	989
1023	320	0	979	334	12
1023	320	64	979	334	63
1023	320	128	980	334	124
1023	320	192	980	334	186
1023	320	256	980	335	248
1023	320	320	981	336	310
1023	320	384	982	337	371
1023	320	448	982	339	433
1023	320	512	983	340	495
1023	320	576	985	342	557
1023	320	640	986	344	619
1023	320	704	988	347	681
1023	320	768	989	350	743
1023	320	832	991	353	805
1023	320	896	993	356	866
1023	320	960	996	360	928
1023	320	1023	998	363	989
1023	384	0	980	391	29
1023	384	64	980	391	67
1023	384	128	981	391	126
1023	384	192	981	392	187
1023	384	256	981	392	249
1023	384	320	982	393	310
1023	384	384	983	394	372
1023	384	448	983	395	434
1023	384	512	985	397	496
1023	384	576	986	398	557
1023	384	640	987	400	619
1023	384	704	989	402	681
1023	384	768	990	405	743
1023	384	832	992	407	805
1023	384	896	994	410	867
1023	384	960	997	413	928
1023	384	1023	999	416	989
1023	448	0	982	450	40
1023	448	64	982	450	72
1023	448	128	982	450	128
1023	448	192	982	450	189
1023	448	256	983	451	250
1023	448	320	983	452	311
1023	448	384	984	452	373
1023	448	448	985	453	434
1023	448	512	986	455	496
1023	448	576	987	456	558
1023	448	640	988	458	620
1023	448	704	990	459	681
1023	448	768	992	461	743
1023	448	832	994	464	805
1023	448	896	996	466	867
1023	448	960	998	469	929
1023	448	1023	1000	471	990
1023	512	0	983	510	50
1023	512	64	983	510	77
1023	512	128	983	510	131
1023	512	192	984	510	190
1023	512	256	984	510	251
1023	512	320	985	511	312
1023	512	384	985	512	373
1023	512	448	986	513	435
1023	512	512	987	514	497
1023	512	576	989	515	558
1023	512	640	990	516	620
1023	512	704	992	518	682
1023	512	768	993	519	744
1023	512	832	995	521	805
1023	512	896	997	523	867
1023	512	960	999	526	929
1023	512	1023	1002	528	990
1023	576	0	985	570	59
1023	576	64	985	570	83
1023	576	128	985	570	134
1023	576	192	986	570	192
1023	576	256	986	571	252
1023	576	320	987	571	313
1023	576	384	987	572	374
1023	576	448	988	572	436
1023	576	512	989	573	497
1023	576	576	990	574	559
1023	576	640	992	576	620
1023	576	704	993	577	682
1023	576	768	995	578	744
1023	576	832	997	580	806
1023	576	896	999	582	867
1023	576	960	1001	584	929
1023	576	1023	1004	586	990
1023	640	0	987	630	68
1023	640	64	987	630	89
1023	640	128	987	630	138
1023	640	192	988	631	195
1023	640	256	988	631	254
1023	640	320	989	631	314
1023	640	384	989	632	375
1023	640	448	990	633	436
1023	640	512	991	633	498
1023	640	576	992	634	559
1023	640	640	994	635	621
1023	640	704	995	637	683
1023	640	768	997	638	744
1023	640	832	999	639	806
1023	640	896	1001	641	868
1023	640	960	1003	643	930
1023	640	1023	1006	645	990
1023	704	0	989	691	76
1023	704	64	989	691	95
1023	704	128	990	691	141
1023	704	192	990	691	197
1023	704	256	990	692	256
1023	704	320	991	692	316
1023	704	384	992	693	376
1023	704	448	992	693	437
1023	704	512	994	694	499
1023	704	576	995	695	560
1023	704	640	996	696	622
1023	704	704	998	697	683
1023	704	768	999	698	745
1023	704	832	1001	699	807
1023	704	896	1003	701	868
1023	704	960	1006	702	930
1023	704	1023	1008	704	991
1023	768	0	992	752	84
1023	768	64	992	752	101
1023	768	128	992	752	145
1023	768	192	992	752	200
1023	768	256	993	753	258
1023	768	320	993	753	317
1023	768	384	994	754	378
1023	768	448	995	754	438
1023	768	512	996	755	500
1023	768	576	997	755	561
1023	768	640	999	756	622
1023	768	704	1000	757	684
1023	768	768	1002	758	745
1023	768	832	1004	760	807
1023	768	896	1006	761	869
1023	768	960	1008	762	930
1023	768	1023	1010	764	991
1023	832	0	995	813	92
1023	832	64	995	813	108
1023	832	128	995	813	150
1023	832	192	995	814	203
1023	832	256	996	814	260
1023	832	320	996	814	319
1023	832	384	997	815	379
1023	832	448	998	815	440
1023	832	512	999	816	501
1023	832	576	1000	816	562
1023	832	640	1001	817	623
1023	832	704	1003	818	685
1023	832	768	1005	819	746
1023	832	832	1007	820	808
1023	832	896	1009	821	869
1023	832	960	1011	823	931
1023	832	1023	1013	824	992
1023	896	0	998	875	100
1023	896	64	998	875	114
1023	896	128	998	875	154
1023	896	192	998	875	206
1023	896	256	999	875	262
1023	896	320	999	875	321
1023	896	384	1000	876	381
1023	896	448	1001	876	441
1023	896	512	1002	877	502
1023	896	576	1003	877	563
1023	896	640	1005	878	624
1023	896	704	1006	879	685
1023	896	768	1008	880	747
1023	896	832	1010	881	808
1023	896	896	1012	882	870
1023	896	960	1014	883	931
1023	896	1023	1016	884	992
1023	960	0	1001	936	108
1023	960	64	1001	936	121
1023	960	128	1001	936	159
1023	960	192	1002	936	209
1023	960	256	1002	936	265
1023	960	320	1003	937	323
1023	960	384	1003	937	382
1023	960	448	1004	938	442
1023	960	512	1005	938	503
1023	960	576	1006	939	564
1023	960	640	1008	939	625
1023	960	704	1009	940	686
1023	960	768	1011	941	747
1023	960	832	1013	942	809
1023	960	896	1015	943	870
1023	960	960	1017	944	932
1023	960	1023	1020	945	993
1023	1023	0	1005	997	115
1023	1023	64	1005	997	128
1023	1023	128	1005	997	164
1023	1023	192	1005	997	213
1023	1023	256	1006	997	268
1023	1023	320	1006	997	325
1023	1023	384	1007	998	384
1023	1023	448	1008	998	444
1023	1023	512	1009	998	504
1023	1023	576	1010	999	565
1023	1023	640	1011	1000	626
1023	1023	704	1013	1000	687
1023	1023	768	1015	1001	748
1023	1023	832	1016	1002	810
1023	1023	896	1018	1003	871
1023	1023	960	1021	1004	933
1023	1023	1023	1023	1005	993
