0	0	0	0	0	0
0	0	64	14	10	61
0	0	128	29	20	123
0	0	192	43	30	184
0	0	256	58	40	245
0	0	320	72	51	307
0	0	384	87	61	368
0	0	448	101	71	429
0	0	512	116	81	491
0	0	576	130	91	552
0	0	640	144	101	613
0	0	704	159	111	675
0	0	768	173	121	736
0	0	832	188	131	797
0	0	896	202	141	859
0	0	960	217	152	920
0	0	1023	231	162	980
0	64	0	17	61	7
0	64	64	22	61	62
0	64	128	33	63	123
0	64	192	46	66	184
0	64	256	60	71	245
0	64	320	74	77	307
0	64	384	88	83	368
0	64	448	102	90	429
0	64	512	116	98	491
0	64	576	131	106	552
0	64	640	145	115	613
0	64	704	159	124	675
0	64	768	174	133	736
0	64	832	188	142	797
0	64	896	203	151	859
0	64	960	217	160	920
0	64	1023	231	170	980
0	128	0	34	122	15
0	128	64	36	122	63
0	128	128	43	123	123
0	128	192	54	124	184
0	128	256	65	126	246
0	128	320	78	129	307
0	128	384	92	133	368
0	128	448	105	137	429
0	128	512	119	142	491
0	128	576	133	147	552
0	128	640	147	153	613
0	128	704	161	160	675
0	128	768	176	166	736
0	128	832	190	173	797
0	128	896	204	181	859
0	128	960	218	188	920
0	128	1023	232	196	980
0	192	0	51	182	22
0	192	64	53	183	64
0	192	128	58	183	124
0	192	192	65	184	185
0	192	256	75	185	246
0	192	320	86	187	307
0	192	384	98	190	368
0	192	448	111	192	430
0	192	512	124	196	491
0	192	576	137	199	552
0	192	640	151	203	613
0	192	704	165	208	675
0	192	768	179	213	736
0	192	832	193	218	797
0	192	896	207	224	859
0	192	960	221	230	920
0	192	1023	235	236	980
0	256	0	68	243	29
0	256	64	69	243	67
0	256	128	73	244	125
0	256	192	79	244	185
0	256	256	87	245	246
0	256	320	96	247	307
0	256	384	107	248	369
0	256	448	119	250	430
0	256	512	131	253	491
0	256	576	144	255	552
0	256	640	157	259	614
0	256	704	170	262	675
0	256	768	183	266	736
0	256	832	197	270	798
0	256	896	211	274	859
0	256	960	224	279	920
0	256	1023	238	284	981
0	320	0	86	304	37
0	320	64	86	304	70
0	320	128	89	304	126
0	320	192	94	305	186
0	320	256	100	306	247
0	320	320	109	307	308
0	320	384	118	308	369
0	320	448	128	309	430
0	320	512	140	311	491
0	320	576	151	313	553
0	320	640	164	316	614
0	320	704	176	319	675
0	320	768	189	322	736
0	320	832	202	325	798
0	320	896	216	328	859
0	320	960	229	332	920
0	320	1023	242	336	981
0	384	0	103	365	44
0	384	64	103	365	73
0	384	128	106	365	128
0	384	192	109	365	188
0	384	256	115	366	248
0	384	320	122	367	309
0	384	384	130	368	370
0	384	448	140	369	431
0	384	512	150	371	492
0	384	576	161	372	553
0	384	640	172	374	614
0	384	704	184	377	675
0	384	768	196	379	737
0	384	832	209	382	798
0	384	896	222	385	859
0	384	960	235	388	920
0	384	1023	248	391	981
0	448	0	120	426	51
0	448	64	120	426	78
0	448	128	122	426	131
0	448	192	126	426	189
0	448	256	130	427	249
0	448	320	136	427	309
0	448	384	144	428	370
0	448	448	152	429	431
0	448	512	161	430	492
0	448	576	171	432	553
0	448	640	182	434	614
0	448	704	193	435	676
0	448	768	205	438	737
0	448	832	217	440	798
0	448	896	229	442	859
0	448	960	242	445	921
0	448	1023	254	448	981
0	512	0	137	486	59
0	512	64	137	486	82
0	512	128	139	487	133
0	512	192	142	487	191
0	512	256	146	487	250
0	512	320	151	488	310
0	512	384	158	489	371
0	512	448	165	489	432
0	512	512	174	491	493
0	512	576	183	492	554
0	512	640	193	493	615
0	512	704	203	495	676
0	512	768	214	497	737
0	512	832	226	499	798
0	512	896	238	501	860
0	512	960	250	503	921
0	512	1023	262	505	981
0	576	0	154	547	66
0	576	64	154	547	87
0	576	128	156	547	136
0	576	192	158	548	193
0	576	256	162	548	251
0	576	320	167	548	311
0	576	384	173	549	372
0	576	448	179	550	432
0	576	512	187	551	493
0	576	576	196	552	554
0	576	640	205	553	615
0	576	704	214	554	676
0	576	768	225	556	738
0	576	832	236	558	799
0	576	896	247	560	860
0	576	960	258	562	921
0	576	1023	270	564	982
0	640	0	171	608	73
0	640	64	172	608	93
0	640	128	173	608	139
0	640	192	175	608	195
0	640	256	178	609	253
0	640	320	182	609	313
0	640	384	188	610	373
0	640	448	194	610	433
0	640	512	201	611	494
0	640	576	209	612	555
0	640	640	217	613	616
0	640	704	226	614	677
0	640	768	236	616	738
0	640	832	246	617	799
0	640	896	257	619	860
0	640	960	268	621	922
0	640	1023	279	623	982
0	704	0	188	669	81
0	704	64	189	669	98
0	704	128	190	669	143
0	704	192	192	669	197
0	704	256	195	669	255
0	704	320	198	670	314
0	704	384	203	670	374
0	704	448	209	671	434
0	704	512	215	672	495
0	704	576	222	672	556
0	704	640	230	673	617
0	704	704	239	675	677
0	704	768	248	676	739
0	704	832	258	677	800
0	704	896	268	679	861
0	704	960	278	680	922
0	704	1023	289	682	982
0	768	0	205	729	88
0	768	64	206	729	104
0	768	128	207	730	147
0	768	192	208	730	200
0	768	256	211	730	257
0	768	320	215	730	315
0	768	384	219	731	375
0	768	448	224	731	435
0	768	512	230	732	496
0	768	576	237	733	556
0	768	640	244	734	617
0	768	704	252	735	678
0	768	768	261	736	739
0	768	832	270	737	800
0	768	896	279	738	861
0	768	960	289	740	922
0	768	1023	300	741	983
0	832	0	223	790	95
0	832	64	223	790	110
0	832	128	224	790	151
0	832	192	225	791	203
0	832	256	228	791	259
0	832	320	231	791	317
0	832	384	235	792	376
0	832	448	240	792	436
0	832	512	245	793	497
0	832	576	251	793	557
0	832	640	258	794	618
0	832	704	266	795	679
0	832	768	274	796	740
0	832	832	282	797	801
0	832	896	291	798	862
0	832	960	301	800	923
0	832	1023	311	801	983
0	896	0	240	851	103
0	896	64	240	851	116
0	896	128	241	851	155
0	896	192	242	851	206
0	896	256	244	852	261
0	896	320	247	852	319
0	896	384	251	852	378
0	896	448	255	853	438
0	896	512	261	853	498
0	896	576	266	854	558
0	896	640	273	855	619
0	896	704	280	855	679
0	896	768	287	856	740
0	896	832	296	857	801
0	896	896	304	858	862
0	896	960	313	860	923
0	896	1023	323	861	983
0	960	0	257	912	110
0	960	64	257	912	123
0	960	128	258	912	160
0	960	192	259	912	209
0	960	256	261	912	264
0	960	320	264	913	321
0	960	384	267	913	379
0	960	448	271	913	439
0	960	512	276	914	499
0	960	576	282	914	559
0	960	640	288	915	620
0	960	704	294	916	680
0	960	768	301	917	741
0	960	832	309	918	802
0	960	896	317	919	863
0	960	960	326	920	924
0	960	1023	335	921	984
0	1023	0	274	972	117
0	1023	64	274	972	129
0	1023	128	275	972	164
0	1023	192	276	972	212
0	1023	256	278	972	266
0	1023	320	280	972	323
0	1023	384	283	973	381
0	1023	448	287	973	440
0	1023	512	292	974	500
0	1023	576	297	974	560
0	1023	640	302	975	621
0	1023	704	309	975	681
0	1023	768	315	976	742
0	1023	832	323	977	803
0	1023	896	330	978	863
0	1023	960	339	979	924
0	1023	1023	347	980	984
64	0	0	61	17	10
64	0	64	62	19	62
64	0	128	66	25	123
64	0	192	73	34	184
64	0	256	82	43	245
64	0	320	92	52	307
64	0	384	103	62	368
64	0	448	115	72	429
64	0	512	128	82	491
64	0	576	141	92	552
64	0	640	154	102	613
64	0	704	167	112	675
64	0	768	181	122	736
64	0	832	195	132	797
64	0	896	209	142	859
64	0	960	223	152	920
64	0	1023	236	162	980
64	64	0	63	62	12
64	64	64	64	63	62
64	64	128	68	65	123
64	64	192	74	68	184
64	64	256	83	72	245
64	64	320	93	78	307
64	64	384	104	84	368
64	64	448	116	91	429
64	64	512	128	99	491
64	64	576	141	107	552
64	64	640	155	116	613
64	64	704	168	124	675
64	64	768	182	133	736
64	64	832	195	142	797
64	64	896	209	152	859
64	64	960	223	161	920
64	64	1023	237	170	980
64	128	0	68	122	17
64	128	64	69	122	63
64	128	128	73	123	123
64	128	192	79	125	184
64	128	256	87	127	246
64	128	320	96	130	307
64	128	384	107	134	368
64	128	448	119	138	429
64	128	512	131	143	491
64	128	576	144	148	552
64	128	640	157	154	613
64	128	704	170	160	675
64	128	768	183	167	736
64	128	832	197	174	797
64	128	896	211	181	859
64	128	960	224	189	920
64	128	1023	238	197	980
64	192	0	78	183	24
64	192	64	78	183	65
64	192	128	81	183	124
64	192	192	87	184	185
64	192	256	94	186	246
64	192	320	103	188	307
64	192	384	113	190	368
64	192	448	124	193	430
64	192	512	135	196	491
64	192	576	148	200	552
64	192	640	160	204	614
64	192	704	173	208	675
64	192	768	186	213	736
64	192	832	200	219	797
64	192	896	213	224	859
64	192	960	227	230	920
64	192	1023	240	236	980
64	256	0	89	243	31
64	256	64	90	244	67
64	256	128	92	244	125
64	256	192	97	245	186
64	256	256	103	246	246
64	256	320	111	247	308
64	256	384	120	249	369
64	256	448	131	251	430
64	256	512	142	253	491
64	256	576	153	256	552
64	256	640	165	259	614
64	256	704	178	262	675
64	256	768	191	266	736
64	256	832	204	270	798
64	256	896	217	275	859
64	256	960	230	279	920
64	256	1023	243	284	981
64	320	0	102	304	38
64	320	64	103	304	70
64	320	128	105	305	127
64	320	192	109	305	187
64	320	256	115	306	247
64	320	320	122	307	308
64	320	384	130	308	369
64	320	448	139	310	430
64	320	512	150	312	491
64	320	576	161	314	553
64	320	640	172	316	614
64	320	704	184	319	675
64	320	768	196	322	736
64	320	832	209	325	798
64	320	896	222	329	859
64	320	960	235	332	920
64	320	1023	248	336	981
64	384	0	117	365	45
64	384	64	117	365	74
64	384	128	119	365	129
64	384	192	122	366	188
64	384	256	127	366	248
64	384	320	134	367	309
64	384	384	141	368	370
64	384	448	150	369	431
64	384	512	159	371	492
64	384	576	169	373	553
64	384	640	180	375	614
64	384	704	191	377	675
64	384	768	203	379	737
64	384	832	215	382	798
64	384	896	228	385	859
64	384	960	240	388	921
64	384	1023	253	391	981
64	448	0	132	426	52
64	448	64	132	426	78
64	448	128	134	426	131
64	448	192	137	426	189
64	448	256	141	427	249
64	448	320	147	427	309
64	448	384	153	428	370
64	448	448	161	429	431
64	448	512	170	431	492
64	448	576	179	432	553
64	448	640	189	434	615
64	448	704	200	436	676
64	448	768	211	438	737
64	448	832	223	440	798
64	448	896	235	442	859
64	448	960	247	445	921
64	448	1023	259	448	981
64	512	0	147	486	59
64	512	64	148	486	83
64	512	128	149	487	133
64	512	192	152	487	191
64	512	256	155	487	250
64	512	320	160	488	310
64	512	384	166	489	371
64	512	448	174	490	432
64	512	512	182	491	493
64	512	576	190	492	554
64	512	640	200	493	615
64	512	704	210	495	676
64	512	768	220	497	737
64	512	832	231	499	798
64	512	896	243	501	860
64	512	960	255	503	921
64	512	1023	267	506	981
64	576	0	163	547	66
64	576	64	163	547	88
64	576	128	165	547	136
64	576	192	167	548	193
64	576	256	170	548	252
64	576	320	175	549	311
64	576	384	180	549	372
64	576	448	187	550	433
64	576	512	194	551	493
64	576	576	202	552	554
64	576	640	211	553	615
64	576	704	221	555	677
64	576	768	231	556	738
64	576	832	241	558	799
64	576	896	252	560	860
64	576	960	263	562	921
64	576	1023	275	564	982
64	640	0	179	608	74
64	640	64	179	608	93
64	640	128	181	608	139
64	640	192	183	608	195
64	640	256	186	609	253
64	640	320	190	609	313
64	640	384	195	610	373
64	640	448	201	610	433
64	640	512	207	611	494
64	640	576	215	612	555
64	640	640	223	613	616
64	640	704	232	615	677
64	640	768	242	616	738
64	640	832	251	617	799
64	640	896	262	619	860
64	640	960	273	621	922
64	640	1023	284	623	982
64	704	0	195	669	81
64	704	64	196	669	99
64	704	128	197	669	143
64	704	192	199	669	197
64	704	256	201	669	255
64	704	320	205	670	314
64	704	384	210	670	374
64	704	448	215	671	434
64	704	512	221	672	495
64	704	576	228	673	556
64	704	640	236	673	617
64	704	704	244	675	678
64	704	768	253	676	739
64	704	832	263	677	800
64	704	896	273	679	861
64	704	960	283	680	922
64	704	1023	293	682	982
64	768	0	212	730	88
64	768	64	212	730	104
64	768	128	213	730	147
64	768	192	215	730	200
64	768	256	217	730	257
64	768	320	221	730	316
64	768	384	225	731	375
64	768	448	230	731	435
64	768	512	236	732	496
64	768	576	242	733	556
64	768	640	249	734	617
64	768	704	257	735	678
64	768	768	266	736	739
64	768	832	274	737	800
64	768	896	284	738	861
64	768	960	294	740	922
64	768	1023	304	741	983
64	832	0	228	790	96
64	832	64	229	790	111
64	832	128	230	790	151
64	832	192	231	791	203
64	832	256	233	791	259
64	832	320	236	791	317
64	832	384	240	792	376
64	832	448	245	792	436
64	832	512	250	793	497
64	832	576	256	793	557
64	832	640	263	794	618
64	832	704	270	795	679
64	832	768	278	796	740
64	832	832	287	797	801
64	832	896	296	798	862
64	832	960	305	800	923
64	832	1023	315	801	983
64	896	0	245	851	103
64	896	64	245	851	117
64	896	128	246	851	155
64	896	192	248	851	206
64	896	256	250	852	261
64	896	320	253	852	319
64	896	384	256	852	378
64	896	448	260	853	438
64	896	512	265	853	498
64	896	576	271	854	558
64	896	640	277	855	619
64	896	704	284	855	680
64	896	768	292	856	740
64	896	832	300	857	801
64	896	896	308	859	862
64	896	960	317	860	923
64	896	1023	326	861	983
64	960	0	262	912	110
64	960	64	262	912	123
64	960	128	263	912	160
64	960	192	264	912	209
64	960	256	266	912	264
64	960	320	269	913	321
64	960	384	272	913	380
64	960	448	276	913	439
64	960	512	281	914	499
64	960	576	286	914	559
64	960	640	292	915	620
64	960	704	298	916	680
64	960	768	305	917	741
64	960	832	313	918	802
64	960	896	321	919	863
64	960	960	330	920	924
64	960	1023	338	921	984
64	1023	0	278	972	117
64	1023	64	278	972	129
64	1023	128	279	972	165
64	1023	192	280	972	212
64	1023	256	282	972	266
64	1023	320	285	972	323
64	1023	384	288	973	381
64	1023	448	292	973	440
64	1023	512	296	974	500
64	1023	576	301	974	560
64	1023	640	306	975	621
64	1023	704	313	975	681
64	1023	768	319	976	742
64	1023	832	326	977	803
64	1023	896	334	978	864
64	1023	960	342	979	924
64	1023	1023	351	980	985
128	0	0	122	33	21
128	0	64	123	34	64
128	0	128	125	38	124
128	0	192	128	44	185
128	0	256	133	51	246
128	0	320	139	59	307
128	0	384	146	67	368
128	0	448	154	77	430
128	0	512	163	86	491
128	0	576	173	95	552
128	0	640	184	105	613
128	0	704	195	115	675
128	0	768	206	124	736
128	0	832	218	134	797
128	0	896	230	144	859
128	0	960	243	154	920
128	0	1023	255	164	980
128	64	0	123	68	22
128	64	64	124	68	64
128	64	128	125	70	124
128	64	192	129	73	185
128	64	256	133	77	246
128	64	320	139	82	307
128	64	384	146	88	368
128	64	448	155	95	430
128	64	512	164	102	491
128	64	576	174	110	552
128	64	640	184	118	613
128	64	704	195	127	675
128	64	768	207	135	736
128	64	832	219	144	797
128	64	896	231	154	859
128	64	960	243	163	920
128	64	1023	256	172	980
128	128	0	126	125	25
128	128	64	126	125	65
128	128	128	128	126	124
128	128	192	131	127	185
128	128	256	136	129	246
128	128	320	141	132	307
128	128	384	148	136	368
128	128	448	157	140	430
128	128	512	166	145	491
128	128	576	175	150	552
128	128	640	186	156	614
128	128	704	197	162	675
128	128	768	208	169	736
128	128	832	220	176	797
128	128	896	232	183	859
128	128	960	244	190	920
128	128	1023	257	198	980
128	192	0	130	184	29
128	192	64	131	184	67
128	192	128	133	185	125
128	192	192	136	186	185
128	192	256	140	187	246
128	192	320	145	189	307
128	192	384	152	191	369
128	192	448	160	194	430
128	192	512	169	197	491
128	192	576	178	201	552
128	192	640	189	205	614
128	192	704	199	210	675
128	192	768	211	215	736
128	192	832	222	220	798
128	192	896	234	226	859
128	192	960	246	231	920
128	192	1023	259	238	981
128	256	0	137	245	35
128	256	64	137	245	69
128	256	128	139	245	126
128	256	192	142	246	186
128	256	256	146	247	247
128	256	320	151	248	308
128	256	384	158	250	369
128	256	448	165	252	430
128	256	512	174	254	491
128	256	576	183	257	553
128	256	640	193	260	614
128	256	704	203	263	675
128	256	768	214	267	736
128	256	832	226	271	798
128	256	896	237	275	859
128	256	960	250	280	920
128	256	1023	262	285	981
128	320	0	145	305	41
128	320	64	146	305	72
128	320	128	147	305	128
128	320	192	150	306	187
128	320	256	154	307	247
128	320	320	159	308	308
128	320	384	165	309	369
128	320	448	172	311	430
128	320	512	180	312	492
128	320	576	189	314	553
128	320	640	198	317	614
128	320	704	209	320	675
128	320	768	219	323	737
128	320	832	230	326	798
128	320	896	242	329	859
128	320	960	254	333	920
128	320	1023	266	337	981
128	384	0	155	366	48
128	384	64	155	366	75
128	384	128	157	366	129
128	384	192	159	366	188
128	384	256	163	367	248
128	384	320	168	368	309
128	384	384	173	369	370
128	384	448	180	370	431
128	384	512	188	372	492
128	384	576	196	373	553
128	384	640	205	375	614
128	384	704	215	377	676
128	384	768	225	380	737
128	384	832	236	383	798
128	384	896	247	386	859
128	384	960	259	389	921
128	384	1023	270	392	981
128	448	0	166	426	54
128	448	64	166	426	79
128	448	128	168	426	132
128	448	192	170	427	190
128	448	256	173	427	249
128	448	320	178	428	310
128	448	384	183	429	370
128	448	448	189	430	431
128	448	512	197	431	492
128	448	576	205	433	554
128	448	640	213	434	615
128	448	704	223	436	676
128	448	768	233	438	737
128	448	832	243	440	798
128	448	896	254	443	860
128	448	960	265	446	921
128	448	1023	276	448	981
128	512	0	178	487	61
128	512	64	178	487	84
128	512	128	180	487	134
128	512	192	182	487	191
128	512	256	185	488	251
128	512	320	189	488	311
128	512	384	194	489	371
128	512	448	200	490	432
128	512	512	207	491	493
128	512	576	214	492	554
128	512	640	222	494	615
128	512	704	231	495	676
128	512	768	241	497	737
128	512	832	251	499	799
128	512	896	261	501	860
128	512	960	272	504	921
128	512	1023	283	506	981
128	576	0	191	548	68
128	576	64	191	548	89
128	576	128	192	548	137
128	576	192	194	548	193
128	576	256	197	548	252
128	576	320	201	549	312
128	576	384	206	550	372
128	576	448	211	550	433
128	576	512	217	551	494
128	576	576	225	552	554
128	576	640	232	554	616
128	576	704	241	555	677
128	576	768	250	557	738
128	576	832	260	558	799
128	576	896	270	560	860
128	576	960	280	562	921
128	576	1023	291	564	982
128	640	0	205	608	75
128	640	64	205	608	94
128	640	128	206	608	140
128	640	192	208	609	195
128	640	256	210	609	253
128	640	320	214	610	313
128	640	384	218	610	373
128	640	448	223	611	434
128	640	512	229	612	494
128	640	576	236	613	555
128	640	640	243	614	616
128	640	704	251	615	677
128	640	768	260	616	738
128	640	832	269	618	799
128	640	896	279	619	860
128	640	960	289	621	922
128	640	1023	299	623	982
128	704	0	219	669	82
128	704	64	219	669	100
128	704	128	220	669	144
128	704	192	221	669	198
128	704	256	224	670	255
128	704	320	227	670	314
128	704	384	231	671	374
128	704	448	236	671	434
128	704	512	242	672	495
128	704	576	248	673	556
128	704	640	255	674	617
128	704	704	263	675	678
128	704	768	271	676	739
128	704	832	279	677	800
128	704	896	289	679	861
128	704	960	298	681	922
128	704	1023	308	682	982
128	768	0	233	730	90
128	768	64	233	730	106
128	768	128	234	730	148
128	768	192	236	730	200
128	768	256	238	730	257
128	768	320	241	731	316
128	768	384	245	731	375
128	768	448	249	732	435
128	768	512	255	732	496
128	768	576	261	733	557
128	768	640	267	734	617
128	768	704	274	735	678
128	768	768	282	736	739
128	768	832	290	737	800
128	768	896	299	739	861
128	768	960	308	740	922
128	768	1023	318	742	983
128	832	0	248	791	97
128	832	64	248	791	112
128	832	128	249	791	152
128	832	192	250	791	203
128	832	256	253	791	259
128	832	320	255	791	317
128	832	384	259	792	377
128	832	448	263	792	437
128	832	512	268	793	497
128	832	576	274	794	557
128	832	640	280	794	618
128	832	704	287	795	679
128	832	768	294	796	740
128	832	832	302	797	801
128	832	896	310	799	862
128	832	960	319	800	923
128	832	1023	328	801	983
128	896	0	263	851	104
128	896	64	263	851	118
128	896	128	264	851	156
128	896	192	265	852	206
128	896	256	267	852	262
128	896	320	270	852	319
128	896	384	273	852	378
128	896	448	277	853	438
128	896	512	282	854	498
128	896	576	287	854	558
128	896	640	293	855	619
128	896	704	300	856	680
128	896	768	307	857	740
128	896	832	314	858	801
128	896	896	322	859	862
128	896	960	331	860	923
128	896	1023	339	861	984
128	960	0	279	912	111
128	960	64	279	912	124
128	960	128	279	912	160
128	960	192	281	912	209
128	960	256	283	913	264
128	960	320	285	913	321
128	960	384	288	913	380
128	960	448	292	914	439
128	960	512	296	914	499
128	960	576	301	915	559
128	960	640	307	915	620
128	960	704	313	916	680
128	960	768	320	917	741
128	960	832	327	918	802
128	960	896	334	919	863
128	960	960	343	920	924
128	960	1023	351	921	984
128	1023	0	294	972	118
128	1023	64	294	972	130
128	1023	128	295	972	165
128	1023	192	296	972	213
128	1023	256	298	972	267
128	1023	320	300	973	323
128	1023	384	303	973	381
128	1023	448	306	973	441
128	1023	512	311	974	500
128	1023	576	315	974	560
128	1023	640	321	975	621
128	1023	704	326	976	681
128	1023	768	333	976	742
128	1023	832	340	977	803
128	1023	896	347	978	864
128	1023	960	355	979	925
128	1023	1023	363	980	985
192	0	0	184	50	31
192	0	64	184	50	67
192	0	128	185	53	125
192	0	192	187	57	186
192	0	256	190	62	246
192	0	320	194	69	308
192	0	384	199	76	369
192	0	448	205	84	430
192	0	512	211	92	491
192	0	576	219	101	552
192	0	640	227	110	614
192	0	704	235	119	675
192	0	768	245	129	736
192	0	832	255	138	798
192	0	896	265	148	859
192	0	960	275	157	920
192	0	1023	286	167	981
192	64	0	184	76	31
192	64	64	184	77	67
192	64	128	186	78	125
192	64	192	188	81	186
192	64	256	191	84	247
192	64	320	194	89	308
192	64	384	199	95	369
192	64	448	205	101	430
192	64	512	212	108	491
192	64	576	219	115	552
192	64	640	227	123	614
192	64	704	236	131	675
192	64	768	245	139	736
192	64	832	255	148	798
192	64	896	265	157	859
192	64	960	276	166	920
192	64	1023	287	175	981
192	128	0	186	129	33
192	128	64	186	129	68
192	128	128	187	130	126
192	128	192	189	131	186
192	128	256	192	134	247
192	128	320	196	136	308
192	128	384	201	140	369
192	128	448	207	144	430
192	128	512	213	148	491
192	128	576	220	153	553
192	128	640	228	159	614
192	128	704	237	165	675
192	128	768	246	172	736
192	128	832	256	178	798
192	128	896	266	186	859
192	128	960	277	193	920
192	128	1023	287	201	981
192	192	0	189	187	37
192	192	64	189	187	70
192	192	128	190	188	127
192	192	192	192	189	186
192	192	256	195	190	247
192	192	320	199	192	308
192	192	384	203	194	369
192	192	448	209	197	430
192	192	512	216	200	491
192	192	576	223	204	553
192	192	640	231	208	614
192	192	704	239	212	675
192	192	768	248	217	736
192	192	832	258	222	798
192	192	896	268	228	859
192	192	960	279	234	920
192	192	1023	289	240	981
192	256	0	193	247	41
192	256	64	193	247	72
192	256	128	194	247	128
192	256	192	196	248	187
192	256	256	199	249	248
192	256	320	203	250	308
192	256	384	207	252	369
192	256	448	213	254	430
192	256	512	219	256	492
192	256	576	226	259	553
192	256	640	234	262	614
192	256	704	242	265	675
192	256	768	251	269	737
192	256	832	261	273	798
192	256	896	271	277	859
192	256	960	281	282	920
192	256	1023	292	287	981
192	320	0	199	307	46
192	320	64	199	307	75
192	320	128	200	307	129
192	320	192	202	307	188
192	320	256	204	308	248
192	320	320	208	309	309
192	320	384	213	310	370
192	320	448	218	312	431
192	320	512	224	314	492
192	320	576	231	316	553
192	320	640	238	318	614
192	320	704	247	321	675
192	320	768	256	324	737
192	320	832	265	327	798
192	320	896	275	331	859
192	320	960	285	335	921
192	320	1023	295	339	981
192	384	0	205	367	52
192	384	64	206	367	78
192	384	128	207	367	131
192	384	192	208	367	189
192	384	256	211	368	249
192	384	320	215	369	309
192	384	384	219	370	370
192	384	448	224	371	431
192	384	512	230	373	492
192	384	576	237	374	553
192	384	640	244	376	615
192	384	704	252	379	676
192	384	768	261	381	737
192	384	832	270	384	798
192	384	896	279	387	859
192	384	960	289	390	921
192	384	1023	300	393	981
192	448	0	213	427	58
192	448	64	214	427	82
192	448	128	215	427	133
192	448	192	216	428	191
192	448	256	219	428	250
192	448	320	222	429	310
192	448	384	226	430	371
192	448	448	231	431	432
192	448	512	237	432	493
192	448	576	243	434	554
192	448	640	251	435	615
192	448	704	258	437	676
192	448	768	267	439	737
192	448	832	276	441	798
192	448	896	285	444	860
192	448	960	295	447	921
192	448	1023	305	449	981
192	512	0	222	488	65
192	512	64	223	488	86
192	512	128	224	488	136
192	512	192	225	488	192
192	512	256	228	489	251
192	512	320	231	489	311
192	512	384	235	490	372
192	512	448	240	491	432
192	512	512	245	492	493
192	512	576	251	493	554
192	512	640	258	495	615
192	512	704	266	496	676
192	512	768	274	498	738
192	512	832	282	500	799
192	512	896	291	502	860
192	512	960	301	504	921
192	512	1023	311	507	981
192	576	0	233	548	71
192	576	64	233	548	91
192	576	128	234	549	138
192	576	192	235	549	194
192	576	256	237	549	253
192	576	320	240	550	312
192	576	384	244	550	372
192	576	448	249	551	433
192	576	512	254	552	494
192	576	576	260	553	555
192	576	640	267	554	616
192	576	704	274	556	677
192	576	768	282	557	738
192	576	832	290	559	799
192	576	896	299	561	860
192	576	960	308	563	921
192	576	1023	318	565	982
192	640	0	243	609	78
192	640	64	244	609	96
192	640	128	244	609	142
192	640	192	246	609	196
192	640	256	248	610	254
192	640	320	251	610	313
192	640	384	254	611	373
192	640	448	259	611	434
192	640	512	264	612	495
192	640	576	270	613	555
192	640	640	276	614	616
192	640	704	283	616	677
192	640	768	290	617	738
192	640	832	298	618	799
192	640	896	307	620	861
192	640	960	316	622	922
192	640	1023	325	624	982
192	704	0	255	670	85
192	704	64	255	670	102
192	704	128	256	670	145
192	704	192	257	670	199
192	704	256	259	670	256
192	704	320	262	671	315
192	704	384	265	671	375
192	704	448	270	672	435
192	704	512	274	673	495
192	704	576	280	673	556
192	704	640	286	674	617
192	704	704	293	675	678
192	704	768	300	677	739
192	704	832	307	678	800
192	704	896	316	680	861
192	704	960	324	681	922
192	704	1023	333	683	982
192	768	0	267	730	92
192	768	64	267	730	107
192	768	128	268	730	149
192	768	192	269	731	201
192	768	256	271	731	258
192	768	320	274	731	316
192	768	384	277	732	376
192	768	448	281	732	436
192	768	512	286	733	496
192	768	576	291	734	557
192	768	640	297	735	618
192	768	704	303	736	678
192	768	768	310	737	739
192	768	832	317	738	800
192	768	896	325	739	861
192	768	960	334	741	923
192	768	1023	342	742	983
192	832	0	280	791	99
192	832	64	280	791	113
192	832	128	281	791	153
192	832	192	282	791	204
192	832	256	284	792	260
192	832	320	286	792	318
192	832	384	289	792	377
192	832	448	293	793	437
192	832	512	297	793	497
192	832	576	302	794	558
192	832	640	308	795	618
192	832	704	314	796	679
192	832	768	321	797	740
192	832	832	328	798	801
192	832	896	335	799	862
192	832	960	344	800	923
192	832	1023	352	802	983
192	896	0	293	852	106
192	896	64	293	852	119
192	896	128	294	852	157
192	896	192	295	852	207
192	896	256	297	852	262
192	896	320	299	853	320
192	896	384	302	853	379
192	896	448	306	853	438
192	896	512	310	854	498
192	896	576	314	855	559
192	896	640	320	855	619
192	896	704	326	856	680
192	896	768	332	857	741
192	896	832	339	858	802
192	896	896	346	859	863
192	896	960	354	860	924
192	896	1023	362	862	984
192	960	0	307	913	113
192	960	64	307	913	125
192	960	128	308	913	162
192	960	192	309	913	210
192	960	256	310	913	265
192	960	320	313	913	322
192	960	384	315	914	380
192	960	448	319	914	440
192	960	512	323	915	499
192	960	576	327	915	560
192	960	640	332	916	620
192	960	704	338	917	681
192	960	768	344	917	741
192	960	832	350	918	802
192	960	896	357	919	863
192	960	960	365	920	924
192	960	1023	373	922	984
192	1023	0	321	972	120
192	1023	64	321	972	132
192	1023	128	321	972	166
192	1023	192	322	973	214
192	1023	256	324	973	267
192	1023	320	326	973	324
192	1023	384	329	973	382
192	1023	448	332	974	441
192	1023	512	336	974	501
192	1023	576	340	975	561
192	1023	640	345	975	621
192	1023	704	350	976	681
192	1023	768	356	977	742
192	1023	832	362	978	803
192	1023	896	369	979	864
192	1023	960	376	980	925
192	1023	1023	384	981	985
256	0	0	245	66	41
256	0	64	245	67	72
256	0	128	246	69	128
256	0	192	247	72	187
256	0	256	250	76	248
256	0	320	252	81	308
256	0	384	256	87	369
256	0	448	260	94	430
256	0	512	265	101	492
256	0	576	271	109	553
256	0	640	277	118	614
256	0	704	284	126	675
256	0	768	292	135	737
256	0	832	300	144	798
256	0	896	308	153	859
256	0	960	317	162	920
256	0	1023	326	172	981
256	64	0	245	87	42
256	64	64	245	88	72
256	64	128	246	89	128
256	64	192	248	91	187
256	64	256	250	94	248
256	64	320	253	98	308
256	64	384	256	103	369
256	64	448	261	109	430
256	64	512	266	115	492
256	64	576	271	122	553
256	64	640	277	129	614
256	64	704	284	137	675
256	64	768	292	145	737
256	64	832	300	153	798
256	64	896	308	162	859
256	64	960	317	171	920
256	64	1023	326	179	981
256	128	0	246	135	43
256	128	64	247	135	73
256	128	128	247	136	128
256	128	192	249	138	187
256	128	256	251	139	248
256	128	320	254	142	309
256	128	384	257	145	369
256	128	448	262	149	431
256	128	512	267	154	492
256	128	576	272	159	553
256	128	640	278	164	614
256	128	704	285	170	675
256	128	768	293	176	737
256	128	832	301	183	798
256	128	896	309	190	859
256	128	960	318	197	920
256	128	1023	327	204	981
256	192	0	248	191	46
256	192	64	249	191	74
256	192	128	249	192	129
256	192	192	251	193	188
256	192	256	253	194	248
256	192	320	256	196	309
256	192	384	259	198	370
256	192	448	264	201	431
256	192	512	268	204	492
256	192	576	274	207	553
256	192	640	280	211	614
256	192	704	287	216	675
256	192	768	294	220	737
256	192	832	302	225	798
256	192	896	311	231	859
256	192	960	320	237	921
256	192	1023	329	243	981
256	256	0	252	249	49
256	256	64	252	250	76
256	256	128	253	250	130
256	256	192	254	251	189
256	256	256	256	251	249
256	256	320	259	253	309
256	256	384	262	254	370
256	256	448	266	256	431
256	256	512	271	259	492
256	256	576	277	261	553
256	256	640	283	264	614
256	256	704	290	268	676
256	256	768	297	271	737
256	256	832	305	275	798
256	256	896	313	280	859
256	256	960	322	284	921
256	256	1023	331	289	981
256	320	0	256	309	53
256	320	64	256	309	79
256	320	128	257	309	131
256	320	192	258	310	189
256	320	256	260	310	249
256	320	320	263	311	310
256	320	384	266	313	370
256	320	448	270	314	431
256	320	512	275	316	492
256	320	576	280	318	553
256	320	640	287	321	615
256	320	704	293	323	676
256	320	768	300	326	737
256	320	832	308	329	798
256	320	896	316	333	859
256	320	960	325	337	921
256	320	1023	334	341	981
256	384	0	261	369	58
256	384	64	261	369	82
256	384	128	262	369	133
256	384	192	263	369	191
256	384	256	265	370	250
256	384	320	268	371	310
256	384	384	271	372	371
256	384	448	275	373	432
256	384	512	280	375	493
256	384	576	285	376	554
256	384	640	291	378	615
256	384	704	297	380	676
256	384	768	305	383	737
256	384	832	312	385	798
256	384	896	320	388	860
256	384	960	329	391	921
256	384	1023	338	395	981
256	448	0	267	429	64
256	448	64	267	429	86
256	448	128	268	429	135
256	448	192	269	429	192
256	448	256	271	430	251
256	448	320	274	431	311
256	448	384	277	431	372
256	448	448	281	432	432
256	448	512	285	434	493
256	448	576	291	435	554
256	448	640	296	437	615
256	448	704	303	439	676
256	448	768	310	441	738
256	448	832	317	443	799
256	448	896	325	445	860
256	448	960	333	448	921
256	448	1023	342	451	981
256	512	0	274	489	70
256	512	64	274	489	90
256	512	128	275	489	138
256	512	192	276	490	194
256	512	256	278	490	252
256	512	320	280	491	312
256	512	384	284	491	372
256	512	448	287	492	433
256	512	512	292	493	494
256	512	576	297	495	555
256	512	640	303	496	616
256	512	704	309	498	677
256	512	768	316	499	738
256	512	832	323	501	799
256	512	896	331	503	860
256	512	960	339	506	921
256	512	1023	347	508	982
256	576	0	282	549	76
256	576	64	282	550	95
256	576	128	283	550	140
256	576	192	284	550	195
256	576	256	286	550	254
256	576	320	288	551	313
256	576	384	291	551	373
256	576	448	295	552	434
256	576	512	299	553	494
256	576	576	304	554	555
256	576	640	310	555	616
256	576	704	316	557	677
256	576	768	322	558	738
256	576	832	329	560	799
256	576	896	337	562	860
256	576	960	345	564	922
256	576	1023	353	566	982
256	640	0	290	610	82
256	640	64	291	610	99
256	640	128	291	610	144
256	640	192	292	610	198
256	640	256	294	611	255
256	640	320	297	611	314
256	640	384	299	612	374
256	640	448	303	612	434
256	640	512	307	613	495
256	640	576	312	614	556
256	640	640	317	615	617
256	640	704	323	617	678
256	640	768	330	618	739
256	640	832	337	619	800
256	640	896	344	621	861
256	640	960	352	623	922
256	640	1023	360	625	982
256	704	0	300	671	89
256	704	64	300	671	105
256	704	128	301	671	147
256	704	192	302	671	200
256	704	256	303	671	257
256	704	320	306	672	316
256	704	384	309	672	375
256	704	448	312	673	435
256	704	512	316	673	496
256	704	576	321	674	556
256	704	640	326	675	617
256	704	704	332	676	678
256	704	768	338	678	739
256	704	832	345	679	800
256	704	896	352	680	861
256	704	960	359	682	922
256	704	1023	367	684	983
256	768	0	310	731	95
256	768	64	310	731	110
256	768	128	311	731	151
256	768	192	312	731	202
256	768	256	313	732	259
256	768	320	316	732	317
256	768	384	318	733	376
256	768	448	322	733	436
256	768	512	326	734	497
256	768	576	330	735	557
256	768	640	335	735	618
256	768	704	341	736	679
256	768	768	347	738	740
256	768	832	353	739	801
256	768	896	360	740	862
256	768	960	368	741	923
256	768	1023	375	743	983
256	832	0	321	792	102
256	832	64	321	792	116
256	832	128	321	792	155
256	832	192	323	792	205
256	832	256	324	792	261
256	832	320	326	793	319
256	832	384	329	793	378
256	832	448	332	794	437
256	832	512	336	794	498
256	832	576	340	795	558
256	832	640	345	796	619
256	832	704	350	797	679
256	832	768	356	798	740
256	832	832	362	799	801
256	832	896	369	800	862
256	832	960	376	801	923
256	832	1023	384	803	983
256	896	0	332	852	109
256	896	64	332	852	122
256	896	128	333	853	159
256	896	192	334	853	208
256	896	256	335	853	263
256	896	320	337	853	320
256	896	384	340	854	379
256	896	448	343	854	439
256	896	512	347	855	499
256	896	576	351	855	559
256	896	640	355	856	619
256	896	704	360	857	680
256	896	768	366	858	741
256	896	832	372	859	802
256	896	896	379	860	863
256	896	960	386	861	924
256	896	1023	393	862	984
256	960	0	344	913	116
256	960	64	344	913	128
256	960	128	345	913	163
256	960	192	346	913	212
256	960	256	347	914	266
256	960	320	349	914	322
256	960	384	351	914	381
256	960	448	354	915	440
256	960	512	358	915	500
256	960	576	362	916	560
256	960	640	366	916	620
256	960	704	371	917	681
256	960	768	377	918	742
256	960	832	383	919	802
256	960	896	389	920	863
256	960	960	396	921	924
256	960	1023	403	922	984
256	1023	0	356	973	122
256	1023	64	356	973	134
256	1023	128	357	973	168
256	1023	192	358	973	215
256	1023	256	359	973	268
256	1023	320	361	974	324
256	1023	384	363	974	382
256	1023	448	366	974	441
256	1023	512	369	975	501
256	1023	576	373	975	561
256	1023	640	377	976	621
256	1023	704	382	977	682
256	1023	768	388	977	742
256	1023	832	393	978	803
256	1023	896	399	979	864
256	1023	960	406	980	925
256	1023	1023	413	981	985
320	0	0	306	83	51
320	0	64	306	83	78
320	0	128	307	85	131
320	0	192	308	87	189
320	0	256	310	90	249
320	0	320	312	95	309
320	0	384	315	100	370
320	0	448	318	106	431
320	0	512	322	112	492
320	0	576	326	119	553
320	0	640	332	127	615
320	0	704	337	135	676
320	0	768	343	143	737
320	0	832	350	151	798
320	0	896	357	160	859
320	0	960	364	169	921
320	0	1023	372	178	981
320	64	0	306	100	52
320	64	64	307	100	78
320	64	128	307	101	131
320	64	192	308	103	189
320	64	256	310	106	249
320	64	320	312	110	309
320	64	384	315	114	370
320	64	448	318	119	431
320	64	512	322	125	492
320	64	576	327	131	553
320	64	640	332	138	615
320	64	704	337	145	676
320	64	768	343	152	737
320	64	832	350	160	798
320	64	896	357	168	859
320	64	960	365	177	921
320	64	1023	372	185	981
320	128	0	307	143	53
320	128	64	307	143	79
320	128	128	308	144	131
320	128	192	309	145	189
320	128	256	311	147	249
320	128	320	313	150	310
320	128	384	316	153	370
320	128	448	319	156	431
320	128	512	323	160	492
320	128	576	328	165	553
320	128	640	333	170	615
320	128	704	338	176	676
320	128	768	344	182	737
320	128	832	351	188	798
320	128	896	358	195	859
320	128	960	365	202	921
320	128	1023	373	209	981
320	192	0	309	196	55
320	192	64	309	197	80
320	192	128	310	197	132
320	192	192	311	198	190
320	192	256	312	199	249
320	192	320	315	201	310
320	192	384	317	203	371
320	192	448	321	206	431
320	192	512	325	209	492
320	192	576	329	212	554
320	192	640	334	216	615
320	192	704	340	220	676
320	192	768	346	225	737
320	192	832	352	230	798
320	192	896	359	235	860
320	192	960	367	241	921
320	192	1023	374	247	981
320	256	0	311	253	58
320	256	64	311	253	82
320	256	128	312	254	133
320	256	192	313	254	190
320	256	256	315	255	250
320	256	320	317	257	310
320	256	384	320	258	371
320	256	448	323	260	432
320	256	512	327	262	493
320	256	576	331	265	554
320	256	640	336	268	615
320	256	704	342	271	676
320	256	768	348	275	737
320	256	832	354	279	798
320	256	896	361	283	860
320	256	960	369	288	921
320	256	1023	376	292	981
320	320	0	314	312	61
320	320	64	315	312	84
320	320	128	315	312	134
320	320	192	316	313	191
320	320	256	318	313	251
320	320	320	320	314	311
320	320	384	323	316	371
320	320	448	326	317	432
320	320	512	330	319	493
320	320	576	334	321	554
320	320	640	339	323	615
320	320	704	345	326	676
320	320	768	351	329	737
320	320	832	357	332	799
320	320	896	364	336	860
320	320	960	371	339	921
320	320	1023	379	343	981
320	384	0	318	371	66
320	384	64	319	371	87
320	384	128	319	371	136
320	384	192	320	372	192
320	384	256	322	372	251
320	384	320	324	373	311
320	384	384	327	374	372
320	384	448	330	375	432
320	384	512	334	377	493
320	384	576	338	379	554
320	384	640	343	381	615
320	384	704	348	383	676
320	384	768	354	385	738
320	384	832	360	388	799
320	384	896	367	391	860
320	384	960	375	394	921
320	384	1023	382	397	981
320	448	0	323	431	70
320	448	64	323	431	91
320	448	128	324	431	138
320	448	192	325	431	194
320	448	256	327	432	252
320	448	320	329	433	312
320	448	384	331	433	372
320	448	448	334	434	433
320	448	512	338	436	494
320	448	576	342	437	555
320	448	640	347	439	616
320	448	704	352	441	677
320	448	768	358	443	738
320	448	832	365	445	799
320	448	896	371	447	860
320	448	960	378	450	921
320	448	1023	386	453	982
320	512	0	329	491	76
320	512	64	329	491	94
320	512	128	330	491	140
320	512	192	331	491	195
320	512	256	332	492	254
320	512	320	334	492	313
320	512	384	337	493	373
320	512	448	340	494	434
320	512	512	343	495	494
320	512	576	348	496	555
320	512	640	352	498	616
320	512	704	358	499	677
320	512	768	363	501	738
320	512	832	369	503	799
320	512	896	376	505	860
320	512	960	383	507	922
320	512	1023	390	510	982
320	576	0	335	551	81
320	576	64	335	551	99
320	576	128	336	551	143
320	576	192	337	551	197
320	576	256	338	552	255
320	576	320	340	552	314
320	576	384	343	553	374
320	576	448	346	554	434
320	576	512	349	555	495
320	576	576	354	556	556
320	576	640	358	557	617
320	576	704	363	558	678
320	576	768	369	560	739
320	576	832	375	562	800
320	576	896	381	563	861
320	576	960	388	565	922
320	576	1023	396	568	982
320	640	0	342	611	87
320	640	64	342	611	103
320	640	128	343	611	146
320	640	192	344	612	199
320	640	256	345	612	256
320	640	320	347	612	315
320	640	384	350	613	375
320	640	448	353	614	435
320	640	512	356	615	496
320	640	576	360	616	556
320	640	640	365	617	617
320	640	704	370	618	678
320	640	768	375	619	739
320	640	832	381	621	800
320	640	896	388	622	861
320	640	960	394	624	922
320	640	1023	402	626	982
320	704	0	350	672	93
320	704	64	350	672	108
320	704	128	351	672	149
320	704	192	352	672	202
320	704	256	353	672	258
320	704	320	355	673	317
320	704	384	357	673	376
320	704	448	360	674	436
320	704	512	364	675	496
320	704	576	368	675	557
320	704	640	372	676	618
320	704	704	377	678	679
320	704	768	382	679	739
320	704	832	388	680	801
320	704	896	394	682	862
320	704	960	401	683	923
320	704	1023	408	685	983
320	768	0	359	732	99
320	768	64	359	732	114
320	768	128	359	732	153
320	768	192	360	733	204
320	768	256	361	733	260
320	768	320	363	733	318
320	768	384	366	734	377
320	768	448	368	734	437
320	768	512	372	735	497
320	768	576	376	736	558
320	768	640	380	736	618
320	768	704	385	737	679
320	768	768	390	739	740
320	768	832	396	740	801
320	768	896	402	741	862
320	768	960	408	743	923
320	768	1023	415	744	983
320	832	0	368	793	106
320	832	64	368	793	119
320	832	128	368	793	157
320	832	192	369	793	207
320	832	256	370	793	262
320	832	320	372	794	320
320	832	384	375	794	379
320	832	448	377	795	438
320	832	512	380	795	498
320	832	576	384	796	559
320	832	640	388	797	619
320	832	704	393	798	680
320	832	768	398	799	741
320	832	832	404	800	802
320	832	896	410	801	863
320	832	960	416	802	924
320	832	1023	423	804	984
320	896	0	377	853	112
320	896	64	377	853	125
320	896	128	378	853	161
320	896	192	379	854	210
320	896	256	380	854	264
320	896	320	382	854	322
320	896	384	384	854	380
320	896	448	387	855	439
320	896	512	390	856	499
320	896	576	393	856	559
320	896	640	397	857	620
320	896	704	402	858	681
320	896	768	407	859	741
320	896	832	412	860	802
320	896	896	418	861	863
320	896	960	424	862	924
320	896	1023	431	863	984
320	960	0	388	914	119
320	960	64	388	914	131
320	960	128	388	914	166
320	960	192	389	914	213
320	960	256	390	914	267
320	960	320	392	915	323
320	960	384	394	915	382
320	960	448	397	915	441
320	960	512	400	916	500
320	960	576	403	917	560
320	960	640	407	917	621
320	960	704	411	918	681
320	960	768	416	919	742
320	960	832	422	920	803
320	960	896	427	921	864
320	960	960	433	922	925
320	960	1023	440	923	985
320	1023	0	398	974	126
320	1023	64	398	974	137
320	1023	128	399	974	170
320	1023	192	399	974	217
320	1023	256	401	974	269
320	1023	320	402	974	325
320	1023	384	404	975	383
320	1023	448	407	975	442
320	1023	512	410	975	502
320	1023	576	413	976	562
320	1023	640	417	977	622
320	1023	704	421	977	682
320	1023	768	426	978	743
320	1023	832	431	979	803
320	1023	896	437	980	864
320	1023	960	443	981	925
320	1023	1023	449	982	985
384	0	0	367	100	62
384	0	64	368	100	84
384	0	128	368	101	134
384	0	192	369	103	191
384	0	256	370	106	251
384	0	320	372	109	311
384	0	384	374	114	371
384	0	448	377	119	432
384	0	512	380	124	493
384	0	576	384	131	554
384	0	640	388	138	615
384	0	704	393	145	676
384	0	768	398	152	737
384	0	832	403	160	799
384	0	896	409	168	860
384	0	960	416	176	921
384	0	1023	422	185	981
384	64	0	368	114	62
384	64	64	368	114	85
384	64	128	368	115	134
384	64	192	369	116	191
384	64	256	370	119	251
384	64	320	372	122	311
384	64	384	374	126	371
384	64	448	377	130	432
384	64	512	380	136	493
384	64	576	384	141	554
384	64	640	388	147	615
384	64	704	393	154	676
384	64	768	398	161	737
384	64	832	404	168	799
384	64	896	410	176	860
384	64	960	416	184	921
384	64	1023	423	192	981
384	128	0	368	152	63
384	128	64	368	153	85
384	128	128	369	153	135
384	128	192	370	154	192
384	128	256	371	156	251
384	128	320	373	158	311
384	128	384	375	161	371
384	128	448	378	165	432
384	128	512	381	169	493
384	128	576	385	173	554
384	128	640	389	178	615
384	128	704	394	183	676
384	128	768	399	189	737
384	128	832	404	195	799
384	128	896	410	202	860
384	128	960	417	208	921
384	128	1023	423	215	981
384	192	0	370	203	65
384	192	64	370	203	86
384	192	128	370	203	135
384	192	192	371	204	192
384	192	256	372	206	251
384	192	320	374	207	311
384	192	384	376	209	372
384	192	448	379	212	432
384	192	512	382	215	493
384	192	576	386	218	554
384	192	640	390	222	615
384	192	704	395	226	676
384	192	768	400	230	738
384	192	832	405	235	799
384	192	896	411	240	860
384	192	960	418	246	921
384	192	1023	424	252	981
384	256	0	371	258	67
384	256	64	372	258	88
384	256	128	372	259	136
384	256	192	373	259	193
384	256	256	374	260	252
384	256	320	376	261	312
384	256	384	378	263	372
384	256	448	381	265	433
384	256	512	384	267	493
384	256	576	388	270	554
384	256	640	392	273	615
384	256	704	397	276	677
384	256	768	402	279	738
384	256	832	407	283	799
384	256	896	413	287	860
384	256	960	419	292	921
384	256	1023	426	296	982
384	320	0	374	316	70
384	320	64	374	316	90
384	320	128	375	316	138
384	320	192	376	316	194
384	320	256	377	317	252
384	320	320	379	318	312
384	320	384	381	319	372
384	320	448	383	321	433
384	320	512	387	323	494
384	320	576	390	325	555
384	320	640	394	327	616
384	320	704	399	330	677
384	320	768	404	332	738
384	320	832	409	336	799
384	320	896	415	339	860
384	320	960	422	343	921
384	320	1023	428	347	982
384	384	0	377	374	74
384	384	64	377	374	93
384	384	128	378	374	139
384	384	192	379	375	195
384	384	256	380	375	253
384	384	320	382	376	313
384	384	384	384	377	373
384	384	448	387	378	433
384	384	512	390	380	494
384	384	576	393	382	555
384	384	640	397	384	616
384	384	704	402	386	677
384	384	768	407	388	738
384	384	832	412	391	799
384	384	896	418	394	860
384	384	960	424	397	922
384	384	1023	431	400	982
384	448	0	381	433	78
384	448	64	381	433	96
384	448	128	382	434	141
384	448	192	383	434	196
384	448	256	384	434	254
384	448	320	386	435	313
384	448	384	388	436	373
384	448	448	390	437	434
384	448	512	394	438	495
384	448	576	397	440	555
384	448	640	401	441	616
384	448	704	406	443	677
384	448	768	411	445	738
384	448	832	416	447	799
384	448	896	422	450	861
384	448	960	428	452	922
384	448	1023	434	455	982
384	512	0	386	493	83
384	512	64	386	493	100
384	512	128	386	493	144
384	512	192	387	493	198
384	512	256	389	494	255
384	512	320	390	494	314
384	512	384	392	495	374
384	512	448	395	496	434
384	512	512	398	497	495
384	512	576	402	498	556
384	512	640	405	500	617
384	512	704	410	501	678
384	512	768	415	503	739
384	512	832	420	505	800
384	512	896	426	507	861
384	512	960	432	509	922
384	512	1023	438	512	982
384	576	0	391	553	88
384	576	64	391	553	104
384	576	128	392	553	146
384	576	192	393	553	200
384	576	256	394	554	257
384	576	320	395	554	315
384	576	384	398	555	375
384	576	448	400	556	435
384	576	512	403	557	496
384	576	576	407	558	556
384	576	640	410	559	617
384	576	704	415	560	678
384	576	768	420	562	739
384	576	832	425	563	800
384	576	896	430	565	861
384	576	960	436	567	922
384	576	1023	443	569	983
384	640	0	397	613	93
384	640	64	397	613	108
384	640	128	398	613	149
384	640	192	398	613	202
384	640	256	400	614	258
384	640	320	401	614	317
384	640	384	403	615	376
384	640	448	406	615	436
384	640	512	409	616	496
384	640	576	412	617	557
384	640	640	416	618	618
384	640	704	420	619	679
384	640	768	425	621	739
384	640	832	430	622	800
384	640	896	436	624	862
384	640	960	442	626	923
384	640	1023	448	628	983
384	704	0	404	673	99
384	704	64	404	673	113
384	704	128	404	673	153
384	704	192	405	674	204
384	704	256	406	674	260
384	704	320	408	674	318
384	704	384	410	675	377
384	704	448	412	675	437
384	704	512	415	676	497
384	704	576	418	677	558
384	704	640	422	678	618
384	704	704	426	679	679
384	704	768	431	680	740
384	704	832	436	682	801
384	704	896	442	683	862
384	704	960	447	685	923
384	704	1023	454	686	983
384	768	0	411	734	104
384	768	64	411	734	118
384	768	128	411	734	156
384	768	192	412	734	206
384	768	256	413	734	262
384	768	320	415	735	319
384	768	384	417	735	378
384	768	448	419	736	438
384	768	512	422	736	498
384	768	576	425	737	558
384	768	640	429	738	619
384	768	704	433	739	680
384	768	768	438	740	741
384	768	832	443	741	801
384	768	896	448	742	862
384	768	960	454	744	923
384	768	1023	460	745	984
384	832	0	419	794	111
384	832	64	419	794	123
384	832	128	419	794	160
384	832	192	420	794	209
384	832	256	421	795	264
384	832	320	422	795	321
384	832	384	424	795	380
384	832	448	427	796	439
384	832	512	430	796	499
384	832	576	433	797	559
384	832	640	436	798	620
384	832	704	440	799	680
384	832	768	445	800	741
384	832	832	450	801	802
384	832	896	455	802	863
384	832	960	461	803	924
384	832	1023	467	805	984
384	896	0	427	854	117
384	896	64	427	855	129
384	896	128	427	855	164
384	896	192	428	855	212
384	896	256	429	855	266
384	896	320	431	855	323
384	896	384	433	856	381
384	896	448	435	856	440
384	896	512	438	857	500
384	896	576	441	857	560
384	896	640	444	858	621
384	896	704	448	859	681
384	896	768	453	860	742
384	896	832	457	861	803
384	896	896	463	862	863
384	896	960	468	863	924
384	896	1023	474	864	984
384	960	0	436	915	123
384	960	64	436	915	134
384	960	128	436	915	168
384	960	192	437	915	215
384	960	256	438	915	268
384	960	320	439	916	325
384	960	384	441	916	383
384	960	448	444	916	442
384	960	512	446	917	501
384	960	576	449	918	561
384	960	640	453	918	621
384	960	704	457	919	682
384	960	768	461	920	742
384	960	832	466	921	803
384	960	896	471	922	864
384	960	960	476	923	925
384	960	1023	482	924	985
384	1023	0	445	975	129
384	1023	64	445	975	140
384	1023	128	445	975	173
384	1023	192	446	975	219
384	1023	256	447	975	271
384	1023	320	449	975	327
384	1023	384	450	976	384
384	1023	448	453	976	443
384	1023	512	455	976	502
384	1023	576	458	977	562
384	1023	640	461	978	622
384	1023	704	465	978	683
384	1023	768	469	979	743
384	1023	832	474	980	804
384	1023	896	479	981	865
384	1023	960	484	982	926
384	1023	1023	490	983	985
448	0	0	429	116	72
448	0	64	429	117	92
448	0	128	429	117	139
448	0	192	430	119	194
448	0	256	431	121	253
448	0	320	432	124	312
448	0	384	434	128	373
448	0	448	437	133	433
448	0	512	439	138	494
448	0	576	442	143	555
448	0	640	446	149	616
448	0	704	450	156	677
448	0	768	454	163	738
448	0	832	459	170	799
448	0	896	464	178	860
448	0	960	470	185	922
448	0	1023	475	193	982
448	64	0	429	128	72
448	64	64	429	128	92
448	64	128	429	129	139
448	64	192	430	131	194
448	64	256	431	133	253
448	64	320	433	135	312
448	64	384	434	139	373
448	64	448	437	143	433
448	64	512	439	148	494
448	64	576	443	153	555
448	64	640	446	158	616
448	64	704	450	164	677
448	64	768	454	171	738
448	64	832	459	178	799
448	64	896	464	185	860
448	64	960	470	192	922
448	64	1023	476	200	982
448	128	0	429	163	73
448	128	64	429	163	93
448	128	128	430	164	139
448	128	192	431	165	195
448	128	256	432	166	253
448	128	320	433	169	313
448	128	384	435	171	373
448	128	448	437	174	433
448	128	512	440	178	494
448	128	576	443	182	555
448	128	640	447	187	616
448	128	704	451	192	677
448	128	768	455	197	738
448	128	832	460	203	799
448	128	896	465	209	860
448	128	960	470	216	922
448	128	1023	476	222	982
448	192	0	430	211	74
448	192	64	431	211	94
448	192	128	431	211	140
448	192	192	432	212	195
448	192	256	433	213	253
448	192	320	434	215	313
448	192	384	436	217	373
448	192	448	438	219	433
448	192	512	441	222	494
448	192	576	444	225	555
448	192	640	448	229	616
448	192	704	452	233	677
448	192	768	456	237	738
448	192	832	461	242	799
448	192	896	466	247	860
448	192	960	471	252	922
448	192	1023	477	258	982
448	256	0	432	264	76
448	256	64	432	264	95
448	256	128	433	264	141
448	256	192	433	265	196
448	256	256	434	266	254
448	256	320	436	267	313
448	256	384	438	269	373
448	256	448	440	270	434
448	256	512	443	273	494
448	256	576	446	275	555
448	256	640	449	278	616
448	256	704	453	281	677
448	256	768	457	285	738
448	256	832	462	288	799
448	256	896	467	292	861
448	256	960	473	297	922
448	256	1023	478	301	982
448	320	0	434	320	79
448	320	64	434	320	97
448	320	128	435	320	142
448	320	192	435	321	197
448	320	256	437	322	254
448	320	320	438	323	314
448	320	384	440	324	374
448	320	448	442	325	434
448	320	512	445	327	495
448	320	576	448	329	555
448	320	640	451	331	616
448	320	704	455	334	677
448	320	768	459	337	738
448	320	832	464	340	800
448	320	896	469	343	861
448	320	960	475	347	922
448	320	1023	480	351	982
448	384	0	437	378	82
448	384	64	437	378	100
448	384	128	437	378	144
448	384	192	438	379	198
448	384	256	439	379	255
448	384	320	441	380	314
448	384	384	443	381	374
448	384	448	445	382	434
448	384	512	447	384	495
448	384	576	450	385	556
448	384	640	454	387	617
448	384	704	458	389	678
448	384	768	462	392	739
448	384	832	467	394	800
448	384	896	472	397	861
448	384	960	477	400	922
448	384	1023	483	403	982
448	448	0	440	436	86
448	448	64	440	437	103
448	448	128	441	437	146
448	448	192	441	437	199
448	448	256	443	438	256
448	448	320	444	438	315
448	448	384	446	439	375
448	448	448	448	440	435
448	448	512	451	441	495
448	448	576	454	443	556
448	448	640	457	444	617
448	448	704	461	446	678
448	448	768	465	448	739
448	448	832	470	450	800
448	448	896	475	453	861
448	448	960	480	455	922
448	448	1023	486	458	982
448	512	0	444	496	90
448	512	64	444	496	106
448	512	128	445	496	148
448	512	192	445	496	201
448	512	256	446	497	257
448	512	320	448	497	316
448	512	384	450	498	375
448	512	448	452	499	436
448	512	512	454	500	496
448	512	576	457	501	557
448	512	640	461	502	617
448	512	704	465	504	678
448	512	768	469	506	739
448	512	832	473	508	800
448	512	896	478	510	861
448	512	960	484	512	922
448	512	1023	489	514	983
448	576	0	449	555	95
448	576	64	449	555	110
448	576	128	449	555	150
448	576	192	450	556	202
448	576	256	451	556	259
448	576	320	452	557	317
448	576	384	454	557	376
448	576	448	456	558	436
448	576	512	459	559	497
448	576	576	462	560	557
448	576	640	465	561	618
448	576	704	469	563	679
448	576	768	473	564	740
448	576	832	477	566	801
448	576	896	482	568	862
448	576	960	488	570	923
448	576	1023	493	572	983
448	640	0	454	615	100
448	640	64	454	615	114
448	640	128	454	615	153
448	640	192	455	615	204
448	640	256	456	616	260
448	640	320	457	616	318
448	640	384	459	617	377
448	640	448	461	617	437
448	640	512	464	618	497
448	640	576	467	619	558
448	640	640	470	620	618
448	640	704	474	622	679
448	640	768	478	623	740
448	640	832	482	624	801
448	640	896	487	626	862
448	640	960	492	628	923
448	640	1023	498	630	983
448	704	0	459	675	105
448	704	64	459	675	118
448	704	128	460	675	156
448	704	192	460	675	207
448	704	256	461	676	262
448	704	320	463	676	319
448	704	384	464	677	378
448	704	448	467	677	438
448	704	512	469	678	498
448	704	576	472	679	558
448	704	640	475	680	619
448	704	704	479	681	680
448	704	768	483	682	741
448	704	832	487	683	801
448	704	896	492	685	862
448	704	960	497	686	923
448	704	1023	503	688	984
448	768	0	465	735	110
448	768	64	465	735	123
448	768	128	466	735	160
448	768	192	466	736	209
448	768	256	467	736	264
448	768	320	469	736	321
448	768	384	471	737	380
448	768	448	473	737	439
448	768	512	475	738	499
448	768	576	478	739	559
448	768	640	481	739	620
448	768	704	485	740	680
448	768	768	489	742	741
448	768	832	493	743	802
448	768	896	498	744	863
448	768	960	503	746	924
448	768	1023	508	747	984
448	832	0	472	796	116
448	832	64	472	796	128
448	832	128	472	796	164
448	832	192	473	796	212
448	832	256	474	796	266
448	832	320	475	796	323
448	832	384	477	797	381
448	832	448	479	797	440
448	832	512	482	798	500
448	832	576	484	799	560
448	832	640	488	799	620
448	832	704	491	800	681
448	832	768	495	801	742
448	832	832	499	802	802
448	832	896	504	804	863
448	832	960	509	805	924
448	832	1023	514	806	984
448	896	0	479	856	122
448	896	64	479	856	133
448	896	128	480	856	168
448	896	192	480	856	215
448	896	256	481	856	268
448	896	320	483	857	324
448	896	384	484	857	382
448	896	448	486	857	441
448	896	512	489	858	501
448	896	576	491	859	561
448	896	640	495	859	621
448	896	704	498	860	682
448	896	768	502	861	742
448	896	832	506	862	803
448	896	896	511	863	864
448	896	960	516	864	925
448	896	1023	521	866	985
448	960	0	487	916	128
448	960	64	487	916	139
448	960	128	487	916	172
448	960	192	488	917	218
448	960	256	489	917	270
448	960	320	490	917	326
448	960	384	492	917	384
448	960	448	494	918	443
448	960	512	496	918	502
448	960	576	499	919	562
448	960	640	502	920	622
448	960	704	505	920	682
448	960	768	509	921	743
448	960	832	513	922	804
448	960	896	518	923	865
448	960	960	523	924	925
448	960	1023	528	925	985
448	1023	0	495	976	134
448	1023	64	495	976	144
448	1023	128	495	976	176
448	1023	192	496	976	221
448	1023	256	497	976	273
448	1023	320	498	976	328
448	1023	384	500	977	386
448	1023	448	502	977	444
448	1023	512	504	978	503
448	1023	576	507	978	563
448	1023	640	510	979	623
448	1023	704	513	980	683
448	1023	768	517	980	744
448	1023	832	521	981	804
448	1023	896	525	982	865
448	1023	960	530	983	926
448	1023	1023	535	984	986
512	0	0	490	133	82
512	0	64	490	133	100
512	0	128	490	134	144
512	0	192	491	135	198
512	0	256	492	137	255
512	0	320	493	140	314
512	0	384	495	143	374
512	0	448	497	147	434
512	0	512	499	152	495
512	0	576	502	157	556
512	0	640	505	162	617
512	0	704	508	168	678
512	0	768	512	174	739
512	0	832	516	181	800
512	0	896	520	188	861
512	0	960	525	195	922
512	0	1023	530	203	982
512	64	0	490	143	83
512	64	64	490	143	100
512	64	128	490	144	144
512	64	192	491	145	198
512	64	256	492	147	255
512	64	320	493	150	314
512	64	384	495	153	374
512	64	448	497	156	434
512	64	512	499	160	495
512	64	576	502	165	556
512	64	640	505	170	617
512	64	704	508	176	678
512	64	768	512	182	739
512	64	832	516	188	800
512	64	896	521	195	861
512	64	960	525	202	922
512	64	1023	530	209	982
512	128	0	490	175	83
512	128	64	491	175	100
512	128	128	491	175	144
512	128	192	492	176	198
512	128	256	492	178	255
512	128	320	494	180	314
512	128	384	495	182	374
512	128	448	497	185	435
512	128	512	500	188	495
512	128	576	502	192	556
512	128	640	505	197	617
512	128	704	509	201	678
512	128	768	512	207	739
512	128	832	517	212	800
512	128	896	521	218	861
512	128	960	526	224	922
512	128	1023	531	230	982
512	192	0	491	219	84
512	192	64	491	219	101
512	192	128	492	220	145
512	192	192	492	220	198
512	192	256	493	222	256
512	192	320	495	223	315
512	192	384	496	225	374
512	192	448	498	227	435
512	192	512	501	230	495
512	192	576	503	233	556
512	192	640	506	236	617
512	192	704	510	240	678
512	192	768	513	244	739
512	192	832	517	249	800
512	192	896	522	254	861
512	192	960	527	259	922
512	192	1023	532	264	982
512	256	0	493	271	86
512	256	64	493	271	103
512	256	128	493	271	146
512	256	192	494	272	199
512	256	256	495	272	256
512	256	320	496	274	315
512	256	384	498	275	375
512	256	448	500	277	435
512	256	512	502	279	495
512	256	576	505	281	556
512	256	640	508	284	617
512	256	704	511	287	678
512	256	768	515	291	739
512	256	832	519	294	800
512	256	896	523	298	861
512	256	960	528	303	922
512	256	1023	533	307	982
512	320	0	495	325	88
512	320	64	495	325	105
512	320	128	495	326	147
512	320	192	496	326	200
512	320	256	497	327	257
512	320	320	498	328	316
512	320	384	499	329	375
512	320	448	501	331	435
512	320	512	504	332	496
512	320	576	506	334	556
512	320	640	509	336	617
512	320	704	513	339	678
512	320	768	516	342	739
512	320	832	520	345	800
512	320	896	525	348	861
512	320	960	530	352	922
512	320	1023	535	355	983
512	384	0	497	382	91
512	384	64	497	382	107
512	384	128	497	382	148
512	384	192	498	383	201
512	384	256	499	383	258
512	384	320	500	384	316
512	384	384	502	385	376
512	384	448	504	386	436
512	384	512	506	388	496
512	384	576	509	389	557
512	384	640	512	391	618
512	384	704	515	393	678
512	384	768	519	396	739
512	384	832	523	398	800
512	384	896	527	401	861
512	384	960	532	404	923
512	384	1023	537	407	983
512	448	0	500	440	95
512	448	64	500	440	110
512	448	128	500	440	150
512	448	192	501	441	202
512	448	256	502	441	259
512	448	320	503	442	317
512	448	384	505	443	376
512	448	448	506	444	436
512	448	512	509	445	497
512	448	576	511	446	557
512	448	640	514	448	618
512	448	704	518	450	679
512	448	768	521	452	740
512	448	832	525	454	801
512	448	896	530	456	862
512	448	960	534	459	923
512	448	1023	539	462	983
512	512	0	503	499	98
512	512	64	503	499	113
512	512	128	504	499	152
512	512	192	504	499	204
512	512	256	505	500	260
512	512	320	506	500	318
512	512	384	508	501	377
512	512	448	510	502	437
512	512	512	512	503	497
512	512	576	515	504	558
512	512	640	518	506	618
512	512	704	521	507	679
512	512	768	524	509	740
512	512	832	528	511	801
512	512	896	533	513	862
512	512	960	538	515	923
512	512	1023	542	517	983
512	576	0	507	558	102
512	576	64	507	558	116
512	576	128	507	558	155
512	576	192	508	558	206
512	576	256	509	559	261
512	576	320	510	559	319
512	576	384	512	560	378
512	576	448	514	561	438
512	576	512	516	562	498
512	576	576	518	563	558
512	576	640	521	564	619
512	576	704	525	565	679
512	576	768	528	567	740
512	576	832	532	568	801
512	576	896	536	570	862
512	576	960	541	572	923
512	576	1023	546	574	983
512	640	0	511	618	107
512	640	64	511	618	120
512	640	128	512	618	158
512	640	192	512	618	207
512	640	256	513	618	263
512	640	320	514	619	320
512	640	384	516	619	379
512	640	448	518	620	438
512	640	512	520	621	498
512	640	576	523	622	559
512	640	640	525	623	619
512	640	704	529	624	680
512	640	768	532	625	741
512	640	832	536	627	802
512	640	896	541	628	863
512	640	960	545	630	924
512	640	1023	550	632	984
512	704	0	516	677	112
512	704	64	516	677	124
512	704	128	517	677	161
512	704	192	517	678	210
512	704	256	518	678	264
512	704	320	519	678	321
512	704	384	521	679	380
512	704	448	523	679	439
512	704	512	525	680	499
512	704	576	527	681	559
512	704	640	530	682	620
512	704	704	533	683	680
512	704	768	537	684	741
512	704	832	541	686	802
512	704	896	545	687	863
512	704	960	550	689	924
512	704	1023	554	690	984
512	768	0	522	737	117
512	768	64	522	737	129
512	768	128	522	737	164
512	768	192	523	738	212
512	768	256	523	738	266
512	768	320	525	738	323
512	768	384	526	739	381
512	768	448	528	739	440
512	768	512	530	740	500
512	768	576	533	741	560
512	768	640	535	741	621
512	768	704	539	742	681
512	768	768	542	744	742
512	768	832	546	745	803
512	768	896	550	746	863
512	768	960	555	747	924
512	768	1023	559	749	984
512	832	0	527	797	122
512	832	64	527	797	134
512	832	128	528	797	168
512	832	192	528	798	215
512	832	256	529	798	268
512	832	320	530	798	324
512	832	384	532	799	382
512	832	448	534	799	441
512	832	512	536	800	501
512	832	576	538	800	561
512	832	640	541	801	621
512	832	704	544	802	682
512	832	768	548	803	742
512	832	832	551	804	803
512	832	896	556	805	864
512	832	960	560	807	925
512	832	1023	565	808	985
512	896	0	534	858	128
512	896	64	534	858	139
512	896	128	534	858	172
512	896	192	535	858	218
512	896	256	535	858	270
512	896	320	537	858	326
512	896	384	538	859	384
512	896	448	540	859	443
512	896	512	542	860	502
512	896	576	544	860	562
512	896	640	547	861	622
512	896	704	550	862	682
512	896	768	554	863	743
512	896	832	557	864	804
512	896	896	561	865	864
512	896	960	566	866	925
512	896	1023	571	867	985
512	960	0	540	918	133
512	960	64	541	918	144
512	960	128	541	918	176
512	960	192	541	918	221
512	960	256	542	918	273
512	960	320	543	918	328
512	960	384	545	919	385
512	960	448	547	919	444
512	960	512	549	920	503
512	960	576	551	920	563
512	960	640	554	921	623
512	960	704	557	922	683
512	960	768	560	923	744
512	960	832	564	924	804
512	960	896	568	925	865
512	960	960	572	926	926
512	960	1023	577	927	986
512	1023	0	548	977	139
512	1023	64	548	977	149
512	1023	128	548	977	180
512	1023	192	549	977	224
512	1023	256	549	978	275
512	1023	320	550	978	330
512	1023	384	552	978	387
512	1023	448	554	979	445
512	1023	512	556	979	504
512	1023	576	558	980	564
512	1023	640	561	980	624
512	1023	704	564	981	684
512	1023	768	567	982	744
512	1023	832	571	983	805
512	1023	896	575	983	866
512	1023	960	579	985	926
512	1023	1023	583	986	986
576	0	0	551	149	93
576	0	64	551	150	108
576	0	128	551	150	149
576	0	192	552	151	201
576	0	256	553	153	258
576	0	320	554	156	316
576	0	384	555	158	376
576	0	448	557	162	436
576	0	512	559	166	496
576	0	576	561	170	557
576	0	640	564	175	618
576	0	704	567	181	679
576	0	768	570	187	739
576	0	832	574	193	800
576	0	896	578	199	862
576	0	960	582	206	923
576	0	1023	587	213	983
576	64	0	551	159	93
576	64	64	551	159	108
576	64	128	552	159	149
576	64	192	552	160	202
576	64	256	553	162	258
576	64	320	554	164	317
576	64	384	555	167	376
576	64	448	557	170	436
576	64	512	559	174	496
576	64	576	561	178	557
576	64	640	564	183	618
576	64	704	567	188	679
576	64	768	570	194	739
576	64	832	574	200	800
576	64	896	578	206	862
576	64	960	582	213	923
576	64	1023	587	219	983
576	128	0	552	187	93
576	128	64	552	187	109
576	128	128	552	188	150
576	128	192	553	188	202
576	128	256	553	190	258
576	128	320	554	192	317
576	128	384	556	194	376
576	128	448	558	197	436
576	128	512	560	200	496
576	128	576	562	203	557
576	128	640	565	207	618
576	128	704	568	212	679
576	128	768	571	217	740
576	128	832	574	222	801
576	128	896	578	228	862
576	128	960	583	233	923
576	128	1023	587	239	983
576	192	0	552	229	94
576	192	64	552	229	110
576	192	128	553	229	150
576	192	192	553	230	202
576	192	256	554	231	259
576	192	320	555	232	317
576	192	384	557	234	376
576	192	448	558	236	436
576	192	512	560	239	497
576	192	576	563	242	557
576	192	640	565	245	618
576	192	704	568	249	679
576	192	768	572	253	740
576	192	832	575	257	801
576	192	896	579	262	862
576	192	960	583	267	923
576	192	1023	588	272	983
576	256	0	554	278	96
576	256	64	554	278	111
576	256	128	554	278	151
576	256	192	555	279	203
576	256	256	555	280	259
576	256	320	556	281	317
576	256	384	558	282	377
576	256	448	560	284	436
576	256	512	562	286	497
576	256	576	564	289	557
576	256	640	567	291	618
576	256	704	569	294	679
576	256	768	573	298	740
576	256	832	576	301	801
576	256	896	580	305	862
576	256	960	585	309	923
576	256	1023	589	314	983
576	320	0	555	331	98
576	320	64	555	332	113
576	320	128	556	332	152
576	320	192	556	332	204
576	320	256	557	333	260
576	320	320	558	334	318
576	320	384	559	335	377
576	320	448	561	336	437
576	320	512	563	338	497
576	320	576	565	340	558
576	320	640	568	342	618
576	320	704	571	345	679
576	320	768	574	347	740
576	320	832	578	350	801
576	320	896	582	354	862
576	320	960	586	357	923
576	320	1023	590	361	983
576	384	0	557	387	100
576	384	64	557	387	115
576	384	128	558	387	154
576	384	192	558	388	205
576	384	256	559	388	260
576	384	320	560	389	318
576	384	384	561	390	377
576	384	448	563	391	437
576	384	512	565	393	497
576	384	576	567	394	558
576	384	640	570	396	618
576	384	704	573	398	679
576	384	768	576	401	740
576	384	832	580	403	801
576	384	896	584	406	862
576	384	960	588	409	923
576	384	1023	592	412	983
576	448	0	560	444	103
576	448	64	560	444	117
576	448	128	560	445	156
576	448	192	561	445	206
576	448	256	561	445	261
576	448	320	563	446	319
576	448	384	564	447	378
576	448	448	566	448	438
576	448	512	568	449	498
576	448	576	570	450	558
576	448	640	572	452	619
576	448	704	575	454	680
576	448	768	579	456	740
576	448	832	582	458	801
576	448	896	586	460	862
576	448	960	590	463	923
576	448	1023	595	466	983
576	512	0	563	502	107
576	512	64	563	503	120
576	512	128	563	503	158
576	512	192	564	503	207
576	512	256	564	503	262
576	512	320	565	504	320
576	512	384	567	505	379
576	512	448	568	506	438
576	512	512	570	507	498
576	512	576	573	508	559
576	512	640	575	509	619
576	512	704	578	511	680
576	512	768	581	512	741
576	512	832	585	514	802
576	512	896	589	516	863
576	512	960	593	519	924
576	512	1023	597	521	984
576	576	0	566	561	111
576	576	64	566	561	123
576	576	128	566	561	160
576	576	192	567	562	209
576	576	256	568	562	264
576	576	320	569	562	321
576	576	384	570	563	380
576	576	448	572	564	439
576	576	512	574	565	499
576	576	576	576	566	559
576	576	640	579	567	620
576	576	704	581	568	680
576	576	768	585	570	741
576	576	832	588	572	802
576	576	896	592	573	863
576	576	960	596	575	924
576	576	1023	601	577	984
576	640	0	570	620	115
576	640	64	570	620	127
576	640	128	570	620	163
576	640	192	571	621	211
576	640	256	571	621	265
576	640	320	573	621	322
576	640	384	574	622	381
576	640	448	576	623	440
576	640	512	577	624	500
576	640	576	580	624	560
576	640	640	582	626	620
576	640	704	585	627	681
576	640	768	588	628	742
576	640	832	592	630	802
576	640	896	596	631	863
576	640	960	600	633	924
576	640	1023	604	635	984
576	704	0	574	680	119
576	704	64	574	680	131
576	704	128	574	680	166
576	704	192	575	680	213
576	704	256	576	680	267
576	704	320	577	681	323
576	704	384	578	681	382
576	704	448	580	682	441
576	704	512	582	683	500
576	704	576	584	684	560
576	704	640	586	684	621
576	704	704	589	686	681
576	704	768	592	687	742
576	704	832	596	688	803
576	704	896	600	690	864
576	704	960	604	691	925
576	704	1023	608	693	985
576	768	0	579	740	124
576	768	64	579	740	135
576	768	128	579	740	169
576	768	192	580	740	216
576	768	256	580	740	269
576	768	320	581	740	325
576	768	384	583	741	383
576	768	448	584	741	442
576	768	512	586	742	501
576	768	576	589	743	561
576	768	640	591	744	621
576	768	704	594	745	682
576	768	768	597	746	743
576	768	832	600	747	803
576	768	896	604	748	864
576	768	960	608	750	925
576	768	1023	612	751	985
576	832	0	584	799	129
576	832	64	584	799	140
576	832	128	584	800	172
576	832	192	585	800	218
576	832	256	586	800	271
576	832	320	587	800	327
576	832	384	588	801	384
576	832	448	590	801	443
576	832	512	591	802	502
576	832	576	594	802	562
576	832	640	596	803	622
576	832	704	599	804	683
576	832	768	602	805	743
576	832	832	605	806	804
576	832	896	609	807	865
576	832	960	613	809	925
576	832	1023	617	810	985
576	896	0	590	859	134
576	896	64	590	859	144
576	896	128	590	860	176
576	896	192	590	860	221
576	896	256	591	860	273
576	896	320	592	860	328
576	896	384	593	861	386
576	896	448	595	861	444
576	896	512	597	862	503
576	896	576	599	862	563
576	896	640	602	863	623
576	896	704	604	864	683
576	896	768	607	865	744
576	896	832	611	866	804
576	896	896	614	867	865
576	896	960	618	868	926
576	896	1023	623	869	986
576	960	0	596	920	139
576	960	64	596	920	149
576	960	128	596	920	180
576	960	192	596	920	224
576	960	256	597	920	275
576	960	320	598	920	330
576	960	384	599	921	387
576	960	448	601	921	445
576	960	512	603	922	504
576	960	576	605	922	564
576	960	640	607	923	624
576	960	704	610	924	684
576	960	768	613	924	745
576	960	832	617	925	805
576	960	896	620	926	866
576	960	960	624	927	927
576	960	1023	628	929	986
576	1023	0	602	979	145
576	1023	64	602	979	154
576	1023	128	602	979	184
576	1023	192	603	979	227
576	1023	256	604	979	278
576	1023	320	605	979	332
576	1023	384	606	980	389
576	1023	448	607	980	447
576	1023	512	609	981	506
576	1023	576	611	981	565
576	1023	640	614	982	625
576	1023	704	616	983	685
576	1023	768	619	983	745
576	1023	832	623	984	806
576	1023	896	626	985	866
576	1023	960	630	986	927
576	1023	1023	634	987	987
640	0	0	612	166	103
640	0	64	612	166	117
640	0	128	613	167	155
640	0	192	613	168	206
640	0	256	614	169	261
640	0	320	615	171	319
640	0	384	616	174	378
640	0	448	618	177	438
640	0	512	619	181	498
640	0	576	621	185	558
640	0	640	624	189	619
640	0	704	626	194	680
640	0	768	629	200	740
640	0	832	633	205	801
640	0	896	636	212	862
640	0	960	640	218	923
640	0	1023	644	224	983
640	64	0	612	174	103
640	64	64	612	174	117
640	64	128	613	175	155
640	64	192	613	176	206
640	64	256	614	177	261
640	64	320	615	179	319
640	64	384	616	182	378
640	64	448	618	185	438
640	64	512	619	188	498
640	64	576	622	192	558
640	64	640	624	196	619
640	64	704	627	201	680
640	64	768	629	206	740
640	64	832	633	212	801
640	64	896	636	218	862
640	64	960	640	224	923
640	64	1023	644	230	983
640	128	0	613	200	104
640	128	64	613	200	117
640	128	128	613	200	156
640	128	192	614	201	206
640	128	256	614	203	261
640	128	320	615	204	319
640	128	384	617	206	378
640	128	448	618	209	438
640	128	512	620	212	498
640	128	576	622	215	558
640	128	640	624	219	619
640	128	704	627	223	680
640	128	768	630	228	740
640	128	832	633	233	801
640	128	896	637	238	862
640	128	960	640	244	923
640	128	1023	644	249	984
640	192	0	613	239	105
640	192	64	614	239	118
640	192	128	614	240	156
640	192	192	614	240	206
640	192	256	615	241	262
640	192	320	616	243	319
640	192	384	617	244	378
640	192	448	619	246	438
640	192	512	621	249	498
640	192	576	623	252	558
640	192	640	625	255	619
640	192	704	628	258	680
640	192	768	630	262	741
640	192	832	634	266	801
640	192	896	637	271	862
640	192	960	641	276	923
640	192	1023	645	281	984
640	256	0	615	286	106
640	256	64	615	286	119
640	256	128	615	287	157
640	256	192	615	287	207
640	256	256	616	288	262
640	256	320	617	289	320
640	256	384	618	291	379
640	256	448	620	292	438
640	256	512	622	294	498
640	256	576	624	297	559
640	256	640	626	299	619
640	256	704	629	302	680
640	256	768	631	305	741
640	256	832	635	309	802
640	256	896	638	312	863
640	256	960	642	316	924
640	256	1023	646	321	984
640	320	0	616	338	108
640	320	64	616	338	121
640	320	128	616	338	158
640	320	192	617	339	208
640	320	256	617	340	263
640	320	320	618	341	320
640	320	384	620	342	379
640	320	448	621	343	439
640	320	512	623	345	499
640	320	576	625	347	559
640	320	640	627	349	619
640	320	704	630	351	680
640	320	768	633	354	741
640	320	832	636	357	802
640	320	896	640	360	863
640	320	960	643	363	924
640	320	1023	647	367	984
640	384	0	618	393	110
640	384	64	618	393	123
640	384	128	618	393	160
640	384	192	619	393	209
640	384	256	619	394	264
640	384	320	620	395	321
640	384	384	621	396	379
640	384	448	623	397	439
640	384	512	625	398	499
640	384	576	627	400	559
640	384	640	629	402	620
640	384	704	632	404	680
640	384	768	635	406	741
640	384	832	638	408	802
640	384	896	641	411	863
640	384	960	645	414	924
640	384	1023	649	417	984
640	448	0	620	449	113
640	448	64	620	449	125
640	448	128	620	449	161
640	448	192	621	450	210
640	448	256	621	450	265
640	448	320	622	451	322
640	448	384	624	452	380
640	448	448	625	453	439
640	448	512	627	454	499
640	448	576	629	455	560
640	448	640	631	457	620
640	448	704	634	458	681
640	448	768	637	460	741
640	448	832	640	463	802
640	448	896	643	465	863
640	448	960	647	467	924
640	448	1023	651	470	984
640	512	0	623	507	116
640	512	64	623	507	128
640	512	128	623	507	163
640	512	192	623	507	212
640	512	256	624	507	266
640	512	320	625	508	322
640	512	384	626	509	381
640	512	448	628	510	440
640	512	512	629	511	500
640	512	576	631	512	560
640	512	640	634	513	620
640	512	704	636	515	681
640	512	768	639	516	742
640	512	832	642	518	802
640	512	896	646	520	863
640	512	960	650	522	924
640	512	1023	654	525	984
640	576	0	625	565	119
640	576	64	626	565	131
640	576	128	626	565	166
640	576	192	626	565	213
640	576	256	627	566	267
640	576	320	628	566	323
640	576	384	629	567	382
640	576	448	631	567	441
640	576	512	632	568	500
640	576	576	634	569	560
640	576	640	637	571	621
640	576	704	639	572	681
640	576	768	642	573	742
640	576	832	645	575	803
640	576	896	649	577	864
640	576	960	652	579	925
640	576	1023	656	581	985
640	640	0	629	624	123
640	640	64	629	624	134
640	640	128	629	624	168
640	640	192	630	624	215
640	640	256	630	624	268
640	640	320	631	625	325
640	640	384	633	625	383
640	640	448	634	626	442
640	640	512	636	627	501
640	640	576	638	628	561
640	640	640	640	629	621
640	640	704	643	630	682
640	640	768	645	631	742
640	640	832	649	633	803
640	640	896	652	634	864
640	640	960	656	636	925
640	640	1023	660	638	985
640	704	0	633	683	127
640	704	64	633	683	138
640	704	128	633	683	171
640	704	192	633	683	217
640	704	256	634	683	270
640	704	320	635	684	326
640	704	384	636	684	384
640	704	448	638	685	442
640	704	512	639	686	502
640	704	576	641	686	562
640	704	640	644	687	622
640	704	704	646	688	682
640	704	768	649	690	743
640	704	832	652	691	804
640	704	896	656	692	864
640	704	960	659	694	925
640	704	1023	663	696	985
640	768	0	637	742	131
640	768	64	637	742	142
640	768	128	637	742	174
640	768	192	638	742	220
640	768	256	638	743	272
640	768	320	639	743	327
640	768	384	640	743	385
640	768	448	642	744	443
640	768	512	644	745	503
640	768	576	646	745	563
640	768	640	648	746	623
640	768	704	650	747	683
640	768	768	653	748	743
640	768	832	656	750	804
640	768	896	660	751	865
640	768	960	663	752	926
640	768	1023	667	754	986
640	832	0	641	802	136
640	832	64	642	802	146
640	832	128	642	802	177
640	832	192	642	802	222
640	832	256	643	802	274
640	832	320	644	803	329
640	832	384	645	803	386
640	832	448	646	804	445
640	832	512	648	804	504
640	832	576	650	805	563
640	832	640	652	806	623
640	832	704	655	806	684
640	832	768	658	807	744
640	832	832	661	809	805
640	832	896	664	810	865
640	832	960	668	811	926
640	832	1023	671	812	986
640	896	0	646	862	141
640	896	64	647	862	151
640	896	128	647	862	181
640	896	192	647	862	225
640	896	256	648	862	276
640	896	320	649	862	331
640	896	384	650	863	388
640	896	448	651	863	446
640	896	512	653	864	505
640	896	576	655	864	564
640	896	640	657	865	624
640	896	704	660	866	684
640	896	768	662	867	745
640	896	832	666	868	805
640	896	896	669	869	866
640	896	960	672	870	927
640	896	1023	676	871	987
640	960	0	652	922	146
640	960	64	652	922	155
640	960	128	652	922	185
640	960	192	653	922	228
640	960	256	653	922	278
640	960	320	654	922	333
640	960	384	655	923	389
640	960	448	657	923	447
640	960	512	658	924	506
640	960	576	660	924	565
640	960	640	663	925	625
640	960	704	665	926	685
640	960	768	668	926	745
640	960	832	671	927	806
640	960	896	674	928	867
640	960	960	678	929	927
640	960	1023	681	931	987
640	1023	0	658	981	151
640	1023	64	658	981	160
640	1023	128	658	981	189
640	1023	192	658	981	231
640	1023	256	659	981	281
640	1023	320	660	981	335
640	1023	384	661	982	391
640	1023	448	662	982	448
640	1023	512	664	983	507
640	1023	576	666	983	566
640	1023	640	668	984	626
640	1023	704	671	984	686
640	1023	768	673	985	746
640	1023	832	676	986	807
640	1023	896	679	987	867
640	1023	960	683	988	928
640	1023	1023	687	989	988
704	0	0	674	183	113
704	0	64	674	183	126
704	0	128	674	183	162
704	0	192	674	184	210
704	0	256	675	186	265
704	0	320	676	188	322
704	0	384	677	190	380
704	0	448	678	193	440
704	0	512	680	196	499
704	0	576	682	200	560
704	0	640	684	204	620
704	0	704	686	208	681
704	0	768	689	213	741
704	0	832	692	219	802
704	0	896	695	224	863
704	0	960	698	230	924
704	0	1023	702	236	984
704	64	0	674	190	113
704	64	64	674	190	126
704	64	128	674	191	162
704	64	192	674	191	211
704	64	256	675	193	265
704	64	320	676	195	322
704	64	384	677	197	380
704	64	448	678	199	440
704	64	512	680	203	499
704	64	576	682	206	560
704	64	640	684	210	620
704	64	704	686	215	681
704	64	768	689	219	741
704	64	832	692	224	802
704	64	896	695	230	863
704	64	960	698	236	924
704	64	1023	702	242	984
704	128	0	674	213	114
704	128	64	674	214	126
704	128	128	674	214	162
704	128	192	675	215	211
704	128	256	675	216	265
704	128	320	676	217	322
704	128	384	677	219	380
704	128	448	679	222	440
704	128	512	680	225	500
704	128	576	682	228	560
704	128	640	684	231	620
704	128	704	687	235	681
704	128	768	689	239	741
704	128	832	692	244	802
704	128	896	695	249	863
704	128	960	699	254	924
704	128	1023	702	260	984
704	192	0	675	250	115
704	192	64	675	250	127
704	192	128	675	251	163
704	192	192	675	251	211
704	192	256	676	252	265
704	192	320	677	253	322
704	192	384	678	255	381
704	192	448	679	257	440
704	192	512	681	259	500
704	192	576	683	262	560
704	192	640	685	265	620
704	192	704	687	268	681
704	192	768	690	272	742
704	192	832	693	276	802
704	192	896	696	280	863
704	192	960	699	285	924
704	192	1023	703	290	984
704	256	0	676	295	116
704	256	64	676	295	128
704	256	128	676	296	164
704	256	192	676	296	212
704	256	256	677	297	266
704	256	320	678	298	323
704	256	384	679	299	381
704	256	448	680	301	440
704	256	512	682	303	500
704	256	576	684	305	560
704	256	640	686	308	620
704	256	704	688	310	681
704	256	768	691	314	742
704	256	832	694	317	802
704	256	896	697	321	863
704	256	960	700	324	924
704	256	1023	704	329	984
704	320	0	677	346	118
704	320	64	677	346	130
704	320	128	677	346	165
704	320	192	678	346	212
704	320	256	678	347	266
704	320	320	679	348	323
704	320	384	680	349	381
704	320	448	681	350	440
704	320	512	683	352	500
704	320	576	685	354	560
704	320	640	687	356	621
704	320	704	689	358	681
704	320	768	692	361	742
704	320	832	695	364	803
704	320	896	698	367	864
704	320	960	701	370	924
704	320	1023	705	374	985
704	384	0	678	399	120
704	384	64	678	399	131
704	384	128	679	399	166
704	384	192	679	400	213
704	384	256	680	400	267
704	384	320	681	401	324
704	384	384	682	402	382
704	384	448	683	403	441
704	384	512	685	404	501
704	384	576	686	406	561
704	384	640	689	408	621
704	384	704	691	410	681
704	384	768	694	412	742
704	384	832	696	414	803
704	384	896	699	417	864
704	384	960	703	420	925
704	384	1023	706	423	985
704	448	0	680	454	122
704	448	64	680	454	133
704	448	128	681	455	168
704	448	192	681	455	215
704	448	256	682	455	268
704	448	320	683	456	324
704	448	384	684	457	382
704	448	448	685	458	441
704	448	512	687	459	501
704	448	576	688	460	561
704	448	640	690	462	621
704	448	704	693	464	682
704	448	768	695	466	742
704	448	832	698	468	803
704	448	896	701	470	864
704	448	960	705	472	925
704	448	1023	708	475	985
704	512	0	683	511	125
704	512	64	683	511	136
704	512	128	683	511	169
704	512	192	683	512	216
704	512	256	684	512	269
704	512	320	685	513	325
704	512	384	686	513	383
704	512	448	687	514	442
704	512	512	689	515	501
704	512	576	691	516	561
704	512	640	693	518	622
704	512	704	695	519	682
704	512	768	698	521	743
704	512	832	701	523	803
704	512	896	704	525	864
704	512	960	707	527	925
704	512	1023	711	529	985
704	576	0	685	569	128
704	576	64	685	569	139
704	576	128	686	569	172
704	576	192	686	569	218
704	576	256	687	570	270
704	576	320	688	570	326
704	576	384	689	571	384
704	576	448	690	571	443
704	576	512	691	572	502
704	576	576	693	573	562
704	576	640	695	575	622
704	576	704	698	576	682
704	576	768	700	577	743
704	576	832	703	579	804
704	576	896	706	581	865
704	576	960	710	583	925
704	576	1023	713	585	985
704	640	0	688	627	131
704	640	64	688	627	142
704	640	128	689	627	174
704	640	192	689	628	220
704	640	256	690	628	272
704	640	320	691	628	327
704	640	384	692	629	385
704	640	448	693	629	443
704	640	512	694	630	503
704	640	576	696	631	563
704	640	640	698	632	623
704	640	704	701	633	683
704	640	768	703	635	743
704	640	832	706	636	804
704	640	896	709	638	865
704	640	960	712	640	926
704	640	1023	716	641	986
704	704	0	692	686	135
704	704	64	692	686	145
704	704	128	692	686	177
704	704	192	692	686	222
704	704	256	693	687	273
704	704	320	694	687	329
704	704	384	695	687	386
704	704	448	696	688	444
704	704	512	698	689	504
704	704	576	700	690	563
704	704	640	702	691	623
704	704	704	704	692	683
704	704	768	707	693	744
704	704	832	709	694	805
704	704	896	712	695	865
704	704	960	716	697	926
704	704	1023	719	699	986
704	768	0	696	745	139
704	768	64	696	745	149
704	768	128	696	745	180
704	768	192	696	745	224
704	768	256	697	746	275
704	768	320	698	746	330
704	768	384	699	746	387
704	768	448	700	747	445
704	768	512	702	748	504
704	768	576	703	748	564
704	768	640	705	749	624
704	768	704	708	750	684
704	768	768	710	751	744
704	768	832	713	752	805
704	768	896	716	754	866
704	768	960	719	755	926
704	768	1023	723	757	986
704	832	0	700	804	144
704	832	64	700	804	153
704	832	128	700	805	183
704	832	192	700	805	226
704	832	256	701	805	277
704	832	320	702	805	332
704	832	384	703	806	388
704	832	448	704	806	446
704	832	512	706	807	505
704	832	576	707	807	565
704	832	640	709	808	625
704	832	704	712	809	685
704	832	768	714	810	745
704	832	832	717	811	806
704	832	896	720	812	866
704	832	960	723	814	927
704	832	1023	727	815	987
704	896	0	704	864	148
704	896	64	704	864	157
704	896	128	704	864	187
704	896	192	705	864	229
704	896	256	706	864	279
704	896	320	706	865	333
704	896	384	707	865	390
704	896	448	709	866	448
704	896	512	710	866	506
704	896	576	712	867	566
704	896	640	714	868	625
704	896	704	716	868	685
704	896	768	719	869	746
704	896	832	721	870	806
704	896	896	724	871	867
704	896	960	728	873	927
704	896	1023	731	874	987
704	960	0	709	924	153
704	960	64	709	924	162
704	960	128	709	924	190
704	960	192	710	924	232
704	960	256	710	924	282
704	960	320	711	924	335
704	960	384	712	925	391
704	960	448	714	925	449
704	960	512	715	926	507
704	960	576	717	926	567
704	960	640	719	927	626
704	960	704	721	928	686
704	960	768	723	929	746
704	960	832	726	930	807
704	960	896	729	931	867
704	960	960	732	932	928
704	960	1023	736	933	988
704	1023	0	714	983	158
704	1023	64	714	983	167
704	1023	128	715	983	194
704	1023	192	715	983	235
704	1023	256	716	983	284
704	1023	320	716	983	337
704	1023	384	717	984	393
704	1023	448	719	984	450
704	1023	512	720	985	509
704	1023	576	722	985	568
704	1023	640	724	986	627
704	1023	704	726	986	687
704	1023	768	728	987	747
704	1023	832	731	988	808
704	1023	896	734	989	868
704	1023	960	737	990	929
704	1023	1023	741	991	988
768	0	0	735	199	124
768	0	64	735	199	135
768	0	128	735	200	169
768	0	192	735	201	216
768	0	256	736	202	269
768	0	320	737	204	325
768	0	384	738	206	383
768	0	448	739	208	442
768	0	512	740	211	501
768	0	576	742	215	561
768	0	640	744	219	621
768	0	704	746	223	682
768	0	768	749	227	743
768	0	832	751	232	803
768	0	896	754	237	864
768	0	960	757	243	925
768	0	1023	760	249	985
768	64	0	735	206	124
768	64	64	735	206	135
768	64	128	735	206	169
768	64	192	735	207	216
768	64	256	736	208	269
768	64	320	737	210	325
768	64	384	738	212	383
768	64	448	739	215	442
768	64	512	741	217	501
768	64	576	742	221	561
768	64	640	744	224	621
768	64	704	746	228	682
768	64	768	749	233	743
768	64	832	751	238	803
768	64	896	754	243	864
768	64	960	757	248	925
768	64	1023	760	254	985
768	128	0	735	227	124
768	128	64	735	228	135
768	128	128	735	228	169
768	128	192	736	229	216
768	128	256	736	230	269
768	128	320	737	231	325
768	128	384	738	233	383
768	128	448	739	235	442
768	128	512	741	238	501
768	128	576	742	241	561
768	128	640	744	244	622
768	128	704	747	248	682
768	128	768	749	252	743
768	128	832	752	256	803
768	128	896	754	261	864
768	128	960	757	266	925
768	128	1023	761	271	985
768	192	0	736	262	125
768	192	64	736	262	136
768	192	128	736	262	170
768	192	192	736	263	216
768	192	256	737	264	269
768	192	320	738	265	325
768	192	384	739	267	383
768	192	448	740	268	442
768	192	512	741	271	501
768	192	576	743	273	561
768	192	640	745	276	622
768	192	704	747	279	682
768	192	768	749	283	743
768	192	832	752	287	803
768	192	896	755	291	864
768	192	960	758	295	925
768	192	1023	761	300	985
768	256	0	737	305	126
768	256	64	737	305	137
768	256	128	737	305	170
768	256	192	737	306	217
768	256	256	738	307	270
768	256	320	739	308	326
768	256	384	740	309	383
768	256	448	741	310	442
768	256	512	742	312	502
768	256	576	744	314	562
768	256	640	746	317	622
768	256	704	748	320	682
768	256	768	750	323	743
768	256	832	753	326	804
768	256	896	756	329	864
768	256	960	759	333	925
768	256	1023	762	337	985
768	320	0	738	354	127
768	320	64	738	354	138
768	320	128	738	354	171
768	320	192	738	354	218
768	320	256	739	355	270
768	320	320	740	356	326
768	320	384	741	357	384
768	320	448	742	358	443
768	320	512	743	360	502
768	320	576	745	362	562
768	320	640	747	364	622
768	320	704	749	366	682
768	320	768	751	368	743
768	320	832	754	371	804
768	320	896	757	374	864
768	320	960	760	378	925
768	320	1023	763	381	985
768	384	0	739	406	129
768	384	64	739	406	140
768	384	128	739	406	173
768	384	192	740	406	219
768	384	256	740	407	271
768	384	320	741	408	327
768	384	384	742	409	384
768	384	448	743	410	443
768	384	512	745	411	502
768	384	576	746	413	562
768	384	640	748	414	622
768	384	704	750	416	683
768	384	768	753	418	743
768	384	832	755	421	804
768	384	896	758	423	865
768	384	960	761	426	926
768	384	1023	765	429	985
768	448	0	741	460	131
768	448	64	741	460	142
768	448	128	741	460	174
768	448	192	742	461	220
768	448	256	742	461	272
768	448	320	743	462	327
768	448	384	744	463	385
768	448	448	745	464	443
768	448	512	747	465	503
768	448	576	748	466	563
768	448	640	750	468	623
768	448	704	752	469	683
768	448	768	755	471	743
768	448	832	757	473	804
768	448	896	760	476	865
768	448	960	763	478	926
768	448	1023	766	481	986
768	512	0	743	516	134
768	512	64	743	516	144
768	512	128	743	516	176
768	512	192	744	517	221
768	512	256	744	517	273
768	512	320	745	518	328
768	512	384	746	518	386
768	512	448	747	519	444
768	512	512	749	520	503
768	512	576	750	521	563
768	512	640	752	523	623
768	512	704	754	524	683
768	512	768	757	526	744
768	512	832	759	528	804
768	512	896	762	530	865
768	512	960	765	532	926
768	512	1023	768	534	986
768	576	0	745	573	137
768	576	64	745	573	147
768	576	128	746	573	178
768	576	192	746	574	223
768	576	256	747	574	274
768	576	320	747	575	329
768	576	384	748	575	386
768	576	448	750	576	445
768	576	512	751	577	504
768	576	576	753	578	564
768	576	640	754	579	623
768	576	704	757	580	684
768	576	768	759	582	744
768	576	832	762	583	805
768	576	896	764	585	865
768	576	960	767	587	926
768	576	1023	771	589	986
768	640	0	748	631	140
768	640	64	748	631	150
768	640	128	748	631	180
768	640	192	749	631	224
768	640	256	749	632	276
768	640	320	750	632	330
768	640	384	751	633	387
768	640	448	752	633	446
768	640	512	754	634	505
768	640	576	755	635	564
768	640	640	757	636	624
768	640	704	759	637	684
768	640	768	762	639	745
768	640	832	764	640	805
768	640	896	767	642	866
768	640	960	770	643	927
768	640	1023	773	645	986
768	704	0	751	689	144
768	704	64	751	690	153
768	704	128	751	690	183
768	704	192	752	690	226
768	704	256	752	690	277
768	704	320	753	690	332
768	704	384	754	691	388
768	704	448	755	692	446
768	704	512	757	692	505
768	704	576	758	693	565
768	704	640	760	694	625
768	704	704	762	695	685
768	704	768	765	696	745
768	704	832	767	698	806
768	704	896	770	699	866
768	704	960	773	701	927
768	704	1023	776	702	987
768	768	0	755	748	147
768	768	64	755	748	157
768	768	128	755	748	186
768	768	192	755	749	229
768	768	256	756	749	279
768	768	320	757	749	333
768	768	384	758	750	390
768	768	448	759	750	447
768	768	512	760	751	506
768	768	576	762	752	566
768	768	640	764	752	625
768	768	704	766	753	685
768	768	768	768	754	746
768	768	832	771	756	806
768	768	896	773	757	867
768	768	960	776	758	927
768	768	1023	780	760	987
768	832	0	758	807	151
768	832	64	758	807	161
768	832	128	759	807	189
768	832	192	759	808	231
768	832	256	760	808	281
768	832	320	760	808	335
768	832	384	761	809	391
768	832	448	763	809	449
768	832	512	764	810	507
768	832	576	765	810	566
768	832	640	767	811	626
768	832	704	769	812	686
768	832	768	772	813	746
768	832	832	774	814	807
768	832	896	777	815	867
768	832	960	780	817	928
768	832	1023	783	818	988
768	896	0	763	867	156
768	896	64	763	867	165
768	896	128	763	867	192
768	896	192	763	867	234
768	896	256	764	867	283
768	896	320	764	867	336
768	896	384	765	868	392
768	896	448	767	868	450
768	896	512	768	869	508
768	896	576	770	869	567
768	896	640	771	870	627
768	896	704	773	871	687
768	896	768	776	872	747
768	896	832	778	873	807
768	896	896	781	874	868
768	896	960	784	875	928
768	896	1023	787	876	988
768	960	0	767	926	160
768	960	64	767	926	169
768	960	128	767	926	196
768	960	192	768	927	237
768	960	256	768	927	285
768	960	320	769	927	338
768	960	384	770	927	394
768	960	448	771	928	451
768	960	512	772	928	509
768	960	576	774	929	568
768	960	640	776	930	628
768	960	704	778	930	687
768	960	768	780	931	748
768	960	832	783	932	808
768	960	896	785	933	868
768	960	960	788	934	929
768	960	1023	791	935	989
768	1023	0	772	985	165
768	1023	64	772	985	173
768	1023	128	772	985	200
768	1023	192	772	985	240
768	1023	256	773	985	288
768	1023	320	774	986	340
768	1023	384	775	986	395
768	1023	448	776	986	452
768	1023	512	777	987	510
768	1023	576	779	987	569
768	1023	640	780	988	629
768	1023	704	782	989	688
768	1023	768	785	990	748
768	1023	832	787	990	809
768	1023	896	790	991	869
768	1023	960	793	992	929
768	1023	1023	796	993	989
832	0	0	796	216	134
832	0	64	796	216	144
832	0	128	796	216	176
832	0	192	797	217	221
832	0	256	797	218	273
832	0	320	798	220	328
832	0	384	799	222	386
832	0	448	800	224	444
832	0	512	801	227	503
832	0	576	803	230	563
832	0	640	804	234	623
832	0	704	806	237	683
832	0	768	808	242	744
832	0	832	811	246	804
832	0	896	813	251	865
832	0	960	816	256	926
832	0	1023	819	262	986
832	64	0	796	222	134
832	64	64	796	222	144
832	64	128	796	222	176
832	64	192	797	223	221
832	64	256	797	224	273
832	64	320	798	226	328
832	64	384	799	228	386
832	64	448	800	230	444
832	64	512	801	232	503
832	64	576	803	236	563
832	64	640	804	239	623
832	64	704	806	243	683
832	64	768	809	247	744
832	64	832	811	251	804
832	64	896	814	256	865
832	64	960	816	261	926
832	64	1023	819	267	986
832	128	0	796	242	134
832	128	64	796	242	145
832	128	128	797	242	176
832	128	192	797	243	221
832	128	256	797	244	273
832	128	320	798	245	328
832	128	384	799	247	386
832	128	448	800	249	444
832	128	512	801	251	503
832	128	576	803	254	563
832	128	640	805	257	623
832	128	704	807	261	683
832	128	768	809	265	744
832	128	832	811	269	804
832	128	896	814	273	865
832	128	960	817	278	926
832	128	1023	820	283	986
832	192	0	797	274	135
832	192	64	797	274	145
832	192	128	797	274	177
832	192	192	797	275	222
832	192	256	798	276	273
832	192	320	799	277	329
832	192	384	800	279	386
832	192	448	801	280	444
832	192	512	802	282	503
832	192	576	804	285	563
832	192	640	805	288	623
832	192	704	807	291	683
832	192	768	809	294	744
832	192	832	812	298	805
832	192	896	814	301	865
832	192	960	817	306	926
832	192	1023	820	310	986
832	256	0	798	315	136
832	256	64	798	315	146
832	256	128	798	316	178
832	256	192	798	316	222
832	256	256	799	317	274
832	256	320	799	318	329
832	256	384	800	319	386
832	256	448	801	321	445
832	256	512	803	322	504
832	256	576	804	324	563
832	256	640	806	327	623
832	256	704	808	329	684
832	256	768	810	332	744
832	256	832	812	335	805
832	256	896	815	339	865
832	256	960	818	342	926
832	256	1023	821	346	986
832	320	0	799	362	137
832	320	64	799	362	148
832	320	128	799	363	179
832	320	192	799	363	223
832	320	256	800	364	274
832	320	320	800	364	329
832	320	384	801	365	387
832	320	448	802	367	445
832	320	512	804	368	504
832	320	576	805	370	564
832	320	640	807	372	624
832	320	704	809	374	684
832	320	768	811	377	744
832	320	832	813	379	805
832	320	896	816	382	866
832	320	960	819	386	926
832	320	1023	822	389	986
832	384	0	800	413	139
832	384	64	800	413	149
832	384	128	800	413	180
832	384	192	801	414	224
832	384	256	801	414	275
832	384	320	802	415	330
832	384	384	803	416	387
832	384	448	804	417	445
832	384	512	805	418	504
832	384	576	807	420	564
832	384	640	808	422	624
832	384	704	810	423	684
832	384	768	812	426	744
832	384	832	815	428	805
832	384	896	817	430	866
832	384	960	820	433	926
832	384	1023	823	436	986
832	448	0	802	467	141
832	448	64	802	467	151
832	448	128	802	467	181
832	448	192	802	467	225
832	448	256	803	468	276
832	448	320	803	468	331
832	448	384	804	469	388
832	448	448	805	470	446
832	448	512	807	471	505
832	448	576	808	472	564
832	448	640	810	474	624
832	448	704	812	476	684
832	448	768	814	477	745
832	448	832	816	479	805
832	448	896	819	482	866
832	448	960	822	484	927
832	448	1023	825	487	987
832	512	0	803	522	143
832	512	64	804	522	153
832	512	128	804	522	183
832	512	192	804	522	226
832	512	256	805	523	277
832	512	320	805	523	332
832	512	384	806	524	388
832	512	448	807	525	446
832	512	512	809	526	505
832	512	576	810	527	565
832	512	640	812	528	625
832	512	704	814	530	685
832	512	768	816	531	745
832	512	832	818	533	806
832	512	896	821	535	866
832	512	960	824	537	927
832	512	1023	827	539	987
832	576	0	806	578	146
832	576	64	806	578	156
832	576	128	806	578	185
832	576	192	806	579	228
832	576	256	807	579	278
832	576	320	807	579	333
832	576	384	808	580	389
832	576	448	809	581	447
832	576	512	811	582	506
832	576	576	812	583	565
832	576	640	814	584	625
832	576	704	816	585	685
832	576	768	818	587	745
832	576	832	820	588	806
832	576	896	823	590	867
832	576	960	826	592	927
832	576	1023	829	594	987
832	640	0	808	635	149
832	640	64	808	636	158
832	640	128	808	636	187
832	640	192	809	636	230
832	640	256	809	636	280
832	640	320	810	637	334
832	640	384	811	637	390
832	640	448	812	638	448
832	640	512	813	639	507
832	640	576	815	639	566
832	640	640	816	641	626
832	640	704	818	642	686
832	640	768	820	643	746
832	640	832	823	644	806
832	640	896	825	646	867
832	640	960	828	648	928
832	640	1023	831	649	987
832	704	0	811	693	152
832	704	64	811	693	161
832	704	128	811	694	190
832	704	192	812	694	232
832	704	256	812	694	281
832	704	320	813	694	335
832	704	384	814	695	391
832	704	448	815	695	449
832	704	512	816	696	507
832	704	576	818	697	567
832	704	640	819	698	626
832	704	704	821	699	686
832	704	768	823	700	746
832	704	832	826	701	807
832	704	896	828	703	867
832	704	960	831	704	928
832	704	1023	834	706	988
832	768	0	814	752	156
832	768	64	814	752	165
832	768	128	814	752	192
832	768	192	815	752	234
832	768	256	815	752	283
832	768	320	816	753	336
832	768	384	817	753	392
832	768	448	818	754	450
832	768	512	819	754	508
832	768	576	821	755	567
832	768	640	822	756	627
832	768	704	824	757	687
832	768	768	826	758	747
832	768	832	829	759	807
832	768	896	831	760	868
832	768	960	834	762	928
832	768	1023	837	763	988
832	832	0	818	811	160
832	832	64	818	811	168
832	832	128	818	811	195
832	832	192	818	811	236
832	832	256	819	811	285
832	832	320	819	811	338
832	832	384	820	812	394
832	832	448	821	812	451
832	832	512	823	813	509
832	832	576	824	814	568
832	832	640	826	814	628
832	832	704	828	815	687
832	832	768	830	816	747
832	832	832	832	817	808
832	832	896	835	818	868
832	832	960	837	820	929
832	832	1023	840	821	989
832	896	0	821	870	164
832	896	64	821	870	172
832	896	128	822	870	199
832	896	192	822	870	239
832	896	256	822	870	287
832	896	320	823	870	340
832	896	384	824	871	395
832	896	448	825	871	452
832	896	512	826	872	510
832	896	576	828	872	569
832	896	640	829	873	628
832	896	704	831	874	688
832	896	768	833	875	748
832	896	832	836	876	808
832	896	896	838	877	869
832	896	960	841	878	929
832	896	1023	844	879	989
832	960	0	825	929	168
832	960	64	825	929	176
832	960	128	826	929	202
832	960	192	826	929	241
832	960	256	826	929	289
832	960	320	827	930	341
832	960	384	828	930	396
832	960	448	829	931	453
832	960	512	830	931	511
832	960	576	832	932	570
832	960	640	833	932	629
832	960	704	835	933	689
832	960	768	837	934	749
832	960	832	840	935	809
832	960	896	842	936	869
832	960	960	845	937	930
832	960	1023	848	938	989
832	1023	0	830	988	172
832	1023	64	830	988	180
832	1023	128	830	988	206
832	1023	192	830	988	244
832	1023	256	831	988	291
832	1023	320	831	988	343
832	1023	384	832	989	398
832	1023	448	833	989	455
832	1023	512	835	989	512
832	1023	576	836	990	571
832	1023	640	838	991	630
832	1023	704	840	991	690
832	1023	768	842	992	750
832	1023	832	844	993	810
832	1023	896	846	994	870
832	1023	960	849	995	930
832	1023	1023	852	996	990
896	0	0	857	233	144
896	0	64	857	233	154
896	0	128	857	233	184
896	0	192	858	234	227
896	0	256	858	235	277
896	0	320	859	236	332
896	0	384	860	238	389
896	0	448	861	240	447
896	0	512	862	243	505
896	0	576	863	245	565
896	0	640	865	249	625
896	0	704	867	252	685
896	0	768	869	256	745
896	0	832	871	261	806
896	0	896	873	265	866
896	0	960	876	270	927
896	0	1023	879	275	987
896	64	0	857	238	144
896	64	64	857	238	154
896	64	128	857	238	184
896	64	192	858	239	227
896	64	256	858	240	277
896	64	320	859	242	332
896	64	384	860	243	389
896	64	448	861	245	447
896	64	512	862	248	505
896	64	576	863	251	565
896	64	640	865	254	625
896	64	704	867	257	685
896	64	768	869	261	745
896	64	832	871	265	806
896	64	896	873	270	866
896	64	960	876	275	927
896	64	1023	879	280	987
896	128	0	858	256	145
896	128	64	858	257	154
896	128	128	858	257	184
896	128	192	858	257	227
896	128	256	859	258	278
896	128	320	859	260	332
896	128	384	860	261	389
896	128	448	861	263	447
896	128	512	862	265	506
896	128	576	864	268	565
896	128	640	865	271	625
896	128	704	867	274	685
896	128	768	869	278	745
896	128	832	871	282	806
896	128	896	874	286	866
896	128	960	876	290	927
896	128	1023	879	295	987
896	192	0	858	287	145
896	192	64	858	287	155
896	192	128	858	287	184
896	192	192	859	288	227
896	192	256	859	288	278
896	192	320	860	290	332
896	192	384	860	291	389
896	192	448	862	293	447
896	192	512	863	295	506
896	192	576	864	297	565
896	192	640	866	300	625
896	192	704	867	302	685
896	192	768	869	306	745
896	192	832	872	309	806
896	192	896	874	313	866
896	192	960	877	317	927
896	192	1023	879	321	987
896	256	0	859	326	146
896	256	64	859	326	156
896	256	128	859	326	185
896	256	192	859	327	228
896	256	256	860	328	278
896	256	320	860	328	333
896	256	384	861	330	389
896	256	448	862	331	447
896	256	512	863	333	506
896	256	576	865	335	565
896	256	640	866	337	625
896	256	704	868	340	685
896	256	768	870	342	745
896	256	832	872	345	806
896	256	896	875	349	867
896	256	960	877	352	927
896	256	1023	880	356	987
896	320	0	860	371	147
896	320	64	860	372	157
896	320	128	860	372	186
896	320	192	860	372	229
896	320	256	861	373	279
896	320	320	861	374	333
896	320	384	862	375	390
896	320	448	863	376	447
896	320	512	864	377	506
896	320	576	866	379	566
896	320	640	867	381	625
896	320	704	869	383	685
896	320	768	871	386	746
896	320	832	873	388	806
896	320	896	876	391	867
896	320	960	878	394	927
896	320	1023	881	397	987
896	384	0	861	421	149
896	384	64	861	421	158
896	384	128	861	421	187
896	384	192	861	422	230
896	384	256	862	422	280
896	384	320	863	423	334
896	384	384	863	424	390
896	384	448	864	425	448
896	384	512	866	426	507
896	384	576	867	428	566
896	384	640	869	429	626
896	384	704	870	431	686
896	384	768	872	433	746
896	384	832	874	435	806
896	384	896	877	438	867
896	384	960	879	441	928
896	384	1023	882	444	987
896	448	0	862	473	151
896	448	64	862	473	160
896	448	128	863	474	189
896	448	192	863	474	231
896	448	256	863	474	280
896	448	320	864	475	334
896	448	384	865	476	391
896	448	448	866	477	448
896	448	512	867	478	507
896	448	576	868	479	566
896	448	640	870	481	626
896	448	704	872	482	686
896	448	768	874	484	746
896	448	832	876	486	807
896	448	896	878	488	867
896	448	960	881	491	928
896	448	1023	884	493	988
896	512	0	864	528	153
896	512	64	864	528	162
896	512	128	864	528	190
896	512	192	865	528	232
896	512	256	865	529	282
896	512	320	866	529	335
896	512	384	867	530	391
896	512	448	868	531	449
896	512	512	869	532	507
896	512	576	870	533	567
896	512	640	872	534	626
896	512	704	873	535	686
896	512	768	875	537	746
896	512	832	878	539	807
896	512	896	880	541	867
896	512	960	883	543	928
896	512	1023	885	545	988
896	576	0	866	583	155
896	576	64	866	584	164
896	576	128	866	584	192
896	576	192	867	584	234
896	576	256	867	584	283
896	576	320	868	585	336
896	576	384	869	585	392
896	576	448	870	586	450
896	576	512	871	587	508
896	576	576	872	588	567
896	576	640	874	589	627
896	576	704	875	590	687
896	576	768	877	592	747
896	576	832	880	593	807
896	576	896	882	595	868
896	576	960	885	597	928
896	576	1023	887	599	988
896	640	0	868	640	158
896	640	64	868	640	167
896	640	128	869	640	194
896	640	192	869	641	235
896	640	256	869	641	284
896	640	320	870	641	337
896	640	384	871	642	393
896	640	448	872	642	450
896	640	512	873	643	509
896	640	576	874	644	568
896	640	640	876	645	627
896	640	704	878	646	687
896	640	768	880	648	747
896	640	832	882	649	808
896	640	896	884	651	868
896	640	960	887	652	929
896	640	1023	889	654	988
896	704	0	871	698	161
896	704	64	871	698	170
896	704	128	871	698	197
896	704	192	871	698	237
896	704	256	872	698	286
896	704	320	873	699	339
896	704	384	873	699	394
896	704	448	874	700	451
896	704	512	876	700	509
896	704	576	877	701	568
896	704	640	879	702	628
896	704	704	880	703	688
896	704	768	882	704	748
896	704	832	884	706	808
896	704	896	887	707	868
896	704	960	889	709	929
896	704	1023	892	710	989
896	768	0	874	756	165
896	768	64	874	756	173
896	768	128	874	756	199
896	768	192	874	756	239
896	768	256	875	756	287
896	768	320	875	757	340
896	768	384	876	757	395
896	768	448	877	758	452
896	768	512	878	758	510
896	768	576	880	759	569
896	768	640	881	760	629
896	768	704	883	761	688
896	768	768	885	762	748
896	768	832	887	763	808
896	768	896	890	764	869
896	768	960	892	766	929
896	768	1023	895	767	989
896	832	0	877	814	168
896	832	64	877	814	176
896	832	128	877	814	202
896	832	192	878	814	242
896	832	256	878	815	289
896	832	320	879	815	341
896	832	384	879	815	397
896	832	448	880	816	453
896	832	512	882	816	511
896	832	576	883	817	570
896	832	640	884	818	629
896	832	704	886	819	689
896	832	768	888	820	749
896	832	832	890	821	809
896	832	896	893	822	869
896	832	960	895	823	930
896	832	1023	898	825	989
896	896	0	880	873	172
896	896	64	880	873	180
896	896	128	881	873	205
896	896	192	881	873	244
896	896	256	881	873	291
896	896	320	882	874	343
896	896	384	883	874	398
896	896	448	884	875	454
896	896	512	885	875	512
896	896	576	886	876	571
896	896	640	888	876	630
896	896	704	890	877	690
896	896	768	892	878	749
896	896	832	894	879	810
896	896	896	896	880	870
896	896	960	899	881	930
896	896	1023	901	883	990
896	960	0	884	932	176
896	960	64	884	932	184
896	960	128	884	932	209
896	960	192	885	932	247
896	960	256	885	932	293
896	960	320	886	933	345
896	960	384	887	933	399
896	960	448	888	934	456
896	960	512	889	934	513
896	960	576	890	935	572
896	960	640	892	935	631
896	960	704	893	936	690
896	960	768	895	937	750
896	960	832	897	938	810
896	960	896	900	939	870
896	960	960	902	940	931
896	960	1023	905	941	990
896	1023	0	888	990	180
896	1023	64	888	990	188
896	1023	128	888	991	212
896	1023	192	889	991	250
896	1023	256	889	991	296
896	1023	320	890	991	347
896	1023	384	891	991	401
896	1023	448	892	992	457
896	1023	512	893	992	515
896	1023	576	894	993	573
896	1023	640	896	993	632
896	1023	704	897	994	691
896	1023	768	899	995	751
896	1023	832	901	996	811
896	1023	896	904	997	871
896	1023	960	906	998	931
896	1023	1023	909	999	991
960	0	0	918	249	154
960	0	64	918	249	163
960	0	128	919	250	191
960	0	192	919	250	233
960	0	256	919	251	282
960	0	320	920	252	336
960	0	384	921	254	392
960	0	448	922	256	449
960	0	512	923	258	508
960	0	576	924	261	567
960	0	640	926	264	627
960	0	704	927	267	686
960	0	768	929	271	747
960	0	832	931	275	807
960	0	896	933	279	868
960	0	960	936	284	928
960	0	1023	938	289	988
960	64	0	918	254	155
960	64	64	919	254	163
960	64	128	919	255	191
960	64	192	919	255	233
960	64	256	919	256	282
960	64	320	920	257	336
960	64	384	921	259	392
960	64	448	922	261	449
960	64	512	923	263	508
960	64	576	924	266	567
960	64	640	926	269	627
960	64	704	927	272	687
960	64	768	929	276	747
960	64	832	931	280	807
960	64	896	933	284	868
960	64	960	936	288	928
960	64	1023	938	293	988
960	128	0	919	271	155
960	128	64	919	271	164
960	128	128	919	272	192
960	128	192	919	272	233
960	128	256	920	273	282
960	128	320	920	274	336
960	128	384	921	276	392
960	128	448	922	278	449
960	128	512	923	280	508
960	128	576	924	282	567
960	128	640	926	285	627
960	128	704	927	288	687
960	128	768	929	291	747
960	128	832	931	295	807
960	128	896	934	299	868
960	128	960	936	303	928
960	128	1023	938	308	988
960	192	0	919	300	155
960	192	64	919	300	164
960	192	128	919	300	192
960	192	192	920	301	234
960	192	256	920	302	283
960	192	320	921	303	336
960	192	384	921	304	392
960	192	448	922	305	450
960	192	512	924	307	508
960	192	576	925	310	567
960	192	640	926	312	627
960	192	704	928	315	687
960	192	768	930	318	747
960	192	832	932	321	807
960	192	896	934	325	868
960	192	960	936	329	928
960	192	1023	939	333	988
960	256	0	920	337	156
960	256	64	920	337	165
960	256	128	920	338	193
960	256	192	920	338	234
960	256	256	921	339	283
960	256	320	921	340	337
960	256	384	922	341	392
960	256	448	923	342	450
960	256	512	924	344	508
960	256	576	925	346	567
960	256	640	927	348	627
960	256	704	929	350	687
960	256	768	930	353	747
960	256	832	932	356	807
960	256	896	935	359	868
960	256	960	937	363	928
960	256	1023	940	366	988
960	320	0	921	381	157
960	320	64	921	381	166
960	320	128	921	381	194
960	320	192	921	382	235
960	320	256	922	382	284
960	320	320	922	383	337
960	320	384	923	384	393
960	320	448	924	385	450
960	320	512	925	387	509
960	320	576	926	388	568
960	320	640	928	390	627
960	320	704	929	392	687
960	320	768	931	395	747
960	320	832	933	397	807
960	320	896	935	400	868
960	320	960	938	403	929
960	320	1023	940	406	988
960	384	0	922	429	159
960	384	64	922	429	167
960	384	128	922	430	195
960	384	192	922	430	236
960	384	256	923	431	284
960	384	320	923	431	338
960	384	384	924	432	393
960	384	448	925	433	451
960	384	512	926	434	509
960	384	576	927	436	568
960	384	640	929	437	627
960	384	704	930	439	687
960	384	768	932	441	747
960	384	832	934	444	808
960	384	896	937	446	868
960	384	960	939	449	929
960	384	1023	941	451	988
960	448	0	923	481	161
960	448	64	923	481	169
960	448	128	923	481	196
960	448	192	924	481	237
960	448	256	924	482	285
960	448	320	925	482	338
960	448	384	925	483	394
960	448	448	926	484	451
960	448	512	927	485	509
960	448	576	929	486	568
960	448	640	930	488	628
960	448	704	932	489	688
960	448	768	934	491	748
960	448	832	936	493	808
960	448	896	938	495	868
960	448	960	940	498	929
960	448	1023	943	500	989
960	512	0	925	534	163
960	512	64	925	534	171
960	512	128	925	534	198
960	512	192	925	535	238
960	512	256	926	535	286
960	512	320	926	536	339
960	512	384	927	536	395
960	512	448	928	537	452
960	512	512	929	538	510
960	512	576	930	539	569
960	512	640	932	540	628
960	512	704	933	542	688
960	512	768	935	543	748
960	512	832	937	545	808
960	512	896	939	547	869
960	512	960	942	549	929
960	512	1023	944	551	989
960	576	0	927	589	165
960	576	64	927	589	173
960	576	128	927	589	200
960	576	192	927	590	239
960	576	256	928	590	287
960	576	320	928	590	340
960	576	384	929	591	395
960	576	448	930	592	452
960	576	512	931	593	510
960	576	576	932	594	569
960	576	640	934	595	629
960	576	704	935	596	688
960	576	768	937	597	748
960	576	832	939	599	809
960	576	896	941	601	869
960	576	960	944	603	929
960	576	1023	946	604	989
960	640	0	929	645	167
960	640	64	929	645	176
960	640	128	929	645	202
960	640	192	929	646	241
960	640	256	930	646	289
960	640	320	930	646	341
960	640	384	931	647	396
960	640	448	932	648	453
960	640	512	933	648	511
960	640	576	934	649	570
960	640	640	936	650	629
960	640	704	937	651	689
960	640	768	939	653	749
960	640	832	941	654	809
960	640	896	943	656	869
960	640	960	946	657	930
960	640	1023	948	659	989
960	704	0	931	702	170
960	704	64	931	702	178
960	704	128	931	702	204
960	704	192	932	703	243
960	704	256	932	703	290
960	704	320	933	703	342
960	704	384	933	704	397
960	704	448	934	704	454
960	704	512	935	705	512
960	704	576	937	706	570
960	704	640	938	707	630
960	704	704	940	708	689
960	704	768	942	709	749
960	704	832	944	710	809
960	704	896	946	712	870
960	704	960	948	713	930
960	704	1023	951	715	990
960	768	0	934	760	173
960	768	64	934	760	181
960	768	128	934	760	206
960	768	192	934	760	245
960	768	256	935	760	292
960	768	320	935	761	344
960	768	384	936	761	398
960	768	448	937	762	455
960	768	512	938	762	513
960	768	576	939	763	571
960	768	640	941	764	630
960	768	704	942	765	690
960	768	768	944	766	750
960	768	832	946	767	810
960	768	896	948	768	870
960	768	960	951	770	931
960	768	1023	953	771	990
960	832	0	937	818	177
960	832	64	937	818	184
960	832	128	937	818	209
960	832	192	937	818	247
960	832	256	938	818	294
960	832	320	938	819	345
960	832	384	939	819	400
960	832	448	940	820	456
960	832	512	941	820	514
960	832	576	942	821	572
960	832	640	944	822	631
960	832	704	945	823	691
960	832	768	947	824	750
960	832	832	949	825	810
960	832	896	951	826	871
960	832	960	953	827	931
960	832	1023	956	828	991
960	896	0	940	877	180
960	896	64	940	877	188
960	896	128	940	877	212
960	896	192	940	877	250
960	896	256	941	877	296
960	896	320	941	877	347
960	896	384	942	878	401
960	896	448	943	878	457
960	896	512	944	879	515
960	896	576	945	879	573
960	896	640	947	880	632
960	896	704	948	881	691
960	896	768	950	882	751
960	896	832	952	883	811
960	896	896	954	884	871
960	896	960	957	885	931
960	896	1023	959	886	991
960	960	0	943	935	184
960	960	64	943	935	192
960	960	128	944	935	215
960	960	192	944	936	252
960	960	256	944	936	298
960	960	320	945	936	349
960	960	384	946	936	403
960	960	448	946	937	458
960	960	512	948	937	516
960	960	576	949	938	574
960	960	640	950	938	633
960	960	704	952	939	692
960	960	768	954	940	752
960	960	832	956	941	812
960	960	896	958	942	872
960	960	960	960	943	932
960	960	1023	962	944	992
960	1023	0	947	993	188
960	1023	64	947	994	195
960	1023	128	947	994	219
960	1023	192	947	994	255
960	1023	256	948	994	300
960	1023	320	948	994	350
960	1023	384	949	994	404
960	1023	448	950	995	460
960	1023	512	951	995	517
960	1023	576	952	996	575
960	1023	640	954	996	634
960	1023	704	955	997	693
960	1023	768	957	998	752
960	1023	832	959	999	812
960	1023	896	961	1000	872
960	1023	960	964	1001	933
960	1023	1023	966	1002	992
1023	0	0	979	265	165
1023	0	64	979	266	173
1023	0	128	979	266	199
1023	0	192	979	267	239
1023	0	256	980	267	287
1023	0	320	980	269	340
1023	0	384	981	270	395
1023	0	448	982	272	452
1023	0	512	983	274	510
1023	0	576	984	277	569
1023	0	640	985	279	629
1023	0	704	987	283	688
1023	0	768	989	286	748
1023	0	832	990	290	808
1023	0	896	992	294	869
1023	0	960	995	298	929
1023	0	1023	997	303	989
1023	64	0	979	270	165
1023	64	64	979	270	173
1023	64	128	979	271	199
1023	64	192	979	271	239
1023	64	256	980	272	287
1023	64	320	980	273	340
1023	64	384	981	275	395
1023	64	448	982	276	452
1023	64	512	983	279	510
1023	64	576	984	281	569
1023	64	640	985	284	629
1023	64	704	987	287	688
1023	64	768	989	290	748
1023	64	832	990	294	808
1023	64	896	992	298	869
1023	64	960	995	302	929
1023	64	1023	997	307	989
1023	128	0	979	286	165
1023	128	64	979	286	173
1023	128	128	979	287	200
1023	128	192	979	287	240
1023	128	256	980	288	288
1023	128	320	980	289	340
1023	128	384	981	290	395
1023	128	448	982	292	452
1023	128	512	983	294	510
1023	128	576	984	296	569
1023	128	640	986	299	629
1023	128	704	987	302	688
1023	128	768	989	305	748
1023	128	832	991	309	809
1023	128	896	993	312	869
1023	128	960	995	316	929
1023	128	1023	997	321	989
1023	192	0	979	313	166
1023	192	64	979	313	174
1023	192	128	980	313	200
1023	192	192	980	314	240
1023	192	256	980	315	288
1023	192	320	981	316	340
1023	192	384	982	317	396
1023	192	448	982	318	453
1023	192	512	983	320	511
1023	192	576	985	322	569
1023	192	640	986	325	629
1023	192	704	987	327	688
1023	192	768	989	330	748
1023	192	832	991	333	809
1023	192	896	993	337	869
1023	192	960	995	341	930
1023	192	1023	998	344	989
1023	256	0	980	349	166
1023	256	64	980	349	174
1023	256	128	980	349	201
1023	256	192	980	350	240
1023	256	256	981	350	288
1023	256	320	981	351	341
1023	256	384	982	352	396
1023	256	448	983	354	453
1023	256	512	984	355	511
1023	256	576	985	357	570
1023	256	640	987	359	629
1023	256	704	988	361	689
1023	256	768	990	364	749
1023	256	832	992	367	809
1023	256	896	994	370	869
1023	256	960	996	373	930
1023	256	1023	998	377	989
1023	320	0	981	391	167
1023	320	64	981	391	175
1023	320	128	981	391	202
1023	320	192	981	392	241
1023	320	256	982	392	289
1023	320	320	982	393	341
1023	320	384	983	394	396
1023	320	448	984	395	453
1023	320	512	985	397	511
1023	320	576	986	398	570
1023	320	640	987	400	629
1023	320	704	989	402	689
1023	320	768	991	404	749
1023	320	832	992	407	809
1023	320	896	994	410	869
1023	320	960	997	413	930
1023	320	1023	999	416	989
1023	384	0	982	438	169
1023	384	64	982	438	177
1023	384	128	982	438	203
1023	384	192	982	439	242
1023	384	256	983	439	289
1023	384	320	983	440	342
1023	384	384	984	441	397
1023	384	448	985	442	453
1023	384	512	986	443	511
1023	384	576	987	444	570
1023	384	640	988	446	629
1023	384	704	990	448	689
1023	384	768	992	450	749
1023	384	832	993	452	809
1023	384	896	995	454	869
1023	384	960	998	457	930
1023	384	1023	1000	460	990
1023	448	0	983	488	170
1023	448	64	983	488	178
1023	448	128	983	489	204
1023	448	192	984	489	243
1023	448	256	984	489	290
1023	448	320	984	490	342
1023	448	384	985	491	397
1023	448	448	986	492	454
1023	448	512	987	493	512
1023	448	576	988	494	570
1023	448	640	990	495	630
1023	448	704	991	497	689
1023	448	768	993	499	749
1023	448	832	995	501	809
1023	448	896	997	503	870
1023	448	960	999	505	930
1023	448	1023	1001	507	990
1023	512	0	985	541	172
1023	512	64	985	541	180
1023	512	128	985	541	205
1023	512	192	985	541	244
1023	512	256	985	542	291
1023	512	320	986	542	343
1023	512	384	987	543	398
1023	512	448	988	544	455
1023	512	512	989	545	512
1023	512	576	990	546	571
1023	512	640	991	547	630
1023	512	704	993	548	690
1023	512	768	994	550	750
1023	512	832	996	552	810
1023	512	896	998	554	870
1023	512	960	1000	556	930
1023	512	1023	1003	558	990
1023	576	0	986	595	174
1023	576	64	986	595	182
1023	576	128	986	595	207
1023	576	192	987	596	246
1023	576	256	987	596	292
1023	576	320	988	596	344
1023	576	384	988	597	399
1023	576	448	989	598	455
1023	576	512	990	599	513
1023	576	576	991	600	571
1023	576	640	993	601	631
1023	576	704	994	602	690
1023	576	768	996	603	750
1023	576	832	998	605	810
1023	576	896	1000	607	870
1023	576	960	1002	608	931
1023	576	1023	1004	610	990
1023	640	0	988	651	177
1023	640	64	988	651	184
1023	640	128	988	651	209
1023	640	192	989	651	247
1023	640	256	989	651	294
1023	640	320	990	652	345
1023	640	384	990	652	400
1023	640	448	991	653	456
1023	640	512	992	654	514
1023	640	576	993	655	572
1023	640	640	995	656	631
1023	640	704	996	657	691
1023	640	768	998	658	750
1023	640	832	1000	659	810
1023	640	896	1002	661	871
1023	640	960	1004	663	931
1023	640	1023	1006	664	991
1023	704	0	990	707	179
1023	704	64	990	707	187
1023	704	128	991	707	211
1023	704	192	991	707	249
1023	704	256	991	708	295
1023	704	320	992	708	346
1023	704	384	993	709	401
1023	704	448	993	709	457
1023	704	512	994	710	514
1023	704	576	996	711	573
1023	704	640	997	712	632
1023	704	704	998	713	691
1023	704	768	1000	714	751
1023	704	832	1002	715	811
1023	704	896	1004	716	871
1023	704	960	1006	718	931
1023	704	1023	1009	720	991
1023	768	0	993	764	182
1023	768	64	993	764	190
1023	768	128	993	764	214
1023	768	192	993	765	251
1023	768	256	994	765	297
1023	768	320	994	765	348
1023	768	384	995	766	402
1023	768	448	996	766	458
1023	768	512	997	767	515
1023	768	576	998	768	573
1023	768	640	999	768	632
1023	768	704	1001	769	692
1023	768	768	1003	770	751
1023	768	832	1004	772	811
1023	768	896	1006	773	871
1023	768	960	1009	774	932
1023	768	1023	1011	776	991
1023	832	0	996	822	185
1023	832	64	996	822	193
1023	832	128	996	822	216
1023	832	192	996	822	253
1023	832	256	996	823	299
1023	832	320	997	823	349
1023	832	384	998	823	403
1023	832	448	999	824	459
1023	832	512	1000	824	516
1023	832	576	1001	825	574
1023	832	640	1002	826	633
1023	832	704	1004	827	692
1023	832	768	1005	828	752
1023	832	832	1007	829	812
1023	832	896	1009	830	872
1023	832	960	1011	831	932
1023	832	1023	1014	832	992
1023	896	0	999	880	189
1023	896	64	999	880	196
1023	896	128	999	880	219
1023	896	192	999	880	256
1023	896	256	999	881	301
1023	896	320	1000	881	351
1023	896	384	1001	881	404
1023	896	448	1002	882	460
1023	896	512	1003	882	517
1023	896	576	1004	883	575
1023	896	640	1005	884	634
1023	896	704	1007	884	693
1023	896	768	1008	885	753
1023	896	832	1010	886	812
1023	896	896	1012	887	872
1023	896	960	1014	889	933
1023	896	1023	1017	890	992
1023	960	0	1002	939	193
1023	960	64	1002	939	199
1023	960	128	1002	939	222
1023	960	192	1002	939	258
1023	960	256	1003	939	303
1023	960	320	1003	939	353
1023	960	384	1004	940	406
1023	960	448	1005	940	461
1023	960	512	1006	941	518
1023	960	576	1007	941	576
1023	960	640	1008	942	635
1023	960	704	1010	943	694
1023	960	768	1011	944	753
1023	960	832	1013	944	813
1023	960	896	1015	945	873
1023	960	960	1017	946	933
1023	960	1023	1020	948	993
1023	1023	0	1005	997	196
1023	1023	64	1005	997	203
1023	1023	128	1005	997	225
1023	1023	192	1006	997	261
1023	1023	256	1006	997	305
1023	1023	320	1007	997	354
1023	1023	384	1007	998	407
1023	1023	448	1008	998	463
1023	1023	512	1009	999	519
1023	1023	576	1010	999	577
1023	1023	640	1012	1000	636
1023	1023	704	1013	1000	695
1023	1023	768	1015	1001	754
1023	1023	832	1017	1002	814
1023	1023	896	1019	1003	874
1023	1023	960	1021	1004	934
1023	1023	1023	1023	1005	993
