0	0	0	0	0	0
0	0	64	15	10	63
0	0	128	30	21	126
0	0	192	45	31	190
0	0	256	60	42	253
0	0	320	74	52	316
0	0	384	89	62	379
0	0	448	104	73	443
0	0	512	119	83	506
0	0	576	134	94	569
0	0	640	149	104	632
0	0	704	164	115	695
0	0	768	179	125	759
0	0	832	194	135	822
0	0	896	208	146	885
0	0	960	223	156	948
0	0	1023	238	166	1010
0	64	0	17	62	7
0	64	64	22	62	63
0	64	128	34	64	127
0	64	192	47	68	190
0	64	256	61	73	253
0	64	320	76	78	316
0	64	384	90	85	379
0	64	448	105	93	443
0	64	512	120	101	506
0	64	576	135	109	569
0	64	640	150	118	632
0	64	704	164	127	695
0	64	768	179	136	759
0	64	832	194	146	822
0	64	896	209	155	885
0	64	960	224	165	948
0	64	1023	238	175	1010
0	128	0	35	124	15
0	128	64	37	124	64
0	128	128	44	125	127
0	128	192	55	127	190
0	128	256	67	129	253
0	128	320	81	132	316
0	128	384	94	136	379
0	128	448	108	140	443
0	128	512	123	145	506
0	128	576	137	151	569
0	128	640	152	157	632
0	128	704	166	164	695
0	128	768	181	171	759
0	128	832	196	178	822
0	128	896	210	186	885
0	128	960	225	193	948
0	128	1023	240	201	1011
0	192	0	52	186	22
0	192	64	54	186	66
0	192	128	59	186	128
0	192	192	67	187	190
0	192	256	77	189	253
0	192	320	88	191	317
0	192	384	101	193	380
0	192	448	114	196	443
0	192	512	128	200	506
0	192	576	141	204	569
0	192	640	156	208	632
0	192	704	170	213	696
0	192	768	184	218	759
0	192	832	198	223	822
0	192	896	213	229	885
0	192	960	227	235	948
0	192	1023	242	242	1011
0	256	0	70	248	30
0	256	64	71	248	68
0	256	128	74	248	129
0	256	192	81	249	191
0	256	256	89	250	254
0	256	320	99	251	317
0	256	384	110	253	380
0	256	448	122	255	443
0	256	512	135	258	506
0	256	576	148	261	569
0	256	640	161	264	633
0	256	704	175	267	696
0	256	768	189	271	759
0	256	832	203	276	822
0	256	896	217	280	885
0	256	960	231	285	948
0	256	1023	245	290	1011
0	320	0	87	310	37
0	320	64	88	310	72
0	320	128	91	310	130
0	320	192	96	311	192
0	320	256	103	311	255
0	320	320	111	312	317
0	320	384	121	314	380
0	320	448	132	315	443
0	320	512	143	317	506
0	320	576	156	320	570
0	320	640	168	322	633
0	320	704	181	325	696
0	320	768	195	328	759
0	320	832	208	332	822
0	320	896	222	335	885
0	320	960	236	339	949
0	320	1023	250	343	1011
0	384	0	105	372	45
0	384	64	105	372	75
0	384	128	108	372	132
0	384	192	112	372	193
0	384	256	117	373	255
0	384	320	125	374	318
0	384	384	133	375	381
0	384	448	143	376	444
0	384	512	154	378	507
0	384	576	165	380	570
0	384	640	177	382	633
0	384	704	189	384	696
0	384	768	202	387	759
0	384	832	215	389	822
0	384	896	228	392	886
0	384	960	242	396	949
0	384	1023	255	399	1011
0	448	0	122	434	52
0	448	64	123	434	80
0	448	128	125	434	134
0	448	192	128	434	195
0	448	256	133	435	256
0	448	320	139	435	319
0	448	384	147	436	381
0	448	448	156	437	444
0	448	512	165	439	507
0	448	576	176	440	570
0	448	640	187	442	633
0	448	704	198	444	696
0	448	768	210	446	760
0	448	832	223	448	823
0	448	896	236	451	886
0	448	960	249	454	949
0	448	1023	262	457	1011
0	512	0	140	495	60
0	512	64	140	496	84
0	512	128	142	496	137
0	512	192	145	496	196
0	512	256	149	496	258
0	512	320	155	497	320
0	512	384	161	498	382
0	512	448	169	499	445
0	512	512	178	500	508
0	512	576	187	501	571
0	512	640	198	503	634
0	512	704	209	504	697
0	512	768	220	506	760
0	512	832	232	508	823
0	512	896	244	510	886
0	512	960	256	513	949
0	512	1023	269	515	1011
0	576	0	157	557	67
0	576	64	157	557	89
0	576	128	159	558	140
0	576	192	161	558	198
0	576	256	165	558	259
0	576	320	170	559	321
0	576	384	176	559	383
0	576	448	183	560	446
0	576	512	191	561	508
0	576	576	200	562	571
0	576	640	210	564	634
0	576	704	220	565	697
0	576	768	231	567	760
0	576	832	242	569	823
0	576	896	253	571	886
0	576	960	265	573	950
0	576	1023	277	575	1012
0	640	0	174	619	75
0	640	64	175	619	95
0	640	128	176	620	143
0	640	192	178	620	200
0	640	256	182	620	261
0	640	320	186	621	322
0	640	384	192	621	384
0	640	448	198	622	447
0	640	512	205	623	509
0	640	576	214	624	572
0	640	640	222	625	635
0	640	704	232	626	698
0	640	768	242	628	761
0	640	832	253	629	824
0	640	896	264	631	887
0	640	960	275	633	950
0	640	1023	287	635	1012
0	704	0	192	681	82
0	704	64	192	681	101
0	704	128	193	681	147
0	704	192	195	682	203
0	704	256	198	682	262
0	704	320	202	682	323
0	704	384	207	683	385
0	704	448	213	684	447
0	704	512	220	684	510
0	704	576	227	685	573
0	704	640	236	686	635
0	704	704	245	687	698
0	704	768	254	689	761
0	704	832	264	690	824
0	704	896	275	692	887
0	704	960	286	693	950
0	704	1023	297	695	1012
0	768	0	209	743	90
0	768	64	210	743	107
0	768	128	211	743	151
0	768	192	213	744	205
0	768	256	215	744	264
0	768	320	219	744	325
0	768	384	223	745	386
0	768	448	229	745	448
0	768	512	235	746	511
0	768	576	242	747	573
0	768	640	250	748	636
0	768	704	258	749	699
0	768	768	267	750	762
0	768	832	276	751	825
0	768	896	286	753	888
0	768	960	297	754	951
0	768	1023	307	756	1013
0	832	0	227	805	97
0	832	64	227	805	113
0	832	128	228	805	155
0	832	192	230	805	208
0	832	256	232	806	266
0	832	320	235	806	327
0	832	384	240	806	388
0	832	448	245	807	450
0	832	512	250	808	512
0	832	576	257	808	574
0	832	640	264	809	637
0	832	704	272	810	700
0	832	768	280	811	762
0	832	832	289	812	825
0	832	896	299	814	888
0	832	960	308	815	951
0	832	1023	319	816	1013
0	896	0	244	867	105
0	896	64	244	867	119
0	896	128	245	867	159
0	896	192	247	867	211
0	896	256	249	868	269
0	896	320	252	868	328
0	896	384	256	868	389
0	896	448	261	869	451
0	896	512	266	869	513
0	896	576	272	870	575
0	896	640	279	871	638
0	896	704	286	872	700
0	896	768	294	873	763
0	896	832	302	874	826
0	896	896	311	875	889
0	896	960	321	876	952
0	896	1023	330	877	1014
0	960	0	262	929	112
0	960	64	262	929	125
0	960	128	263	929	164
0	960	192	264	929	215
0	960	256	266	930	271
0	960	320	269	930	330
0	960	384	273	930	391
0	960	448	277	931	452
0	960	512	282	931	514
0	960	576	287	932	576
0	960	640	294	932	639
0	960	704	301	933	701
0	960	768	308	934	764
0	960	832	316	935	826
0	960	896	325	936	889
0	960	960	334	937	952
0	960	1023	343	939	1014
0	1023	0	279	990	119
0	1023	64	279	990	132
0	1023	128	280	990	168
0	1023	192	281	990	218
0	1023	256	283	990	274
0	1023	320	286	991	332
0	1023	384	289	991	393
0	1023	448	293	991	454
0	1023	512	298	992	515
0	1023	576	303	993	577
0	1023	640	309	993	639
0	1023	704	315	994	702
0	1023	768	322	995	764
0	1023	832	330	996	827
0	1023	896	338	997	890
0	1023	960	347	998	953
0	1023	1023	355	999	1015
64	0	0	61	17	10
64	0	64	62	19	64
64	0	128	67	26	127
64	0	192	73	35	190
64	0	256	83	44	253
64	0	320	93	54	316
64	0	384	105	64	379
64	0	448	118	74	443
64	0	512	131	84	506
64	0	576	144	95	569
64	0	640	158	105	632
64	0	704	172	115	695
64	0	768	186	126	759
64	0	832	200	136	822
64	0	896	215	146	885
64	0	960	229	157	948
64	0	1023	243	167	1010
64	64	0	63	63	12
64	64	64	64	64	64
64	64	128	68	66	127
64	64	192	75	69	190
64	64	256	84	74	253
64	64	320	94	80	316
64	64	384	106	86	379
64	64	448	119	94	443
64	64	512	132	102	506
64	64	576	145	110	569
64	64	640	159	119	632
64	64	704	173	128	695
64	64	768	187	137	759
64	64	832	201	146	822
64	64	896	215	156	885
64	64	960	229	166	948
64	64	1023	244	175	1011
64	128	0	69	125	18
64	128	64	70	125	65
64	128	128	73	126	127
64	128	192	80	127	190
64	128	256	88	130	253
64	128	320	98	133	316
64	128	384	109	136	380
64	128	448	121	141	443
64	128	512	134	146	506
64	128	576	147	151	569
64	128	640	161	157	632
64	128	704	174	164	695
64	128	768	188	171	759
64	128	832	202	178	822
64	128	896	216	186	885
64	128	960	231	194	948
64	128	1023	245	202	1011
64	192	0	78	186	24
64	192	64	79	186	67
64	192	128	82	187	128
64	192	192	88	188	191
64	192	256	95	189	254
64	192	320	104	191	317
64	192	384	115	194	380
64	192	448	126	197	443
64	192	512	139	200	506
64	192	576	151	204	569
64	192	640	164	208	632
64	192	704	178	213	696
64	192	768	191	218	759
64	192	832	205	224	822
64	192	896	219	230	885
64	192	960	233	236	948
64	192	1023	247	242	1011
64	256	0	90	248	31
64	256	64	91	248	69
64	256	128	93	249	129
64	256	192	98	249	191
64	256	256	105	250	254
64	256	320	113	252	317
64	256	384	123	253	380
64	256	448	133	256	443
64	256	512	145	258	506
64	256	576	157	261	569
64	256	640	169	264	633
64	256	704	182	268	696
64	256	768	196	272	759
64	256	832	209	276	822
64	256	896	223	280	885
64	256	960	237	285	948
64	256	1023	250	291	1011
64	320	0	103	310	38
64	320	64	104	310	72
64	320	128	106	310	131
64	320	192	111	311	192
64	320	256	116	312	255
64	320	320	124	313	317
64	320	384	133	314	380
64	320	448	142	316	443
64	320	512	153	318	507
64	320	576	164	320	570
64	320	640	176	322	633
64	320	704	189	325	696
64	320	768	201	328	759
64	320	832	214	332	822
64	320	896	228	335	885
64	320	960	241	339	949
64	320	1023	255	344	1011
64	384	0	118	372	46
64	384	64	119	372	76
64	384	128	121	372	132
64	384	192	124	373	193
64	384	256	129	373	256
64	384	320	136	374	318
64	384	384	144	375	381
64	384	448	153	376	444
64	384	512	163	378	507
64	384	576	173	380	570
64	384	640	184	382	633
64	384	704	196	384	696
64	384	768	208	387	759
64	384	832	221	390	822
64	384	896	234	393	886
64	384	960	247	396	949
64	384	1023	260	399	1011
64	448	0	134	434	53
64	448	64	134	434	80
64	448	128	136	434	135
64	448	192	139	434	195
64	448	256	143	435	257
64	448	320	149	436	319
64	448	384	156	436	382
64	448	448	164	438	444
64	448	512	173	439	507
64	448	576	183	440	570
64	448	640	194	442	633
64	448	704	205	444	696
64	448	768	217	446	760
64	448	832	229	449	823
64	448	896	241	451	886
64	448	960	254	454	949
64	448	1023	266	457	1011
64	512	0	149	496	60
64	512	64	150	496	85
64	512	128	151	496	137
64	512	192	154	496	196
64	512	256	158	497	258
64	512	320	163	497	320
64	512	384	170	498	382
64	512	448	177	499	445
64	512	512	185	500	508
64	512	576	195	501	571
64	512	640	204	503	634
64	512	704	215	505	697
64	512	768	226	506	760
64	512	832	237	508	823
64	512	896	249	511	886
64	512	960	261	513	949
64	512	1023	274	516	1011
64	576	0	166	558	68
64	576	64	166	558	90
64	576	128	167	558	140
64	576	192	170	558	198
64	576	256	173	558	259
64	576	320	178	559	321
64	576	384	184	560	383
64	576	448	191	560	446
64	576	512	198	561	508
64	576	576	207	563	571
64	576	640	216	564	634
64	576	704	226	565	697
64	576	768	236	567	760
64	576	832	247	569	823
64	576	896	258	571	886
64	576	960	270	573	950
64	576	1023	282	575	1012
64	640	0	182	619	75
64	640	64	182	619	95
64	640	128	184	620	143
64	640	192	186	620	201
64	640	256	189	620	261
64	640	320	193	621	322
64	640	384	199	621	384
64	640	448	205	622	447
64	640	512	212	623	509
64	640	576	220	624	572
64	640	640	228	625	635
64	640	704	237	626	698
64	640	768	247	628	761
64	640	832	258	629	824
64	640	896	268	631	887
64	640	960	280	633	950
64	640	1023	291	635	1012
64	704	0	199	681	83
64	704	64	199	681	101
64	704	128	200	682	147
64	704	192	202	682	203
64	704	256	205	682	262
64	704	320	209	682	323
64	704	384	214	683	385
64	704	448	219	684	447
64	704	512	226	684	510
64	704	576	233	685	573
64	704	640	241	686	635
64	704	704	250	687	698
64	704	768	259	689	761
64	704	832	269	690	824
64	704	896	279	692	887
64	704	960	290	693	950
64	704	1023	301	695	1012
64	768	0	216	743	90
64	768	64	216	743	107
64	768	128	217	743	151
64	768	192	219	744	206
64	768	256	221	744	264
64	768	320	225	744	325
64	768	384	229	745	386
64	768	448	234	745	449
64	768	512	240	746	511
64	768	576	247	747	573
64	768	640	255	748	636
64	768	704	263	749	699
64	768	768	272	750	762
64	768	832	281	751	825
64	768	896	291	753	888
64	768	960	301	754	951
64	768	1023	311	756	1013
64	832	0	232	805	97
64	832	64	233	805	113
64	832	128	234	805	155
64	832	192	235	806	208
64	832	256	238	806	267
64	832	320	241	806	327
64	832	384	245	807	388
64	832	448	250	807	450
64	832	512	255	808	512
64	832	576	262	808	574
64	832	640	269	809	637
64	832	704	276	810	700
64	832	768	285	811	762
64	832	832	293	812	825
64	832	896	303	814	888
64	832	960	312	815	951
64	832	1023	322	817	1013
64	896	0	249	867	105
64	896	64	250	867	119
64	896	128	250	867	159
64	896	192	252	867	212
64	896	256	254	868	269
64	896	320	257	868	328
64	896	384	261	868	389
64	896	448	265	869	451
64	896	512	271	869	513
64	896	576	277	870	575
64	896	640	283	871	638
64	896	704	290	872	700
64	896	768	298	873	763
64	896	832	306	874	826
64	896	896	315	875	889
64	896	960	325	876	952
64	896	1023	334	878	1014
64	960	0	266	929	112
64	960	64	267	929	126
64	960	128	267	929	164
64	960	192	269	929	215
64	960	256	271	930	271
64	960	320	274	930	330
64	960	384	277	930	391
64	960	448	281	931	452
64	960	512	286	931	514
64	960	576	292	932	576
64	960	640	298	933	639
64	960	704	305	933	701
64	960	768	312	934	764
64	960	832	320	935	826
64	960	896	328	936	889
64	960	960	337	937	952
64	960	1023	346	939	1014
64	1023	0	283	990	120
64	1023	64	284	990	132
64	1023	128	284	990	169
64	1023	192	286	990	218
64	1023	256	287	990	274
64	1023	320	290	991	333
64	1023	384	293	991	393
64	1023	448	297	992	454
64	1023	512	302	992	515
64	1023	576	307	993	577
64	1023	640	313	993	639
64	1023	704	319	994	702
64	1023	768	326	995	764
64	1023	832	334	996	827
64	1023	896	342	997	890
64	1023	960	350	998	953
64	1023	1023	359	999	1015
128	0	0	122	33	21
128	0	64	123	34	66
128	0	128	125	38	127
128	0	192	128	44	190
128	0	256	133	52	253
128	0	320	139	60	316
128	0	384	147	69	380
128	0	448	156	78	443
128	0	512	165	88	506
128	0	576	176	98	569
128	0	640	187	108	632
128	0	704	198	118	696
128	0	768	210	128	759
128	0	832	223	138	822
128	0	896	236	148	885
128	0	960	249	159	948
128	0	1023	262	169	1011
128	64	0	123	69	22
128	64	64	123	69	66
128	64	128	125	71	128
128	64	192	129	74	190
128	64	256	134	78	253
128	64	320	140	84	316
128	64	384	148	90	380
128	64	448	156	97	443
128	64	512	166	105	506
128	64	576	176	113	569
128	64	640	187	121	632
128	64	704	199	130	696
128	64	768	211	139	759
128	64	832	223	148	822
128	64	896	236	158	885
128	64	960	249	167	948
128	64	1023	262	177	1011
128	128	0	126	127	25
128	128	64	126	127	67
128	128	128	128	128	128
128	128	192	131	130	191
128	128	256	136	132	254
128	128	320	142	135	317
128	128	384	150	138	380
128	128	448	158	143	443
128	128	512	168	148	506
128	128	576	178	153	569
128	128	640	189	159	632
128	128	704	200	166	696
128	128	768	212	173	759
128	128	832	225	180	822
128	128	896	237	187	885
128	128	960	250	195	948
128	128	1023	263	203	1011
128	192	0	130	188	29
128	192	64	131	188	68
128	192	128	133	188	129
128	192	192	136	189	191
128	192	256	141	191	254
128	192	320	146	193	317
128	192	384	154	195	380
128	192	448	162	198	443
128	192	512	171	201	506
128	192	576	181	205	569
128	192	640	192	210	633
128	192	704	203	214	696
128	192	768	215	219	759
128	192	832	227	225	822
128	192	896	239	231	885
128	192	960	252	237	948
128	192	1023	265	243	1011
128	256	0	137	249	35
128	256	64	138	249	71
128	256	128	139	250	130
128	256	192	142	250	192
128	256	256	147	251	254
128	256	320	152	253	317
128	256	384	159	254	380
128	256	448	167	257	443
128	256	512	176	259	506
128	256	576	186	262	570
128	256	640	196	265	633
128	256	704	207	269	696
128	256	768	219	273	759
128	256	832	231	277	822
128	256	896	243	281	885
128	256	960	255	286	949
128	256	1023	268	291	1011
128	320	0	146	311	42
128	320	64	146	311	74
128	320	128	148	311	131
128	320	192	151	312	193
128	320	256	155	312	255
128	320	320	160	313	318
128	320	384	167	315	381
128	320	448	174	316	444
128	320	512	183	318	507
128	320	576	192	321	570
128	320	640	202	323	633
128	320	704	213	326	696
128	320	768	224	329	759
128	320	832	235	333	822
128	320	896	247	336	886
128	320	960	260	340	949
128	320	1023	272	344	1011
128	384	0	156	372	48
128	384	64	156	373	77
128	384	128	158	373	133
128	384	192	160	373	194
128	384	256	164	374	256
128	384	320	169	375	318
128	384	384	175	376	381
128	384	448	182	377	444
128	384	512	191	379	507
128	384	576	199	380	570
128	384	640	209	383	633
128	384	704	219	385	696
128	384	768	230	387	759
128	384	832	241	390	823
128	384	896	253	393	886
128	384	960	265	397	949
128	384	1023	277	400	1011
128	448	0	167	434	55
128	448	64	168	434	81
128	448	128	169	434	135
128	448	192	171	435	195
128	448	256	175	435	257
128	448	320	180	436	319
128	448	384	185	437	382
128	448	448	192	438	445
128	448	512	200	439	507
128	448	576	208	441	570
128	448	640	217	443	634
128	448	704	227	445	697
128	448	768	237	447	760
128	448	832	248	449	823
128	448	896	259	452	886
128	448	960	271	454	949
128	448	1023	283	457	1011
128	512	0	180	496	62
128	512	64	180	496	86
128	512	128	181	496	138
128	512	192	184	497	197
128	512	256	187	497	258
128	512	320	191	498	320
128	512	384	196	498	383
128	512	448	203	499	445
128	512	512	210	501	508
128	512	576	218	502	571
128	512	640	226	503	634
128	512	704	236	505	697
128	512	768	246	507	760
128	512	832	256	509	823
128	512	896	267	511	886
128	512	960	278	513	949
128	512	1023	290	516	1011
128	576	0	193	558	69
128	576	64	193	558	91
128	576	128	194	558	141
128	576	192	197	558	199
128	576	256	200	559	259
128	576	320	204	559	321
128	576	384	208	560	383
128	576	448	214	561	446
128	576	512	221	562	509
128	576	576	228	563	571
128	576	640	237	564	634
128	576	704	245	566	697
128	576	768	255	567	760
128	576	832	265	569	823
128	576	896	275	571	887
128	576	960	286	573	950
128	576	1023	297	575	1012
128	640	0	207	620	77
128	640	64	207	620	96
128	640	128	208	620	144
128	640	192	210	620	201
128	640	256	213	621	261
128	640	320	217	621	322
128	640	384	221	622	384
128	640	448	227	622	447
128	640	512	233	623	509
128	640	576	240	624	572
128	640	640	248	625	635
128	640	704	256	627	698
128	640	768	265	628	761
128	640	832	275	630	824
128	640	896	285	631	887
128	640	960	295	633	950
128	640	1023	306	635	1012
128	704	0	221	682	84
128	704	64	222	682	102
128	704	128	223	682	148
128	704	192	224	682	203
128	704	256	227	682	263
128	704	320	230	683	324
128	704	384	235	683	385
128	704	448	240	684	448
128	704	512	246	685	510
128	704	576	252	686	573
128	704	640	260	687	636
128	704	704	267	688	698
128	704	768	276	689	761
128	704	832	285	690	824
128	704	896	295	692	887
128	704	960	305	694	950
128	704	1023	315	695	1012
128	768	0	236	744	91
128	768	64	237	744	108
128	768	128	237	744	151
128	768	192	239	744	206
128	768	256	241	744	265
128	768	320	245	745	325
128	768	384	249	745	387
128	768	448	253	746	449
128	768	512	259	746	511
128	768	576	265	747	574
128	768	640	272	748	636
128	768	704	280	749	699
128	768	768	288	750	762
128	768	832	296	752	825
128	768	896	305	753	888
128	768	960	315	754	951
128	768	1023	325	756	1013
128	832	0	252	806	99
128	832	64	252	806	114
128	832	128	253	806	156
128	832	192	254	806	209
128	832	256	256	806	267
128	832	320	259	806	327
128	832	384	263	807	388
128	832	448	267	807	450
128	832	512	273	808	512
128	832	576	278	809	574
128	832	640	285	810	637
128	832	704	292	810	700
128	832	768	300	812	762
128	832	832	308	813	825
128	832	896	317	814	888
128	832	960	326	815	951
128	832	1023	336	817	1013
128	896	0	267	867	106
128	896	64	267	867	120
128	896	128	268	868	160
128	896	192	269	868	212
128	896	256	272	868	269
128	896	320	274	868	329
128	896	384	278	869	390
128	896	448	282	869	451
128	896	512	287	870	513
128	896	576	292	870	575
128	896	640	298	871	638
128	896	704	305	872	700
128	896	768	313	873	763
128	896	832	320	874	826
128	896	896	329	875	889
128	896	960	338	876	952
128	896	1023	347	878	1014
128	960	0	283	929	113
128	960	64	283	929	127
128	960	128	284	929	165
128	960	192	285	930	215
128	960	256	287	930	272
128	960	320	290	930	331
128	960	384	293	930	391
128	960	448	297	931	452
128	960	512	301	931	514
128	960	576	307	932	576
128	960	640	312	933	639
128	960	704	319	934	701
128	960	768	326	934	764
128	960	832	333	935	827
128	960	896	341	936	889
128	960	960	350	938	952
128	960	1023	359	939	1014
128	1023	0	299	990	120
128	1023	64	299	990	133
128	1023	128	299	990	169
128	1023	192	301	990	219
128	1023	256	303	991	274
128	1023	320	305	991	333
128	1023	384	308	991	393
128	1023	448	312	992	454
128	1023	512	316	992	515
128	1023	576	321	993	577
128	1023	640	326	993	640
128	1023	704	333	994	702
128	1023	768	339	995	765
128	1023	832	346	996	827
128	1023	896	354	997	890
128	1023	960	362	998	953
128	1023	1023	371	999	1015
192	0	0	183	50	31
192	0	64	184	50	69
192	0	128	185	53	129
192	0	192	187	57	191
192	0	256	190	63	254
192	0	320	194	70	317
192	0	384	200	77	380
192	0	448	206	86	443
192	0	512	213	95	506
192	0	576	220	104	569
192	0	640	229	113	633
192	0	704	238	123	696
192	0	768	248	132	759
192	0	832	258	142	822
192	0	896	269	152	885
192	0	960	280	162	948
192	0	1023	292	172	1011
192	64	0	184	77	31
192	64	64	184	77	69
192	64	128	185	79	129
192	64	192	187	82	191
192	64	256	191	86	254
192	64	320	195	90	317
192	64	384	200	96	380
192	64	448	206	103	443
192	64	512	213	110	506
192	64	576	221	118	569
192	64	640	229	126	633
192	64	704	239	134	696
192	64	768	248	143	759
192	64	832	259	152	822
192	64	896	269	161	885
192	64	960	280	170	948
192	64	1023	292	180	1011
192	128	0	185	131	34
192	128	64	186	131	70
192	128	128	187	132	129
192	128	192	189	134	192
192	128	256	192	136	254
192	128	320	196	139	317
192	128	384	201	142	380
192	128	448	208	146	443
192	128	512	214	151	506
192	128	576	222	157	569
192	128	640	231	162	633
192	128	704	240	169	696
192	128	768	249	176	759
192	128	832	260	183	822
192	128	896	270	190	885
192	128	960	282	198	949
192	128	1023	293	206	1011
192	192	0	188	190	37
192	192	64	189	191	71
192	192	128	190	191	130
192	192	192	192	192	192
192	192	256	195	193	255
192	192	320	199	195	317
192	192	384	204	198	380
192	192	448	210	201	443
192	192	512	217	204	506
192	192	576	225	208	570
192	192	640	233	212	633
192	192	704	242	217	696
192	192	768	252	222	759
192	192	832	262	227	822
192	192	896	272	233	885
192	192	960	283	239	949
192	192	1023	295	245	1011
192	256	0	193	251	42
192	256	64	193	251	74
192	256	128	194	251	131
192	256	192	196	252	193
192	256	256	199	253	255
192	256	320	203	255	318
192	256	384	208	256	381
192	256	448	214	258	444
192	256	512	221	261	507
192	256	576	228	264	570
192	256	640	236	267	633
192	256	704	245	270	696
192	256	768	255	274	759
192	256	832	265	279	822
192	256	896	275	283	886
192	256	960	286	288	949
192	256	1023	297	293	1011
192	320	0	199	312	47
192	320	64	199	312	76
192	320	128	200	313	133
192	320	192	202	313	194
192	320	256	205	314	256
192	320	320	209	315	318
192	320	384	214	316	381
192	320	448	219	318	444
192	320	512	226	320	507
192	320	576	233	322	570
192	320	640	241	325	633
192	320	704	250	327	696
192	320	768	259	330	759
192	320	832	269	334	823
192	320	896	279	338	886
192	320	960	290	341	949
192	320	1023	301	346	1011
192	384	0	206	374	53
192	384	64	206	374	80
192	384	128	207	374	135
192	384	192	209	374	195
192	384	256	212	375	257
192	384	320	216	376	319
192	384	384	220	377	382
192	384	448	226	378	444
192	384	512	232	380	507
192	384	576	239	382	570
192	384	640	247	384	633
192	384	704	255	386	696
192	384	768	264	389	760
192	384	832	274	391	823
192	384	896	284	394	886
192	384	960	294	398	949
192	384	1023	305	401	1011
192	448	0	214	435	59
192	448	64	214	435	84
192	448	128	215	435	137
192	448	192	217	436	196
192	448	256	220	436	258
192	448	320	223	437	320
192	448	384	228	438	382
192	448	448	233	439	445
192	448	512	239	440	508
192	448	576	246	442	571
192	448	640	254	444	634
192	448	704	262	446	697
192	448	768	270	448	760
192	448	832	280	450	823
192	448	896	290	453	886
192	448	960	300	455	949
192	448	1023	310	458	1011
192	512	0	224	497	66
192	512	64	224	497	88
192	512	128	225	497	139
192	512	192	227	497	198
192	512	256	229	498	259
192	512	320	232	498	321
192	512	384	237	499	383
192	512	448	242	500	446
192	512	512	247	501	508
192	512	576	254	503	571
192	512	640	261	504	634
192	512	704	269	506	697
192	512	768	278	508	760
192	512	832	287	510	823
192	512	896	296	512	886
192	512	960	306	514	949
192	512	1023	316	517	1012
192	576	0	234	559	72
192	576	64	234	559	93
192	576	128	235	559	142
192	576	192	237	559	200
192	576	256	239	560	260
192	576	320	242	560	322
192	576	384	246	561	384
192	576	448	251	562	446
192	576	512	257	563	509
192	576	576	263	564	572
192	576	640	270	565	635
192	576	704	278	566	698
192	576	768	286	568	761
192	576	832	294	570	824
192	576	896	304	572	887
192	576	960	313	574	950
192	576	1023	323	576	1012
192	640	0	245	620	79
192	640	64	245	620	98
192	640	128	246	621	145
192	640	192	248	621	202
192	640	256	250	621	262
192	640	320	253	622	323
192	640	384	257	622	385
192	640	448	261	623	447
192	640	512	267	624	510
192	640	576	273	625	572
192	640	640	279	626	635
192	640	704	287	627	698
192	640	768	295	629	761
192	640	832	303	630	824
192	640	896	312	632	887
192	640	960	321	634	950
192	640	1023	331	636	1012
192	704	0	257	682	86
192	704	64	257	682	104
192	704	128	258	682	149
192	704	192	260	683	204
192	704	256	262	683	263
192	704	320	265	683	324
192	704	384	268	684	386
192	704	448	273	685	448
192	704	512	278	685	510
192	704	576	283	686	573
192	704	640	290	687	636
192	704	704	297	688	699
192	704	768	304	690	761
192	704	832	312	691	824
192	704	896	321	693	887
192	704	960	330	694	950
192	704	1023	340	696	1013
192	768	0	270	744	93
192	768	64	270	744	110
192	768	128	271	744	153
192	768	192	272	744	207
192	768	256	274	745	265
192	768	320	277	745	326
192	768	384	280	746	387
192	768	448	284	746	449
192	768	512	289	747	511
192	768	576	295	748	574
192	768	640	301	749	636
192	768	704	307	750	699
192	768	768	315	751	762
192	768	832	323	752	825
192	768	896	331	753	888
192	768	960	340	755	951
192	768	1023	349	757	1013
192	832	0	283	806	101
192	832	64	283	806	116
192	832	128	284	806	157
192	832	192	285	806	210
192	832	256	287	807	267
192	832	320	290	807	327
192	832	384	293	807	388
192	832	448	297	808	450
192	832	512	301	808	512
192	832	576	307	809	575
192	832	640	312	810	637
192	832	704	319	811	700
192	832	768	326	812	763
192	832	832	333	813	825
192	832	896	341	814	888
192	832	960	350	816	951
192	832	1023	358	817	1013
192	896	0	296	868	108
192	896	64	297	868	122
192	896	128	297	868	161
192	896	192	299	868	213
192	896	256	300	868	270
192	896	320	303	869	329
192	896	384	306	869	390
192	896	448	310	870	451
192	896	512	314	870	513
192	896	576	319	871	576
192	896	640	324	872	638
192	896	704	331	872	701
192	896	768	337	873	763
192	896	832	344	874	826
192	896	896	352	876	889
192	896	960	360	877	952
192	896	1023	369	878	1014
192	960	0	310	930	115
192	960	64	311	930	128
192	960	128	311	930	166
192	960	192	312	930	216
192	960	256	314	930	272
192	960	320	317	930	331
192	960	384	319	931	392
192	960	448	323	931	453
192	960	512	327	932	514
192	960	576	332	932	577
192	960	640	337	933	639
192	960	704	343	934	701
192	960	768	349	935	764
192	960	832	356	936	827
192	960	896	364	937	890
192	960	960	372	938	952
192	960	1023	380	939	1014
192	1023	0	325	991	122
192	1023	64	325	991	134
192	1023	128	325	991	170
192	1023	192	327	991	220
192	1023	256	328	991	275
192	1023	320	330	991	333
192	1023	384	333	992	393
192	1023	448	336	992	454
192	1023	512	340	993	516
192	1023	576	345	993	578
192	1023	640	350	994	640
192	1023	704	356	995	702
192	1023	768	362	995	765
192	1023	832	368	996	827
192	1023	896	375	997	890
192	1023	960	383	998	953
192	1023	1023	391	999	1015
256	0	0	244	66	41
256	0	64	245	67	73
256	0	128	245	69	131
256	0	192	247	72	193
256	0	256	249	76	255
256	0	320	252	82	318
256	0	384	256	88	381
256	0	448	261	95	444
256	0	512	266	103	507
256	0	576	272	112	570
256	0	640	279	120	633
256	0	704	286	129	696
256	0	768	294	138	759
256	0	832	302	148	822
256	0	896	311	157	886
256	0	960	321	167	949
256	0	1023	331	176	1011
256	64	0	245	88	42
256	64	64	245	88	74
256	64	128	246	90	131
256	64	192	247	92	193
256	64	256	250	95	255
256	64	320	253	100	318
256	64	384	256	105	381
256	64	448	261	111	444
256	64	512	266	117	507
256	64	576	272	125	570
256	64	640	279	132	633
256	64	704	286	140	696
256	64	768	294	148	759
256	64	832	303	157	822
256	64	896	312	166	886
256	64	960	321	175	949
256	64	1023	331	184	1011
256	128	0	246	137	43
256	128	64	246	137	74
256	128	128	247	138	132
256	128	192	248	140	193
256	128	256	251	142	255
256	128	320	254	144	318
256	128	384	258	148	381
256	128	448	262	152	444
256	128	512	267	156	507
256	128	576	273	162	570
256	128	640	280	167	633
256	128	704	287	173	696
256	128	768	295	180	759
256	128	832	304	187	822
256	128	896	313	194	886
256	128	960	322	202	949
256	128	1023	332	209	1011
256	192	0	248	194	46
256	192	64	248	194	76
256	192	128	249	195	132
256	192	192	251	196	193
256	192	256	253	197	256
256	192	320	256	199	318
256	192	384	260	201	381
256	192	448	264	204	444
256	192	512	269	207	507
256	192	576	275	211	570
256	192	640	282	215	633
256	192	704	289	220	696
256	192	768	297	225	759
256	192	832	305	230	822
256	192	896	314	236	886
256	192	960	324	242	949
256	192	1023	333	248	1011
256	256	0	251	254	49
256	256	64	251	254	78
256	256	128	252	254	133
256	256	192	254	255	194
256	256	256	256	256	256
256	256	320	259	257	318
256	256	384	263	259	381
256	256	448	267	261	444
256	256	512	272	264	507
256	256	576	278	266	570
256	256	640	285	270	633
256	256	704	292	273	696
256	256	768	300	277	759
256	256	832	308	281	823
256	256	896	317	286	886
256	256	960	326	290	949
256	256	1023	335	295	1011
256	320	0	256	314	54
256	320	64	256	314	80
256	320	128	257	315	135
256	320	192	258	315	195
256	320	256	260	316	257
256	320	320	263	317	319
256	320	384	267	318	382
256	320	448	271	320	444
256	320	512	276	322	507
256	320	576	282	324	570
256	320	640	288	327	633
256	320	704	295	329	697
256	320	768	303	333	760
256	320	832	311	336	823
256	320	896	320	340	886
256	320	960	329	343	949
256	320	1023	338	348	1011
256	384	0	261	375	59
256	384	64	261	375	84
256	384	128	262	376	137
256	384	192	263	376	196
256	384	256	265	377	257
256	384	320	268	378	320
256	384	384	272	379	382
256	384	448	276	380	445
256	384	512	281	382	508
256	384	576	287	383	571
256	384	640	293	385	634
256	384	704	300	388	697
256	384	768	307	390	760
256	384	832	315	393	823
256	384	896	324	396	886
256	384	960	333	399	949
256	384	1023	342	403	1011
256	448	0	267	437	65
256	448	64	267	437	88
256	448	128	268	437	139
256	448	192	270	437	197
256	448	256	272	438	258
256	448	320	274	439	320
256	448	384	278	439	383
256	448	448	282	441	445
256	448	512	287	442	508
256	448	576	292	443	571
256	448	640	299	445	634
256	448	704	305	447	697
256	448	768	313	449	760
256	448	832	320	451	823
256	448	896	329	454	886
256	448	960	338	457	949
256	448	1023	347	460	1012
256	512	0	274	498	70
256	512	64	275	498	92
256	512	128	275	498	141
256	512	192	277	499	199
256	512	256	279	499	260
256	512	320	281	500	321
256	512	384	285	501	384
256	512	448	289	501	446
256	512	512	294	503	509
256	512	576	299	504	572
256	512	640	305	505	634
256	512	704	312	507	697
256	512	768	319	509	760
256	512	832	326	511	823
256	512	896	335	513	887
256	512	960	343	515	950
256	512	1023	352	518	1012
256	576	0	283	560	77
256	576	64	283	560	96
256	576	128	284	560	144
256	576	192	285	560	201
256	576	256	287	561	261
256	576	320	289	561	322
256	576	384	293	562	384
256	576	448	297	563	447
256	576	512	301	564	509
256	576	576	306	565	572
256	576	640	312	566	635
256	576	704	319	567	698
256	576	768	326	569	761
256	576	832	333	571	824
256	576	896	341	573	887
256	576	960	350	575	950
256	576	1023	358	577	1012
256	640	0	292	621	83
256	640	64	292	621	101
256	640	128	293	622	147
256	640	192	294	622	203
256	640	256	296	622	263
256	640	320	298	623	324
256	640	384	301	623	385
256	640	448	305	624	448
256	640	512	310	625	510
256	640	576	315	626	573
256	640	640	320	627	635
256	640	704	326	628	698
256	640	768	333	630	761
256	640	832	341	631	824
256	640	896	348	633	887
256	640	960	357	635	950
256	640	1023	365	637	1012
256	704	0	301	683	90
256	704	64	302	683	107
256	704	128	302	683	151
256	704	192	304	683	206
256	704	256	305	684	264
256	704	320	308	684	325
256	704	384	311	685	386
256	704	448	314	685	448
256	704	512	319	686	511
256	704	576	324	687	573
256	704	640	329	688	636
256	704	704	335	689	699
256	704	768	342	690	762
256	704	832	349	692	825
256	704	896	356	693	888
256	704	960	364	695	951
256	704	1023	373	697	1013
256	768	0	312	745	97
256	768	64	312	745	112
256	768	128	313	745	154
256	768	192	314	745	208
256	768	256	316	745	266
256	768	320	318	746	326
256	768	384	321	746	388
256	768	448	324	747	450
256	768	512	328	748	512
256	768	576	333	748	574
256	768	640	338	749	637
256	768	704	344	750	699
256	768	768	351	752	762
256	768	832	358	753	825
256	768	896	365	754	888
256	768	960	373	756	951
256	768	1023	381	757	1013
256	832	0	323	807	103
256	832	64	323	807	118
256	832	128	324	807	158
256	832	192	325	807	211
256	832	256	327	807	268
256	832	320	329	808	328
256	832	384	332	808	389
256	832	448	335	809	451
256	832	512	339	809	513
256	832	576	343	810	575
256	832	640	349	811	637
256	832	704	354	812	700
256	832	768	360	813	763
256	832	832	367	814	826
256	832	896	374	815	889
256	832	960	382	817	952
256	832	1023	390	818	1014
256	896	0	335	868	110
256	896	64	335	869	124
256	896	128	335	869	163
256	896	192	337	869	214
256	896	256	338	869	271
256	896	320	340	869	330
256	896	384	343	870	391
256	896	448	346	870	452
256	896	512	350	871	514
256	896	576	354	871	576
256	896	640	359	872	638
256	896	704	365	873	701
256	896	768	371	874	764
256	896	832	377	875	826
256	896	896	384	876	889
256	896	960	391	877	952
256	896	1023	399	879	1014
256	960	0	347	930	117
256	960	64	347	930	130
256	960	128	348	930	167
256	960	192	349	931	217
256	960	256	350	931	273
256	960	320	352	931	332
256	960	384	355	931	392
256	960	448	358	932	453
256	960	512	362	932	515
256	960	576	366	933	577
256	960	640	371	934	639
256	960	704	376	935	702
256	960	768	381	935	764
256	960	832	388	936	827
256	960	896	394	937	890
256	960	960	402	939	953
256	960	1023	409	940	1015
256	1023	0	359	991	124
256	1023	64	360	991	136
256	1023	128	360	991	172
256	1023	192	361	991	221
256	1023	256	363	992	276
256	1023	320	364	992	334
256	1023	384	367	992	394
256	1023	448	370	993	455
256	1023	512	373	993	516
256	1023	576	378	994	578
256	1023	640	382	994	640
256	1023	704	387	995	703
256	1023	768	393	996	765
256	1023	832	399	997	828
256	1023	896	405	998	890
256	1023	960	412	999	953
256	1023	1023	419	1000	1015
320	0	0	305	83	51
320	0	64	306	83	79
320	0	128	306	85	134
320	0	192	307	87	194
320	0	256	309	91	256
320	0	320	312	95	319
320	0	384	315	101	381
320	0	448	318	107	444
320	0	512	322	114	507
320	0	576	327	121	570
320	0	640	333	129	633
320	0	704	338	137	696
320	0	768	345	146	760
320	0	832	352	155	823
320	0	896	359	164	886
320	0	960	367	173	949
320	0	1023	376	182	1011
320	64	0	306	100	52
320	64	64	306	101	79
320	64	128	306	102	134
320	64	192	308	104	195
320	64	256	309	107	256
320	64	320	312	111	319
320	64	384	315	115	381
320	64	448	318	121	444
320	64	512	323	127	507
320	64	576	327	133	570
320	64	640	333	140	633
320	64	704	339	148	696
320	64	768	345	156	760
320	64	832	352	164	823
320	64	896	360	172	886
320	64	960	368	181	949
320	64	1023	376	189	1011
320	128	0	307	145	53
320	128	64	307	145	80
320	128	128	307	146	135
320	128	192	309	147	195
320	128	256	310	149	257
320	128	320	313	152	319
320	128	384	316	155	382
320	128	448	319	159	444
320	128	512	323	163	507
320	128	576	328	168	570
320	128	640	334	173	633
320	128	704	340	179	696
320	128	768	346	186	760
320	128	832	353	192	823
320	128	896	360	199	886
320	128	960	368	207	949
320	128	1023	377	214	1011
320	192	0	308	199	55
320	192	64	308	200	81
320	192	128	309	200	135
320	192	192	310	201	195
320	192	256	312	202	257
320	192	320	314	204	319
320	192	384	317	206	382
320	192	448	321	209	445
320	192	512	325	212	507
320	192	576	330	216	570
320	192	640	335	220	633
320	192	704	341	224	697
320	192	768	347	229	760
320	192	832	354	234	823
320	192	896	362	240	886
320	192	960	370	246	949
320	192	1023	378	252	1011
320	256	0	311	258	58
320	256	64	311	258	83
320	256	128	312	258	136
320	256	192	313	259	196
320	256	256	314	260	257
320	256	320	317	261	319
320	256	384	320	263	382
320	256	448	323	265	445
320	256	512	327	267	508
320	256	576	332	270	571
320	256	640	337	273	634
320	256	704	343	276	697
320	256	768	350	280	760
320	256	832	357	284	823
320	256	896	364	289	886
320	256	960	372	294	949
320	256	1023	380	298	1011
320	320	0	314	317	62
320	320	64	314	317	86
320	320	128	315	318	138
320	320	192	316	318	197
320	320	256	318	319	258
320	320	320	320	320	320
320	320	384	323	321	382
320	320	448	326	323	445
320	320	512	330	325	508
320	320	576	335	327	571
320	320	640	340	329	634
320	320	704	346	332	697
320	320	768	352	335	760
320	320	832	359	339	823
320	320	896	367	342	886
320	320	960	374	346	949
320	320	1023	383	350	1011
320	384	0	318	378	66
320	384	64	318	378	89
320	384	128	319	378	139
320	384	192	320	378	198
320	384	256	322	379	259
320	384	320	324	380	321
320	384	384	327	381	383
320	384	448	330	382	446
320	384	512	334	384	508
320	384	576	339	386	571
320	384	640	344	388	634
320	384	704	350	390	697
320	384	768	356	392	760
320	384	832	363	395	823
320	384	896	370	398	886
320	384	960	378	401	949
320	384	1023	386	405	1012
320	448	0	323	439	71
320	448	64	323	439	92
320	448	128	324	439	142
320	448	192	325	439	199
320	448	256	327	440	260
320	448	320	329	441	321
320	448	384	332	441	384
320	448	448	335	443	446
320	448	512	339	444	509
320	448	576	344	445	572
320	448	640	349	447	635
320	448	704	354	449	697
320	448	768	361	451	760
320	448	832	367	453	824
320	448	896	374	456	887
320	448	960	382	459	950
320	448	1023	390	462	1012
320	512	0	329	500	76
320	512	64	329	500	96
320	512	128	330	500	144
320	512	192	331	500	201
320	512	256	333	501	261
320	512	320	335	501	322
320	512	384	337	502	384
320	512	448	341	503	447
320	512	512	345	504	509
320	512	576	349	506	572
320	512	640	354	507	635
320	512	704	360	509	698
320	512	768	366	510	761
320	512	832	372	513	824
320	512	896	379	515	887
320	512	960	387	517	950
320	512	1023	395	520	1012
320	576	0	336	561	82
320	576	64	336	561	101
320	576	128	336	561	147
320	576	192	337	562	203
320	576	256	339	562	262
320	576	320	341	563	323
320	576	384	344	563	385
320	576	448	347	564	447
320	576	512	351	565	510
320	576	576	355	566	573
320	576	640	360	567	635
320	576	704	366	569	698
320	576	768	371	571	761
320	576	832	378	572	824
320	576	896	385	574	887
320	576	960	392	576	950
320	576	1023	400	579	1012
320	640	0	343	623	88
320	640	64	343	623	105
320	640	128	344	623	150
320	640	192	345	623	205
320	640	256	346	623	264
320	640	320	348	624	325
320	640	384	351	625	386
320	640	448	354	625	448
320	640	512	358	626	511
320	640	576	362	627	573
320	640	640	367	628	636
320	640	704	372	630	699
320	640	768	378	631	762
320	640	832	384	632	825
320	640	896	391	634	888
320	640	960	398	636	951
320	640	1023	406	638	1013
320	704	0	351	684	94
320	704	64	351	684	110
320	704	128	352	684	153
320	704	192	353	685	207
320	704	256	354	685	266
320	704	320	356	685	326
320	704	384	359	686	387
320	704	448	362	687	449
320	704	512	366	687	511
320	704	576	370	688	574
320	704	640	374	689	637
320	704	704	380	690	699
320	704	768	385	692	762
320	704	832	391	693	825
320	704	896	398	695	888
320	704	960	405	696	951
320	704	1023	413	698	1013
320	768	0	360	746	101
320	768	64	360	746	116
320	768	128	361	746	157
320	768	192	362	746	210
320	768	256	363	747	268
320	768	320	365	747	327
320	768	384	367	747	388
320	768	448	370	748	450
320	768	512	374	749	512
320	768	576	378	749	575
320	768	640	383	750	637
320	768	704	388	751	700
320	768	768	393	753	763
320	768	832	399	754	825
320	768	896	406	755	888
320	768	960	413	757	951
320	768	1023	420	758	1013
320	832	0	369	808	107
320	832	64	370	808	121
320	832	128	370	808	161
320	832	192	371	808	213
320	832	256	372	808	270
320	832	320	374	809	329
320	832	384	377	809	390
320	832	448	380	809	451
320	832	512	383	810	513
320	832	576	387	811	575
320	832	640	391	812	638
320	832	704	396	813	701
320	832	768	402	814	763
320	832	832	408	815	826
320	832	896	414	816	889
320	832	960	421	817	952
320	832	1023	428	819	1014
320	896	0	379	869	114
320	896	64	380	869	127
320	896	128	380	869	165
320	896	192	381	870	216
320	896	256	382	870	272
320	896	320	384	870	331
320	896	384	386	871	391
320	896	448	389	871	453
320	896	512	393	872	514
320	896	576	396	872	576
320	896	640	401	873	639
320	896	704	405	874	701
320	896	768	411	875	764
320	896	832	416	876	827
320	896	896	423	877	889
320	896	960	429	878	952
320	896	1023	436	880	1014
320	960	0	390	931	121
320	960	64	390	931	133
320	960	128	391	931	169
320	960	192	391	931	219
320	960	256	393	932	274
320	960	320	395	932	333
320	960	384	397	932	393
320	960	448	400	933	454
320	960	512	403	933	515
320	960	576	406	934	577
320	960	640	411	935	640
320	960	704	415	935	702
320	960	768	420	936	765
320	960	832	426	937	827
320	960	896	432	938	890
320	960	960	438	939	953
320	960	1023	445	941	1015
320	1023	0	401	992	128
320	1023	64	401	992	139
320	1023	128	401	992	174
320	1023	192	402	992	222
320	1023	256	404	992	277
320	1023	320	405	993	335
320	1023	384	407	993	395
320	1023	448	410	993	455
320	1023	512	413	994	517
320	1023	576	417	994	578
320	1023	640	421	995	641
320	1023	704	425	996	703
320	1023	768	430	997	765
320	1023	832	436	998	828
320	1023	896	442	999	891
320	1023	960	448	1000	953
320	1023	1023	454	1001	1015
384	0	0	366	99	62
384	0	64	367	100	86
384	0	128	367	101	138
384	0	192	368	103	197
384	0	256	370	106	258
384	0	320	371	110	320
384	0	384	374	114	382
384	0	448	377	120	445
384	0	512	380	126	508
384	0	576	384	132	571
384	0	640	389	140	634
384	0	704	394	147	697
384	0	768	399	155	760
384	0	832	405	163	823
384	0	896	411	172	886
384	0	960	418	180	949
384	0	1023	425	189	1011
384	64	0	367	114	62
384	64	64	367	114	86
384	64	128	367	115	138
384	64	192	368	117	197
384	64	256	370	120	258
384	64	320	372	123	320
384	64	384	374	127	382
384	64	448	377	132	445
384	64	512	380	137	508
384	64	576	384	143	571
384	64	640	389	150	634
384	64	704	394	157	697
384	64	768	399	164	760
384	64	832	405	172	823
384	64	896	411	180	886
384	64	960	418	188	949
384	64	1023	425	196	1011
384	128	0	367	154	63
384	128	64	368	154	86
384	128	128	368	155	138
384	128	192	369	156	197
384	128	256	370	158	258
384	128	320	372	160	320
384	128	384	375	163	383
384	128	448	378	167	445
384	128	512	381	171	508
384	128	576	385	176	571
384	128	640	390	181	634
384	128	704	394	186	697
384	128	768	400	192	760
384	128	832	406	199	823
384	128	896	412	206	886
384	128	960	419	213	949
384	128	1023	426	220	1011
384	192	0	369	206	65
384	192	64	369	206	88
384	192	128	369	206	139
384	192	192	370	207	198
384	192	256	372	209	258
384	192	320	374	210	320
384	192	384	376	213	383
384	192	448	379	215	445
384	192	512	382	218	508
384	192	576	386	222	571
384	192	640	391	226	634
384	192	704	396	230	697
384	192	768	401	235	760
384	192	832	407	240	823
384	192	896	413	245	886
384	192	960	420	251	949
384	192	1023	427	257	1012
384	256	0	371	262	67
384	256	64	371	262	89
384	256	128	371	263	140
384	256	192	372	263	198
384	256	256	374	264	259
384	256	320	376	266	321
384	256	384	378	267	383
384	256	448	381	269	446
384	256	512	384	272	508
384	256	576	388	274	571
384	256	640	393	277	634
384	256	704	398	281	697
384	256	768	403	285	760
384	256	832	409	289	823
384	256	896	415	293	886
384	256	960	422	298	950
384	256	1023	429	302	1012
384	320	0	373	321	70
384	320	64	374	321	92
384	320	128	374	321	141
384	320	192	375	322	199
384	320	256	376	323	260
384	320	320	378	324	321
384	320	384	381	325	383
384	320	448	384	327	446
384	320	512	387	328	509
384	320	576	391	331	572
384	320	640	395	333	634
384	320	704	400	336	697
384	320	768	405	339	760
384	320	832	411	342	823
384	320	896	417	346	887
384	320	960	424	349	950
384	320	1023	431	353	1012
384	384	0	377	381	74
384	384	64	377	381	94
384	384	128	378	381	143
384	384	192	378	381	200
384	384	256	380	382	260
384	384	320	382	383	322
384	384	384	384	384	384
384	384	448	387	385	446
384	384	512	390	387	509
384	384	576	394	389	572
384	384	640	398	391	635
384	384	704	403	393	698
384	384	768	408	395	761
384	384	832	414	398	824
384	384	896	420	401	887
384	384	960	427	404	950
384	384	1023	434	408	1012
384	448	0	381	441	78
384	448	64	381	441	98
384	448	128	382	441	145
384	448	192	383	442	202
384	448	256	384	442	261
384	448	320	386	443	323
384	448	384	388	444	385
384	448	448	391	445	447
384	448	512	394	446	510
384	448	576	398	448	572
384	448	640	402	449	635
384	448	704	407	451	698
384	448	768	412	453	761
384	448	832	418	456	824
384	448	896	424	458	887
384	448	960	431	461	950
384	448	1023	437	464	1012
384	512	0	386	502	83
384	512	64	386	502	101
384	512	128	386	502	147
384	512	192	387	503	203
384	512	256	389	503	263
384	512	320	390	504	324
384	512	384	393	504	385
384	512	448	395	505	448
384	512	512	399	506	510
384	512	576	402	508	573
384	512	640	407	509	635
384	512	704	411	511	698
384	512	768	417	513	761
384	512	832	422	515	824
384	512	896	428	517	887
384	512	960	435	519	950
384	512	1023	441	522	1012
384	576	0	391	563	88
384	576	64	391	563	106
384	576	128	392	563	150
384	576	192	393	564	205
384	576	256	394	564	264
384	576	320	396	564	325
384	576	384	398	565	386
384	576	448	401	566	448
384	576	512	404	567	511
384	576	576	408	568	573
384	576	640	412	569	636
384	576	704	416	571	699
384	576	768	422	572	762
384	576	832	427	574	825
384	576	896	433	576	888
384	576	960	439	578	951
384	576	1023	446	580	1013
384	640	0	397	624	94
384	640	64	398	624	110
384	640	128	398	625	153
384	640	192	399	625	207
384	640	256	400	625	265
384	640	320	402	626	326
384	640	384	404	626	387
384	640	448	407	627	449
384	640	512	410	628	511
384	640	576	414	629	574
384	640	640	418	630	636
384	640	704	422	631	699
384	640	768	427	633	762
384	640	832	433	634	825
384	640	896	439	636	888
384	640	960	445	638	951
384	640	1023	451	640	1013
384	704	0	404	686	100
384	704	64	404	686	115
384	704	128	405	686	156
384	704	192	406	686	209
384	704	256	407	686	267
384	704	320	409	687	327
384	704	384	411	687	388
384	704	448	413	688	450
384	704	512	417	689	512
384	704	576	420	690	575
384	704	640	424	691	637
384	704	704	429	692	700
384	704	768	433	693	763
384	704	832	439	694	825
384	704	896	445	696	888
384	704	960	451	698	951
384	704	1023	457	699	1013
384	768	0	412	747	106
384	768	64	412	747	120
384	768	128	412	747	160
384	768	192	413	748	212
384	768	256	414	748	269
384	768	320	416	748	329
384	768	384	418	749	390
384	768	448	421	749	451
384	768	512	424	750	513
384	768	576	427	751	575
384	768	640	431	752	638
384	768	704	435	753	700
384	768	768	440	754	763
384	768	832	446	755	826
384	768	896	451	757	889
384	768	960	457	758	952
384	768	1023	464	760	1014
384	832	0	420	809	112
384	832	64	420	809	125
384	832	128	420	809	164
384	832	192	421	809	215
384	832	256	422	809	271
384	832	320	424	810	330
384	832	384	426	810	391
384	832	448	429	811	452
384	832	512	431	811	514
384	832	576	435	812	576
384	832	640	439	813	639
384	832	704	443	814	701
384	832	768	448	815	764
384	832	832	453	816	826
384	832	896	458	817	889
384	832	960	464	819	952
384	832	1023	471	820	1014
384	896	0	428	870	118
384	896	64	428	870	131
384	896	128	429	871	168
384	896	192	430	871	218
384	896	256	431	871	273
384	896	320	432	871	332
384	896	384	434	872	392
384	896	448	437	872	453
384	896	512	440	873	515
384	896	576	443	873	577
384	896	640	447	874	639
384	896	704	451	875	702
384	896	768	456	876	764
384	896	832	461	877	827
384	896	896	466	878	890
384	896	960	472	879	953
384	896	1023	478	881	1015
384	960	0	438	932	125
384	960	64	438	932	137
384	960	128	438	932	172
384	960	192	439	932	221
384	960	256	440	933	276
384	960	320	442	933	334
384	960	384	443	933	394
384	960	448	446	934	455
384	960	512	449	934	516
384	960	576	452	935	578
384	960	640	456	936	640
384	960	704	460	936	703
384	960	768	464	937	765
384	960	832	469	938	828
384	960	896	475	939	890
384	960	960	480	940	953
384	960	1023	486	942	1015
384	1023	0	447	993	131
384	1023	64	447	993	143
384	1023	128	448	993	177
384	1023	192	448	993	224
384	1023	256	449	993	278
384	1023	320	451	994	336
384	1023	384	453	994	396
384	1023	448	455	994	456
384	1023	512	458	995	517
384	1023	576	461	995	579
384	1023	640	465	996	641
384	1023	704	469	997	703
384	1023	768	473	998	766
384	1023	832	478	998	828
384	1023	896	483	999	891
384	1023	960	489	1001	954
384	1023	1023	495	1002	1016
448	0	0	428	116	72
448	0	64	428	116	93
448	0	128	428	117	142
448	0	192	429	119	200
448	0	256	430	121	260
448	0	320	432	125	322
448	0	384	434	129	384
448	0	448	436	133	446
448	0	512	439	139	509
448	0	576	442	145	572
448	0	640	446	151	635
448	0	704	450	158	698
448	0	768	455	165	761
448	0	832	460	173	824
448	0	896	466	181	887
448	0	960	471	189	950
448	0	1023	478	197	1012
448	64	0	428	128	72
448	64	64	428	129	93
448	64	128	428	129	142
448	64	192	429	131	200
448	64	256	430	133	260
448	64	320	432	136	322
448	64	384	434	140	384
448	64	448	436	144	446
448	64	512	439	149	509
448	64	576	443	154	572
448	64	640	446	160	635
448	64	704	451	167	698
448	64	768	455	174	761
448	64	832	460	181	824
448	64	896	466	188	887
448	64	960	472	196	950
448	64	1023	478	204	1012
448	128	0	428	164	73
448	128	64	428	165	94
448	128	128	429	165	142
448	128	192	430	166	200
448	128	256	431	168	260
448	128	320	432	170	322
448	128	384	434	173	384
448	128	448	437	176	446
448	128	512	440	180	509
448	128	576	443	185	572
448	128	640	447	189	635
448	128	704	451	195	698
448	128	768	456	201	761
448	128	832	461	207	824
448	128	896	466	213	887
448	128	960	472	220	950
448	128	1023	478	227	1012
448	192	0	429	213	74
448	192	64	430	213	95
448	192	128	430	214	143
448	192	192	431	215	200
448	192	256	432	216	261
448	192	320	434	218	322
448	192	384	436	220	384
448	192	448	438	222	446
448	192	512	441	225	509
448	192	576	444	229	572
448	192	640	448	232	635
448	192	704	452	236	698
448	192	768	457	241	761
448	192	832	462	246	824
448	192	896	467	251	887
448	192	960	473	257	950
448	192	1023	479	263	1012
448	256	0	431	268	76
448	256	64	431	268	96
448	256	128	432	268	144
448	256	192	432	269	201
448	256	256	434	270	261
448	256	320	435	271	322
448	256	384	437	273	384
448	256	448	440	275	447
448	256	512	443	277	509
448	256	576	446	280	572
448	256	640	450	283	635
448	256	704	454	286	698
448	256	768	458	290	761
448	256	832	463	294	824
448	256	896	469	298	887
448	256	960	475	302	950
448	256	1023	481	307	1012
448	320	0	433	325	79
448	320	64	433	325	98
448	320	128	434	326	145
448	320	192	435	326	202
448	320	256	436	327	262
448	320	320	437	328	323
448	320	384	439	329	385
448	320	448	442	331	447
448	320	512	445	333	510
448	320	576	448	335	572
448	320	640	452	337	635
448	320	704	456	340	698
448	320	768	460	343	761
448	320	832	465	346	824
448	320	896	471	350	887
448	320	960	477	353	950
448	320	1023	483	357	1012
448	384	0	436	384	83
448	384	64	436	384	101
448	384	128	437	385	147
448	384	192	438	385	203
448	384	256	439	386	262
448	384	320	440	387	323
448	384	384	442	388	385
448	384	448	445	389	447
448	384	512	447	390	510
448	384	576	451	392	573
448	384	640	454	394	635
448	384	704	459	396	698
448	384	768	463	399	761
448	384	832	468	402	824
448	384	896	473	404	887
448	384	960	479	408	950
448	384	1023	485	411	1012
448	448	0	440	444	86
448	448	64	440	444	104
448	448	128	440	444	149
448	448	192	441	445	204
448	448	256	442	445	263
448	448	320	444	446	324
448	448	384	446	447	386
448	448	448	448	448	448
448	448	512	451	449	510
448	448	576	454	451	573
448	448	640	458	452	636
448	448	704	462	454	699
448	448	768	466	456	761
448	448	832	471	459	824
448	448	896	477	461	887
448	448	960	482	464	950
448	448	1023	488	467	1013
448	512	0	444	505	91
448	512	64	444	505	107
448	512	128	444	505	151
448	512	192	445	505	206
448	512	256	446	506	265
448	512	320	448	506	325
448	512	384	450	507	387
448	512	448	452	508	449
448	512	512	455	509	511
448	512	576	458	510	573
448	512	640	462	512	636
448	512	704	466	513	699
448	512	768	470	515	762
448	512	832	475	517	825
448	512	896	480	519	888
448	512	960	486	522	951
448	512	1023	492	524	1013
448	576	0	448	565	95
448	576	64	448	565	111
448	576	128	449	566	154
448	576	192	450	566	208
448	576	256	451	566	266
448	576	320	452	567	326
448	576	384	454	567	387
448	576	448	457	568	449
448	576	512	459	569	512
448	576	576	462	570	574
448	576	640	466	572	637
448	576	704	470	573	699
448	576	768	474	575	762
448	576	832	479	576	825
448	576	896	484	578	888
448	576	960	490	580	951
448	576	1023	496	583	1013
448	640	0	454	626	100
448	640	64	454	626	116
448	640	128	454	627	157
448	640	192	455	627	210
448	640	256	456	627	267
448	640	320	457	628	327
448	640	384	459	628	388
448	640	448	462	629	450
448	640	512	464	630	512
448	640	576	467	631	575
448	640	640	471	632	637
448	640	704	475	633	700
448	640	768	479	635	763
448	640	832	484	636	825
448	640	896	489	638	888
448	640	960	495	640	951
448	640	1023	501	642	1013
448	704	0	459	688	106
448	704	64	460	688	120
448	704	128	460	688	160
448	704	192	461	688	212
448	704	256	462	688	269
448	704	320	463	689	329
448	704	384	465	689	390
448	704	448	467	690	451
448	704	512	470	691	513
448	704	576	473	691	575
448	704	640	477	692	638
448	704	704	480	694	700
448	704	768	485	695	763
448	704	832	489	696	826
448	704	896	495	698	889
448	704	960	500	699	952
448	704	1023	506	701	1014
448	768	0	466	749	111
448	768	64	466	749	125
448	768	128	466	749	163
448	768	192	467	749	214
448	768	256	468	749	271
448	768	320	470	750	330
448	768	384	471	750	391
448	768	448	474	751	452
448	768	512	476	752	514
448	768	576	479	752	576
448	768	640	483	753	638
448	768	704	487	754	701
448	768	768	491	755	764
448	768	832	495	757	826
448	768	896	500	758	889
448	768	960	506	760	952
448	768	1023	511	761	1014
448	832	0	473	810	117
448	832	64	473	810	130
448	832	128	473	810	167
448	832	192	474	811	217
448	832	256	475	811	273
448	832	320	476	811	332
448	832	384	478	812	392
448	832	448	480	812	453
448	832	512	483	813	515
448	832	576	486	814	577
448	832	640	489	814	639
448	832	704	493	815	702
448	832	768	497	816	764
448	832	832	502	817	827
448	832	896	507	819	890
448	832	960	512	820	953
448	832	1023	518	822	1014
448	896	0	480	872	123
448	896	64	480	872	136
448	896	128	481	872	171
448	896	192	481	872	220
448	896	256	483	872	275
448	896	320	484	873	334
448	896	384	486	873	394
448	896	448	488	873	454
448	896	512	490	874	516
448	896	576	493	875	578
448	896	640	497	875	640
448	896	704	500	876	702
448	896	768	504	877	765
448	896	832	509	878	828
448	896	896	514	880	890
448	896	960	519	881	953
448	896	1023	524	882	1015
448	960	0	488	933	130
448	960	64	488	933	141
448	960	128	489	933	175
448	960	192	489	934	223
448	960	256	490	934	278
448	960	320	492	934	336
448	960	384	494	934	395
448	960	448	496	935	456
448	960	512	498	935	517
448	960	576	501	936	579
448	960	640	504	937	641
448	960	704	508	938	703
448	960	768	512	938	766
448	960	832	516	939	828
448	960	896	521	940	891
448	960	960	526	942	954
448	960	1023	532	943	1015
448	1023	0	497	994	136
448	1023	64	497	994	147
448	1023	128	497	994	180
448	1023	192	498	994	227
448	1023	256	499	994	280
448	1023	320	500	995	338
448	1023	384	502	995	397
448	1023	448	504	995	457
448	1023	512	506	996	518
448	1023	576	509	997	580
448	1023	640	512	997	642
448	1023	704	516	998	704
448	1023	768	520	999	766
448	1023	832	524	1000	829
448	1023	896	529	1001	892
448	1023	960	534	1002	954
448	1023	1023	539	1003	1016
512	0	0	489	133	82
512	0	64	489	133	101
512	0	128	489	134	147
512	0	192	490	135	203
512	0	256	491	137	262
512	0	320	492	140	323
512	0	384	494	144	385
512	0	448	496	148	447
512	0	512	498	152	510
512	0	576	501	158	573
512	0	640	505	164	635
512	0	704	508	170	698
512	0	768	512	177	761
512	0	832	517	184	824
512	0	896	521	191	887
512	0	960	527	199	950
512	0	1023	532	206	1012
512	64	0	489	143	82
512	64	64	489	144	101
512	64	128	489	144	147
512	64	192	490	146	203
512	64	256	491	148	262
512	64	320	492	150	323
512	64	384	494	153	385
512	64	448	496	157	447
512	64	512	499	162	510
512	64	576	501	167	573
512	64	640	505	172	635
512	64	704	508	178	698
512	64	768	512	184	761
512	64	832	517	191	824
512	64	896	522	198	887
512	64	960	527	205	950
512	64	1023	532	213	1012
512	128	0	489	176	83
512	128	64	489	176	101
512	128	128	490	177	147
512	128	192	490	178	203
512	128	256	491	179	263
512	128	320	493	181	324
512	128	384	495	184	385
512	128	448	497	187	448
512	128	512	499	191	510
512	128	576	502	195	573
512	128	640	505	199	635
512	128	704	509	204	698
512	128	768	513	210	761
512	128	832	517	215	824
512	128	896	522	222	887
512	128	960	527	228	950
512	128	1023	533	235	1012
512	192	0	490	222	84
512	192	64	490	222	102
512	192	128	491	222	148
512	192	192	491	223	204
512	192	256	492	224	263
512	192	320	494	226	324
512	192	384	495	228	386
512	192	448	498	230	448
512	192	512	500	233	510
512	192	576	503	236	573
512	192	640	506	240	636
512	192	704	510	244	698
512	192	768	514	248	761
512	192	832	518	253	824
512	192	896	523	258	887
512	192	960	528	264	950
512	192	1023	533	269	1012
512	256	0	492	274	86
512	256	64	492	275	104
512	256	128	492	275	149
512	256	192	493	275	204
512	256	256	494	276	263
512	256	320	495	278	324
512	256	384	497	279	386
512	256	448	499	281	448
512	256	512	501	283	510
512	256	576	504	286	573
512	256	640	508	289	636
512	256	704	511	292	699
512	256	768	515	296	761
512	256	832	519	299	824
512	256	896	524	304	887
512	256	960	529	308	950
512	256	1023	535	313	1013
512	320	0	494	331	88
512	320	64	494	331	106
512	320	128	494	331	150
512	320	192	495	331	205
512	320	256	496	332	264
512	320	320	497	333	325
512	320	384	499	334	386
512	320	448	501	336	448
512	320	512	503	338	511
512	320	576	506	340	573
512	320	640	509	342	636
512	320	704	513	345	699
512	320	768	517	348	762
512	320	832	521	351	825
512	320	896	526	354	888
512	320	960	531	358	951
512	320	1023	536	362	1013
512	384	0	496	389	91
512	384	64	496	389	108
512	384	128	497	389	152
512	384	192	497	389	206
512	384	256	498	390	265
512	384	320	499	391	325
512	384	384	501	392	387
512	384	448	503	393	449
512	384	512	506	395	511
512	384	576	509	396	574
512	384	640	512	398	636
512	384	704	515	400	699
512	384	768	519	403	762
512	384	832	524	406	825
512	384	896	528	408	888
512	384	960	533	412	951
512	384	1023	539	415	1013
512	448	0	499	448	95
512	448	64	499	448	111
512	448	128	499	448	153
512	448	192	500	448	207
512	448	256	501	449	266
512	448	320	502	450	326
512	448	384	504	450	387
512	448	448	506	452	449
512	448	512	509	453	511
512	448	576	511	454	574
512	448	640	515	456	637
512	448	704	518	458	699
512	448	768	522	460	762
512	448	832	526	462	825
512	448	896	531	465	888
512	448	960	536	467	951
512	448	1023	541	470	1013
512	512	0	502	508	99
512	512	64	503	508	114
512	512	128	503	508	156
512	512	192	504	508	209
512	512	256	505	509	267
512	512	320	506	509	327
512	512	384	508	510	388
512	512	448	510	511	450
512	512	512	512	512	512
512	512	576	515	513	574
512	512	640	518	515	637
512	512	704	521	516	700
512	512	768	525	518	762
512	512	832	530	520	825
512	512	896	534	522	888
512	512	960	539	525	951
512	512	1023	544	527	1013
512	576	0	506	568	103
512	576	64	507	568	118
512	576	128	507	568	158
512	576	192	508	568	211
512	576	256	509	569	268
512	576	320	510	569	328
512	576	384	512	570	389
512	576	448	514	571	451
512	576	512	516	572	513
512	576	576	519	573	575
512	576	640	522	574	637
512	576	704	525	576	700
512	576	768	529	577	763
512	576	832	533	579	826
512	576	896	538	581	889
512	576	960	543	583	952
512	576	1023	548	585	1013
512	640	0	511	629	108
512	640	64	511	629	122
512	640	128	511	629	161
512	640	192	512	629	213
512	640	256	513	629	270
512	640	320	514	630	329
512	640	384	516	631	390
512	640	448	518	631	451
512	640	512	520	632	513
512	640	576	523	633	576
512	640	640	526	634	638
512	640	704	530	635	701
512	640	768	533	637	763
512	640	832	538	638	826
512	640	896	542	640	889
512	640	960	547	642	952
512	640	1023	552	644	1014
512	704	0	516	690	113
512	704	64	516	690	126
512	704	128	517	690	164
512	704	192	517	690	215
512	704	256	518	690	271
512	704	320	519	691	331
512	704	384	521	691	391
512	704	448	523	692	452
512	704	512	525	693	514
512	704	576	528	694	576
512	704	640	531	695	639
512	704	704	534	696	701
512	704	768	538	697	764
512	704	832	542	698	827
512	704	896	547	700	889
512	704	960	552	702	952
512	704	1023	557	703	1014
512	768	0	522	751	118
512	768	64	522	751	131
512	768	128	522	751	167
512	768	192	523	751	217
512	768	256	524	751	273
512	768	320	525	752	332
512	768	384	527	752	392
512	768	448	528	753	453
512	768	512	531	754	515
512	768	576	533	754	577
512	768	640	536	755	639
512	768	704	540	756	702
512	768	768	544	757	764
512	768	832	548	759	827
512	768	896	552	760	890
512	768	960	557	762	953
512	768	1023	562	763	1015
512	832	0	528	812	123
512	832	64	528	812	135
512	832	128	528	812	171
512	832	192	529	812	220
512	832	256	530	813	275
512	832	320	531	813	334
512	832	384	533	813	394
512	832	448	534	814	454
512	832	512	537	815	516
512	832	576	539	815	578
512	832	640	542	816	640
512	832	704	546	817	702
512	832	768	549	818	765
512	832	832	553	819	828
512	832	896	558	820	890
512	832	960	563	822	953
512	832	1023	568	823	1015
512	896	0	534	873	129
512	896	64	534	873	141
512	896	128	535	874	175
512	896	192	535	874	223
512	896	256	536	874	278
512	896	320	538	874	335
512	896	384	539	875	395
512	896	448	541	875	456
512	896	512	543	876	517
512	896	576	546	876	579
512	896	640	549	877	641
512	896	704	552	878	703
512	896	768	556	879	766
512	896	832	560	880	828
512	896	896	564	881	891
512	896	960	569	882	954
512	896	1023	574	884	1015
512	960	0	541	935	135
512	960	64	541	935	146
512	960	128	542	935	179
512	960	192	542	935	226
512	960	256	543	935	280
512	960	320	545	936	337
512	960	384	546	936	397
512	960	448	548	936	457
512	960	512	550	937	518
512	960	576	553	938	580
512	960	640	556	938	642
512	960	704	559	939	704
512	960	768	562	940	766
512	960	832	566	941	829
512	960	896	571	942	891
512	960	960	575	943	954
512	960	1023	580	944	1016
512	1023	0	549	995	141
512	1023	64	549	995	151
512	1023	128	549	995	183
512	1023	192	550	996	229
512	1023	256	551	996	283
512	1023	320	552	996	339
512	1023	384	553	996	398
512	1023	448	555	997	458
512	1023	512	557	997	519
512	1023	576	560	998	581
512	1023	640	563	999	643
512	1023	704	566	999	705
512	1023	768	569	1000	767
512	1023	832	573	1001	829
512	1023	896	578	1002	892
512	1023	960	582	1003	955
512	1023	1023	587	1004	1016
576	0	0	550	149	92
576	0	64	550	149	109
576	0	128	550	150	152
576	0	192	551	151	206
576	0	256	552	153	265
576	0	320	553	156	326
576	0	384	554	159	387
576	0	448	556	162	449
576	0	512	558	167	511
576	0	576	561	171	574
576	0	640	564	177	636
576	0	704	567	183	699
576	0	768	570	189	762
576	0	832	574	195	825
576	0	896	578	202	888
576	0	960	583	209	951
576	0	1023	588	217	1013
576	64	0	550	159	93
576	64	64	550	159	109
576	64	128	550	159	152
576	64	192	551	161	207
576	64	256	552	162	265
576	64	320	553	165	326
576	64	384	554	168	387
576	64	448	556	171	449
576	64	512	558	175	511
576	64	576	561	180	574
576	64	640	564	185	636
576	64	704	567	190	699
576	64	768	570	196	762
576	64	832	574	202	825
576	64	896	579	209	888
576	64	960	583	216	951
576	64	1023	588	223	1013
576	128	0	550	188	93
576	128	64	550	188	110
576	128	128	551	189	153
576	128	192	551	190	207
576	128	256	552	191	265
576	128	320	553	193	326
576	128	384	555	195	387
576	128	448	557	198	449
576	128	512	559	202	511
576	128	576	561	205	574
576	128	640	564	210	636
576	128	704	567	214	699
576	128	768	571	220	762
576	128	832	575	225	825
576	128	896	579	231	888
576	128	960	583	237	951
576	128	1023	588	243	1013
576	192	0	551	231	94
576	192	64	551	231	110
576	192	128	552	232	153
576	192	192	552	232	207
576	192	256	553	234	266
576	192	320	554	235	326
576	192	384	556	237	387
576	192	448	557	239	449
576	192	512	560	242	511
576	192	576	562	245	574
576	192	640	565	249	637
576	192	704	568	252	699
576	192	768	572	257	762
576	192	832	576	261	825
576	192	896	580	266	888
576	192	960	584	271	951
576	192	1023	589	277	1013
576	256	0	552	282	96
576	256	64	552	282	112
576	256	128	553	282	154
576	256	192	553	283	208
576	256	256	554	284	266
576	256	320	555	285	326
576	256	384	557	286	388
576	256	448	559	288	449
576	256	512	561	290	512
576	256	576	563	293	574
576	256	640	566	296	637
576	256	704	569	299	699
576	256	768	573	302	762
576	256	832	577	306	825
576	256	896	581	310	888
576	256	960	585	314	951
576	256	1023	590	319	1013
576	320	0	554	336	98
576	320	64	554	337	113
576	320	128	554	337	155
576	320	192	555	337	209
576	320	256	556	338	267
576	320	320	557	339	327
576	320	384	559	340	388
576	320	448	560	342	450
576	320	512	563	343	512
576	320	576	565	346	574
576	320	640	568	348	637
576	320	704	571	350	700
576	320	768	574	353	762
576	320	832	578	356	825
576	320	896	582	360	888
576	320	960	587	363	951
576	320	1023	592	367	1013
576	384	0	556	393	101
576	384	64	556	394	116
576	384	128	557	394	157
576	384	192	557	394	210
576	384	256	558	395	267
576	384	320	559	396	327
576	384	384	561	397	388
576	384	448	562	398	450
576	384	512	565	399	512
576	384	576	567	401	575
576	384	640	570	403	637
576	384	704	573	405	700
576	384	768	576	408	763
576	384	832	580	410	825
576	384	896	584	413	888
576	384	960	589	416	951
576	384	1023	594	419	1013
576	448	0	559	452	104
576	448	64	559	452	118
576	448	128	559	452	159
576	448	192	560	452	211
576	448	256	561	453	268
576	448	320	562	454	328
576	448	384	563	455	389
576	448	448	565	456	451
576	448	512	567	457	513
576	448	576	570	458	575
576	448	640	572	460	638
576	448	704	576	462	700
576	448	768	579	464	763
576	448	832	583	466	826
576	448	896	587	469	889
576	448	960	591	471	952
576	448	1023	596	474	1014
576	512	0	562	511	107
576	512	64	562	511	121
576	512	128	562	511	161
576	512	192	563	512	213
576	512	256	564	512	270
576	512	320	565	513	329
576	512	384	566	514	390
576	512	448	568	514	451
576	512	512	570	516	513
576	512	576	573	517	575
576	512	640	575	518	638
576	512	704	578	520	701
576	512	768	582	522	763
576	512	832	586	524	826
576	512	896	590	526	889
576	512	960	594	528	952
576	512	1023	599	530	1014
576	576	0	565	571	111
576	576	64	565	571	125
576	576	128	566	571	163
576	576	192	566	572	214
576	576	256	567	572	271
576	576	320	568	572	330
576	576	384	570	573	391
576	576	448	571	574	452
576	576	512	574	575	514
576	576	576	576	576	576
576	576	640	579	577	638
576	576	704	582	579	701
576	576	768	585	580	764
576	576	832	589	582	826
576	576	896	593	584	889
576	576	960	598	586	952
576	576	1023	602	588	1014
576	640	0	569	631	115
576	640	64	569	632	128
576	640	128	570	632	166
576	640	192	570	632	216
576	640	256	571	632	272
576	640	320	572	633	331
576	640	384	574	633	392
576	640	448	575	634	453
576	640	512	577	635	515
576	640	576	580	636	577
576	640	640	583	637	639
576	640	704	586	638	701
576	640	768	589	640	764
576	640	832	593	641	827
576	640	896	597	643	890
576	640	960	601	645	952
576	640	1023	606	647	1014
576	704	0	574	692	120
576	704	64	574	692	132
576	704	128	574	692	169
576	704	192	575	692	218
576	704	256	576	693	274
576	704	320	577	693	333
576	704	384	578	694	393
576	704	448	580	694	454
576	704	512	582	695	515
576	704	576	584	696	577
576	704	640	587	697	640
576	704	704	590	698	702
576	704	768	593	699	765
576	704	832	597	701	827
576	704	896	601	702	890
576	704	960	605	704	953
576	704	1023	610	706	1015
576	768	0	579	753	125
576	768	64	579	753	137
576	768	128	579	753	172
576	768	192	580	753	221
576	768	256	580	754	276
576	768	320	582	754	334
576	768	384	583	754	394
576	768	448	585	755	455
576	768	512	587	756	516
576	768	576	589	757	578
576	768	640	592	757	640
576	768	704	595	758	703
576	768	768	598	760	765
576	768	832	602	761	828
576	768	896	606	762	890
576	768	960	610	764	953
576	768	1023	615	765	1015
576	832	0	584	814	130
576	832	64	584	814	141
576	832	128	584	814	176
576	832	192	585	814	223
576	832	256	586	815	278
576	832	320	587	815	336
576	832	384	588	815	395
576	832	448	590	816	456
576	832	512	592	817	517
576	832	576	594	817	579
576	832	640	597	818	641
576	832	704	600	819	703
576	832	768	603	820	766
576	832	832	607	821	828
576	832	896	611	822	891
576	832	960	615	824	954
576	832	1023	620	825	1015
576	896	0	590	875	135
576	896	64	590	875	146
576	896	128	590	875	179
576	896	192	591	876	226
576	896	256	592	876	280
576	896	320	593	876	337
576	896	384	594	876	397
576	896	448	596	877	457
576	896	512	598	878	518
576	896	576	600	878	580
576	896	640	603	879	642
576	896	704	606	880	704
576	896	768	609	881	766
576	896	832	612	882	829
576	896	896	616	883	891
576	896	960	621	884	954
576	896	1023	625	886	1016
576	960	0	596	937	141
576	960	64	596	937	151
576	960	128	597	937	183
576	960	192	597	937	229
576	960	256	598	937	282
576	960	320	599	937	339
576	960	384	600	938	398
576	960	448	602	938	458
576	960	512	604	939	519
576	960	576	606	939	581
576	960	640	609	940	643
576	960	704	612	941	705
576	960	768	615	942	767
576	960	832	618	943	829
576	960	896	622	944	892
576	960	960	626	945	955
576	960	1023	631	946	1016
576	1023	0	603	997	147
576	1023	64	603	997	157
576	1023	128	603	997	188
576	1023	192	604	997	233
576	1023	256	604	997	285
576	1023	320	605	998	341
576	1023	384	607	998	400
576	1023	448	608	998	460
576	1023	512	610	999	521
576	1023	576	613	999	582
576	1023	640	615	1000	644
576	1023	704	618	1001	706
576	1023	768	621	1002	768
576	1023	832	625	1003	830
576	1023	896	629	1004	893
576	1023	960	633	1005	955
576	1023	1023	637	1006	1017
640	0	0	611	166	103
640	0	64	611	166	118
640	0	128	611	166	158
640	0	192	612	168	211
640	0	256	612	169	268
640	0	320	613	171	328
640	0	384	615	174	389
640	0	448	616	178	451
640	0	512	618	181	513
640	0	576	621	186	575
640	0	640	623	191	637
640	0	704	626	196	700
640	0	768	629	201	763
640	0	832	632	208	826
640	0	896	636	214	889
640	0	960	640	221	951
640	0	1023	645	228	1013
640	64	0	611	174	103
640	64	64	611	174	118
640	64	128	611	175	158
640	64	192	612	176	211
640	64	256	613	177	268
640	64	320	614	180	328
640	64	384	615	182	389
640	64	448	617	185	451
640	64	512	618	189	513
640	64	576	621	193	575
640	64	640	623	198	637
640	64	704	626	203	700
640	64	768	629	208	763
640	64	832	633	214	826
640	64	896	636	220	889
640	64	960	640	227	951
640	64	1023	645	233	1013
640	128	0	611	201	103
640	128	64	611	201	118
640	128	128	612	201	158
640	128	192	612	202	211
640	128	256	613	204	268
640	128	320	614	205	328
640	128	384	615	208	389
640	128	448	617	210	451
640	128	512	619	214	513
640	128	576	621	217	575
640	128	640	624	221	637
640	128	704	626	226	700
640	128	768	630	230	763
640	128	832	633	236	826
640	128	896	637	241	889
640	128	960	641	247	952
640	128	1023	645	253	1014
640	192	0	612	241	104
640	192	64	612	241	119
640	192	128	612	242	159
640	192	192	613	243	211
640	192	256	614	244	269
640	192	320	615	245	328
640	192	384	616	247	389
640	192	448	618	249	451
640	192	512	620	252	513
640	192	576	622	255	575
640	192	640	624	258	638
640	192	704	627	262	700
640	192	768	630	266	763
640	192	832	634	270	826
640	192	896	637	275	889
640	192	960	641	280	952
640	192	1023	646	285	1014
640	256	0	613	290	106
640	256	64	613	290	120
640	256	128	613	290	160
640	256	192	614	291	212
640	256	256	615	292	269
640	256	320	616	293	329
640	256	384	617	294	390
640	256	448	619	296	451
640	256	512	621	298	513
640	256	576	623	301	575
640	256	640	625	303	638
640	256	704	628	306	700
640	256	768	631	310	763
640	256	832	635	313	826
640	256	896	638	317	889
640	256	960	642	322	952
640	256	1023	647	326	1014
640	320	0	615	343	108
640	320	64	615	343	122
640	320	128	615	343	161
640	320	192	615	344	213
640	320	256	616	345	270
640	320	320	617	346	329
640	320	384	619	347	390
640	320	448	620	348	451
640	320	512	622	350	513
640	320	576	624	352	576
640	320	640	627	354	638
640	320	704	630	357	701
640	320	768	633	359	763
640	320	832	636	363	826
640	320	896	640	366	889
640	320	960	644	369	952
640	320	1023	648	373	1014
640	384	0	616	399	110
640	384	64	617	399	124
640	384	128	617	399	162
640	384	192	617	400	214
640	384	256	618	400	271
640	384	320	619	401	330
640	384	384	620	402	390
640	384	448	622	403	452
640	384	512	624	405	514
640	384	576	626	406	576
640	384	640	629	408	638
640	384	704	631	410	701
640	384	768	635	413	764
640	384	832	638	415	826
640	384	896	642	418	889
640	384	960	646	421	952
640	384	1023	650	424	1014
640	448	0	619	457	113
640	448	64	619	457	126
640	448	128	619	457	164
640	448	192	620	457	215
640	448	256	620	458	271
640	448	320	621	458	331
640	448	384	623	459	391
640	448	448	624	460	452
640	448	512	626	461	514
640	448	576	628	463	576
640	448	640	631	465	639
640	448	704	634	466	701
640	448	768	637	468	764
640	448	832	640	471	827
640	448	896	644	473	889
640	448	960	648	476	952
640	448	1023	652	478	1014
640	512	0	621	515	116
640	512	64	622	515	129
640	512	128	622	515	166
640	512	192	622	516	217
640	512	256	623	516	273
640	512	320	624	517	331
640	512	384	625	517	392
640	512	448	627	518	453
640	512	512	629	519	515
640	512	576	631	521	577
640	512	640	633	522	639
640	512	704	636	524	701
640	512	768	639	526	764
640	512	832	643	527	827
640	512	896	646	530	890
640	512	960	650	532	952
640	512	1023	655	534	1014
640	576	0	625	575	119
640	576	64	625	575	132
640	576	128	625	575	169
640	576	192	625	575	218
640	576	256	626	575	274
640	576	320	627	576	332
640	576	384	628	577	393
640	576	448	630	577	454
640	576	512	632	578	515
640	576	576	634	579	577
640	576	640	637	581	639
640	576	704	639	582	702
640	576	768	642	584	764
640	576	832	646	585	827
640	576	896	649	587	890
640	576	960	653	589	953
640	576	1023	658	591	1015
640	640	0	628	635	123
640	640	64	628	635	136
640	640	128	628	635	171
640	640	192	629	635	220
640	640	256	630	635	275
640	640	320	631	636	334
640	640	384	632	636	394
640	640	448	634	637	454
640	640	512	635	638	516
640	640	576	638	639	578
640	640	640	640	640	640
640	640	704	643	641	702
640	640	768	646	643	765
640	640	832	649	644	828
640	640	896	653	646	890
640	640	960	657	648	953
640	640	1023	661	650	1015
640	704	0	632	695	128
640	704	64	632	695	139
640	704	128	632	695	174
640	704	192	633	695	222
640	704	256	634	696	277
640	704	320	635	696	335
640	704	384	636	697	395
640	704	448	637	697	455
640	704	512	639	698	517
640	704	576	641	699	579
640	704	640	644	700	641
640	704	704	647	701	703
640	704	768	650	702	765
640	704	832	653	704	828
640	704	896	657	705	891
640	704	960	660	707	953
640	704	1023	665	708	1015
640	768	0	636	756	132
640	768	64	637	756	143
640	768	128	637	756	177
640	768	192	637	756	225
640	768	256	638	756	279
640	768	320	639	757	336
640	768	384	640	757	396
640	768	448	642	758	456
640	768	512	644	758	518
640	768	576	646	759	579
640	768	640	648	760	641
640	768	704	651	761	704
640	768	768	654	762	766
640	768	832	657	763	828
640	768	896	661	765	891
640	768	960	665	766	954
640	768	1023	669	768	1016
640	832	0	641	816	137
640	832	64	641	816	148
640	832	128	642	816	181
640	832	192	642	817	227
640	832	256	643	817	281
640	832	320	644	817	338
640	832	384	645	818	397
640	832	448	647	818	457
640	832	512	648	819	519
640	832	576	650	820	580
640	832	640	653	820	642
640	832	704	656	821	704
640	832	768	659	822	767
640	832	832	662	823	829
640	832	896	665	825	892
640	832	960	669	826	954
640	832	1023	673	828	1016
640	896	0	646	877	142
640	896	64	647	877	152
640	896	128	647	877	184
640	896	192	647	878	230
640	896	256	648	878	283
640	896	320	649	878	340
640	896	384	650	879	399
640	896	448	652	879	459
640	896	512	654	880	520
640	896	576	656	880	581
640	896	640	658	881	643
640	896	704	661	882	705
640	896	768	664	883	767
640	896	832	667	884	830
640	896	896	670	885	892
640	896	960	674	886	955
640	896	1023	678	888	1017
640	960	0	652	939	147
640	960	64	652	939	157
640	960	128	652	939	188
640	960	192	653	939	233
640	960	256	654	939	285
640	960	320	655	939	342
640	960	384	656	940	400
640	960	448	657	940	460
640	960	512	659	941	521
640	960	576	661	941	582
640	960	640	663	942	644
640	960	704	666	943	706
640	960	768	669	944	768
640	960	832	672	945	830
640	960	896	676	946	893
640	960	960	679	947	955
640	960	1023	683	948	1017
640	1023	0	658	999	153
640	1023	64	658	999	162
640	1023	128	658	999	192
640	1023	192	659	999	236
640	1023	256	660	999	288
640	1023	320	661	999	344
640	1023	384	662	1000	402
640	1023	448	663	1000	461
640	1023	512	665	1001	522
640	1023	576	667	1001	583
640	1023	640	669	1002	645
640	1023	704	672	1003	707
640	1023	768	675	1003	769
640	1023	832	678	1004	831
640	1023	896	681	1005	893
640	1023	960	685	1006	956
640	1023	1023	689	1008	1018
704	0	0	672	182	113
704	0	64	672	182	126
704	0	128	672	183	164
704	0	192	673	184	215
704	0	256	673	185	272
704	0	320	674	187	331
704	0	384	675	190	391
704	0	448	677	193	452
704	0	512	679	196	514
704	0	576	681	200	576
704	0	640	683	205	639
704	0	704	685	210	701
704	0	768	688	215	764
704	0	832	691	220	827
704	0	896	695	226	889
704	0	960	698	233	952
704	0	1023	702	239	1014
704	64	0	672	190	113
704	64	64	672	190	126
704	64	128	672	190	164
704	64	192	673	191	215
704	64	256	673	193	272
704	64	320	674	195	331
704	64	384	676	197	391
704	64	448	677	200	452
704	64	512	679	203	514
704	64	576	681	207	576
704	64	640	683	211	639
704	64	704	685	216	701
704	64	768	688	221	764
704	64	832	691	226	827
704	64	896	695	232	889
704	64	960	698	238	952
704	64	1023	702	245	1014
704	128	0	672	214	114
704	128	64	672	214	127
704	128	128	673	215	165
704	128	192	673	216	215
704	128	256	674	217	272
704	128	320	675	219	331
704	128	384	676	221	391
704	128	448	677	223	452
704	128	512	679	226	514
704	128	576	681	229	576
704	128	640	683	233	639
704	128	704	686	237	701
704	128	768	689	242	764
704	128	832	692	247	827
704	128	896	695	252	889
704	128	960	699	258	952
704	128	1023	703	263	1014
704	192	0	673	252	114
704	192	64	673	252	128
704	192	128	673	253	165
704	192	192	674	253	216
704	192	256	674	254	272
704	192	320	675	256	331
704	192	384	677	257	391
704	192	448	678	260	453
704	192	512	680	262	514
704	192	576	682	265	576
704	192	640	684	268	639
704	192	704	686	272	701
704	192	768	689	275	764
704	192	832	692	280	827
704	192	896	696	284	889
704	192	960	699	289	952
704	192	1023	703	294	1014
704	256	0	674	299	116
704	256	64	674	299	129
704	256	128	674	299	166
704	256	192	675	300	216
704	256	256	675	300	273
704	256	320	676	302	331
704	256	384	678	303	392
704	256	448	679	305	453
704	256	512	681	307	515
704	256	576	683	309	577
704	256	640	685	312	639
704	256	704	687	315	701
704	256	768	690	318	764
704	256	832	693	321	827
704	256	896	697	325	890
704	256	960	700	329	952
704	256	1023	704	334	1014
704	320	0	675	350	117
704	320	64	675	350	130
704	320	128	676	351	167
704	320	192	676	351	217
704	320	256	677	352	273
704	320	320	678	353	332
704	320	384	679	354	392
704	320	448	680	355	453
704	320	512	682	357	515
704	320	576	684	359	577
704	320	640	686	361	639
704	320	704	689	364	702
704	320	768	691	366	764
704	320	832	695	369	827
704	320	896	698	373	890
704	320	960	702	376	953
704	320	1023	705	380	1014
704	384	0	677	405	120
704	384	64	677	405	132
704	384	128	677	405	169
704	384	192	678	406	218
704	384	256	678	406	274
704	384	320	679	407	332
704	384	384	680	408	393
704	384	448	682	409	454
704	384	512	684	411	515
704	384	576	686	412	577
704	384	640	688	414	639
704	384	704	690	416	702
704	384	768	693	419	764
704	384	832	696	421	827
704	384	896	700	424	890
704	384	960	703	427	953
704	384	1023	707	430	1015
704	448	0	679	462	122
704	448	64	679	462	134
704	448	128	679	462	170
704	448	192	680	462	219
704	448	256	680	463	275
704	448	320	681	463	333
704	448	384	683	464	393
704	448	448	684	465	454
704	448	512	686	467	516
704	448	576	688	468	578
704	448	640	690	470	640
704	448	704	692	471	702
704	448	768	695	473	765
704	448	832	698	476	827
704	448	896	701	478	890
704	448	960	705	481	953
704	448	1023	709	483	1015
704	512	0	681	520	125
704	512	64	681	520	137
704	512	128	682	520	172
704	512	192	682	520	221
704	512	256	683	521	276
704	512	320	684	521	334
704	512	384	685	522	394
704	512	448	686	523	455
704	512	512	688	524	516
704	512	576	690	525	578
704	512	640	692	527	640
704	512	704	695	528	703
704	512	768	697	530	765
704	512	832	701	532	828
704	512	896	704	534	890
704	512	960	707	536	953
704	512	1023	711	539	1015
704	576	0	684	579	128
704	576	64	684	579	140
704	576	128	684	579	174
704	576	192	685	579	223
704	576	256	686	579	277
704	576	320	687	580	335
704	576	384	688	581	395
704	576	448	689	581	455
704	576	512	691	582	517
704	576	576	693	583	579
704	576	640	695	585	641
704	576	704	697	586	703
704	576	768	700	588	765
704	576	832	703	589	828
704	576	896	707	591	891
704	576	960	710	593	954
704	576	1023	714	595	1015
704	640	0	687	638	132
704	640	64	687	638	143
704	640	128	688	638	177
704	640	192	688	638	224
704	640	256	689	639	279
704	640	320	690	639	336
704	640	384	691	640	396
704	640	448	692	641	456
704	640	512	694	641	517
704	640	576	696	642	579
704	640	640	698	643	641
704	640	704	701	645	703
704	640	768	703	646	766
704	640	832	706	648	828
704	640	896	710	649	891
704	640	960	713	651	954
704	640	1023	717	653	1016
704	704	0	691	698	136
704	704	64	691	698	147
704	704	128	691	698	180
704	704	192	692	698	227
704	704	256	692	699	280
704	704	320	693	699	338
704	704	384	694	700	397
704	704	448	696	700	457
704	704	512	697	701	518
704	704	576	699	702	580
704	704	640	702	703	642
704	704	704	704	704	704
704	704	768	707	705	766
704	704	832	710	707	829
704	704	896	713	708	892
704	704	960	717	710	954
704	704	1023	720	711	1016
704	768	0	695	758	140
704	768	64	695	758	151
704	768	128	695	759	183
704	768	192	696	759	229
704	768	256	696	759	282
704	768	320	697	759	339
704	768	384	698	760	398
704	768	448	700	760	458
704	768	512	701	761	519
704	768	576	703	762	581
704	768	640	705	763	642
704	768	704	708	764	705
704	768	768	711	765	767
704	768	832	714	766	829
704	768	896	717	767	892
704	768	960	720	769	955
704	768	1023	724	771	1016
704	832	0	699	819	144
704	832	64	699	819	155
704	832	128	699	819	186
704	832	192	700	819	231
704	832	256	701	819	284
704	832	320	701	820	341
704	832	384	703	820	399
704	832	448	704	821	459
704	832	512	706	821	520
704	832	576	708	822	581
704	832	640	710	823	643
704	832	704	712	824	705
704	832	768	715	825	768
704	832	832	718	826	830
704	832	896	721	827	892
704	832	960	724	829	955
704	832	1023	728	830	1017
704	896	0	704	880	149
704	896	64	704	880	159
704	896	128	704	880	190
704	896	192	705	880	234
704	896	256	705	880	286
704	896	320	706	881	342
704	896	384	707	881	401
704	896	448	709	881	460
704	896	512	710	882	521
704	896	576	712	883	582
704	896	640	714	883	644
704	896	704	717	884	706
704	896	768	719	885	768
704	896	832	722	886	831
704	896	896	725	887	893
704	896	960	729	889	956
704	896	1023	733	890	1017
704	960	0	709	941	154
704	960	64	709	941	164
704	960	128	709	941	193
704	960	192	710	941	237
704	960	256	710	941	289
704	960	320	711	941	344
704	960	384	712	942	402
704	960	448	714	942	462
704	960	512	715	943	522
704	960	576	717	943	583
704	960	640	719	944	645
704	960	704	722	945	707
704	960	768	724	946	769
704	960	832	727	947	831
704	960	896	730	948	894
704	960	960	734	949	956
704	960	1023	737	950	1018
704	1023	0	714	1001	159
704	1023	64	714	1001	168
704	1023	128	715	1001	197
704	1023	192	715	1001	240
704	1023	256	716	1001	291
704	1023	320	717	1001	346
704	1023	384	718	1002	404
704	1023	448	719	1002	463
704	1023	512	721	1003	523
704	1023	576	722	1003	584
704	1023	640	725	1004	646
704	1023	704	727	1005	708
704	1023	768	730	1005	770
704	1023	832	732	1006	832
704	1023	896	736	1007	894
704	1023	960	739	1008	957
704	1023	1023	743	1010	1018
768	0	0	733	199	123
768	0	64	733	199	135
768	0	128	733	199	171
768	0	192	734	200	220
768	0	256	734	202	275
768	0	320	735	203	334
768	0	384	736	206	394
768	0	448	737	208	454
768	0	512	739	212	516
768	0	576	741	215	578
768	0	640	743	219	640
768	0	704	745	224	702
768	0	768	748	229	765
768	0	832	750	234	828
768	0	896	754	239	890
768	0	960	757	245	953
768	0	1023	760	251	1015
768	64	0	733	206	123
768	64	64	733	206	136
768	64	128	733	206	171
768	64	192	734	207	220
768	64	256	734	208	275
768	64	320	735	210	334
768	64	384	736	212	394
768	64	448	738	215	454
768	64	512	739	218	516
768	64	576	741	221	578
768	64	640	743	225	640
768	64	704	745	230	702
768	64	768	748	234	765
768	64	832	751	240	828
768	64	896	754	245	890
768	64	960	757	251	953
768	64	1023	760	257	1015
768	128	0	733	228	124
768	128	64	733	228	136
768	128	128	734	229	171
768	128	192	734	229	220
768	128	256	735	231	276
768	128	320	736	232	334
768	128	384	737	234	394
768	128	448	738	236	455
768	128	512	739	239	516
768	128	576	741	242	578
768	128	640	743	246	640
768	128	704	746	250	702
768	128	768	748	254	765
768	128	832	751	259	828
768	128	896	754	264	890
768	128	960	757	269	953
768	128	1023	761	274	1015
768	192	0	734	264	125
768	192	64	734	264	137
768	192	128	734	264	172
768	192	192	735	265	221
768	192	256	735	266	276
768	192	320	736	267	334
768	192	384	737	269	394
768	192	448	738	271	455
768	192	512	740	273	516
768	192	576	742	276	578
768	192	640	744	279	640
768	192	704	746	282	703
768	192	768	749	286	765
768	192	832	751	290	828
768	192	896	755	294	890
768	192	960	758	299	953
768	192	1023	761	304	1015
768	256	0	735	308	126
768	256	64	735	308	138
768	256	128	735	309	173
768	256	192	736	309	221
768	256	256	736	310	276
768	256	320	737	311	334
768	256	384	738	312	394
768	256	448	739	314	455
768	256	512	741	316	516
768	256	576	743	318	578
768	256	640	745	321	640
768	256	704	747	324	703
768	256	768	750	327	765
768	256	832	752	330	828
768	256	896	755	334	891
768	256	960	759	338	953
768	256	1023	762	342	1015
768	320	0	736	358	127
768	320	64	736	358	139
768	320	128	736	358	174
768	320	192	737	359	222
768	320	256	737	360	277
768	320	320	738	361	335
768	320	384	739	362	395
768	320	448	741	363	455
768	320	512	742	365	517
768	320	576	744	367	578
768	320	640	746	369	641
768	320	704	748	371	703
768	320	768	751	374	765
768	320	832	753	377	828
768	320	896	757	380	891
768	320	960	760	383	953
768	320	1023	763	387	1015
768	384	0	738	412	129
768	384	64	738	412	141
768	384	128	738	412	175
768	384	192	738	412	223
768	384	256	739	413	278
768	384	320	740	414	335
768	384	384	741	415	395
768	384	448	742	416	456
768	384	512	744	417	517
768	384	576	745	419	579
768	384	640	747	421	641
768	384	704	750	423	703
768	384	768	752	425	766
768	384	832	755	428	828
768	384	896	758	430	891
768	384	960	761	433	954
768	384	1023	765	436	1015
768	448	0	739	467	131
768	448	64	739	467	143
768	448	128	740	468	177
768	448	192	740	468	224
768	448	256	741	468	279
768	448	320	742	469	336
768	448	384	743	470	396
768	448	448	744	471	456
768	448	512	745	472	517
768	448	576	747	474	579
768	448	640	749	475	641
768	448	704	751	477	703
768	448	768	754	479	766
768	448	832	757	481	828
768	448	896	760	483	891
768	448	960	763	486	954
768	448	1023	767	489	1016
768	512	0	742	525	134
768	512	64	742	525	145
768	512	128	742	525	179
768	512	192	742	525	226
768	512	256	743	526	280
768	512	320	744	526	337
768	512	384	745	527	396
768	512	448	746	528	457
768	512	512	748	529	518
768	512	576	749	530	580
768	512	640	751	531	642
768	512	704	754	533	704
768	512	768	756	535	766
768	512	832	759	537	829
768	512	896	762	539	891
768	512	960	765	541	954
768	512	1023	769	543	1016
768	576	0	744	583	137
768	576	64	744	583	148
768	576	128	744	583	181
768	576	192	745	583	227
768	576	256	745	584	281
768	576	320	746	584	338
768	576	384	747	585	397
768	576	448	749	586	457
768	576	512	750	587	519
768	576	576	752	588	580
768	576	640	754	589	642
768	576	704	756	590	704
768	576	768	759	592	767
768	576	832	761	594	829
768	576	896	764	595	892
768	576	960	768	597	954
768	576	1023	771	599	1016
768	640	0	747	642	140
768	640	64	747	642	151
768	640	128	747	642	183
768	640	192	748	642	229
768	640	256	748	643	282
768	640	320	749	643	339
768	640	384	750	644	398
768	640	448	751	644	458
768	640	512	753	645	519
768	640	576	755	646	581
768	640	640	757	647	643
768	640	704	759	649	705
768	640	768	761	650	767
768	640	832	764	651	829
768	640	896	767	653	892
768	640	960	770	655	955
768	640	1023	774	657	1016
768	704	0	750	702	144
768	704	64	750	702	154
768	704	128	750	702	186
768	704	192	751	702	231
768	704	256	751	702	284
768	704	320	752	703	340
768	704	384	753	703	399
768	704	448	755	704	459
768	704	512	756	704	520
768	704	576	758	705	581
768	704	640	760	706	643
768	704	704	762	707	705
768	704	768	765	709	767
768	704	832	767	710	830
768	704	896	770	712	892
768	704	960	773	713	955
768	704	1023	777	715	1017
768	768	0	754	762	148
768	768	64	754	762	158
768	768	128	754	762	189
768	768	192	754	762	233
768	768	256	755	762	286
768	768	320	756	762	342
768	768	384	757	763	400
768	768	448	758	764	460
768	768	512	760	764	521
768	768	576	761	765	582
768	768	640	763	766	644
768	768	704	766	767	706
768	768	768	768	768	768
768	768	832	771	769	830
768	768	896	774	771	893
768	768	960	777	772	955
768	768	1023	780	774	1017
768	832	0	758	822	152
768	832	64	758	822	162
768	832	128	758	822	192
768	832	192	758	822	236
768	832	256	759	822	288
768	832	320	760	823	343
768	832	384	761	823	402
768	832	448	762	824	461
768	832	512	764	824	522
768	832	576	765	825	583
768	832	640	767	826	645
768	832	704	769	827	706
768	832	768	772	828	769
768	832	832	775	829	831
768	832	896	777	830	893
768	832	960	781	831	956
768	832	1023	784	833	1018
768	896	0	762	882	157
768	896	64	762	882	166
768	896	128	762	882	195
768	896	192	763	883	239
768	896	256	763	883	290
768	896	320	764	883	345
768	896	384	765	884	403
768	896	448	766	884	462
768	896	512	768	885	523
768	896	576	769	885	584
768	896	640	771	886	645
768	896	704	774	887	707
768	896	768	776	888	769
768	896	832	779	889	832
768	896	896	782	890	894
768	896	960	785	891	956
768	896	1023	788	893	1018
768	960	0	767	943	161
768	960	64	767	943	170
768	960	128	767	943	199
768	960	192	767	943	241
768	960	256	768	944	292
768	960	320	769	944	347
768	960	384	770	944	405
768	960	448	771	945	464
768	960	512	772	945	524
768	960	576	774	946	585
768	960	640	776	946	646
768	960	704	778	947	708
768	960	768	781	948	770
768	960	832	783	949	832
768	960	896	786	950	894
768	960	960	789	951	957
768	960	1023	793	953	1019
768	1023	0	771	1003	166
768	1023	64	772	1003	175
768	1023	128	772	1003	203
768	1023	192	772	1003	245
768	1023	256	773	1003	294
768	1023	320	774	1004	349
768	1023	384	775	1004	406
768	1023	448	776	1005	465
768	1023	512	777	1005	525
768	1023	576	779	1006	586
768	1023	640	781	1006	647
768	1023	704	783	1007	709
768	1023	768	785	1008	771
768	1023	832	788	1009	833
768	1023	896	791	1010	895
768	1023	960	794	1011	958
768	1023	1023	797	1012	1019
832	0	0	794	215	134
832	0	64	794	216	145
832	0	128	794	216	178
832	0	192	795	217	225
832	0	256	795	218	279
832	0	320	796	220	337
832	0	384	797	222	396
832	0	448	798	224	457
832	0	512	800	227	518
832	0	576	801	230	579
832	0	640	803	234	641
832	0	704	805	238	704
832	0	768	807	243	766
832	0	832	810	248	829
832	0	896	813	253	891
832	0	960	816	258	954
832	0	1023	819	264	1016
832	64	0	794	222	134
832	64	64	794	222	145
832	64	128	794	222	178
832	64	192	795	223	225
832	64	256	795	224	279
832	64	320	796	226	337
832	64	384	797	228	396
832	64	448	798	230	457
832	64	512	800	233	518
832	64	576	801	236	580
832	64	640	803	240	641
832	64	704	805	244	704
832	64	768	808	248	766
832	64	832	810	253	829
832	64	896	813	258	891
832	64	960	816	263	954
832	64	1023	819	269	1016
832	128	0	794	242	134
832	128	64	794	242	145
832	128	128	795	243	179
832	128	192	795	244	226
832	128	256	796	245	280
832	128	320	796	246	337
832	128	384	797	248	396
832	128	448	799	250	457
832	128	512	800	253	518
832	128	576	802	256	580
832	128	640	803	259	642
832	128	704	805	263	704
832	128	768	808	267	766
832	128	832	810	271	829
832	128	896	813	276	891
832	128	960	816	281	954
832	128	1023	819	286	1016
832	192	0	795	276	135
832	192	64	795	276	146
832	192	128	795	276	179
832	192	192	796	277	226
832	192	256	796	278	280
832	192	320	797	279	337
832	192	384	798	281	397
832	192	448	799	282	457
832	192	512	800	285	518
832	192	576	802	287	580
832	192	640	804	290	642
832	192	704	806	293	704
832	192	768	808	297	766
832	192	832	811	301	829
832	192	896	814	305	891
832	192	960	817	309	954
832	192	1023	820	314	1016
832	256	0	796	318	136
832	256	64	796	318	147
832	256	128	796	319	180
832	256	192	796	319	227
832	256	256	797	320	280
832	256	320	798	321	338
832	256	384	799	322	397
832	256	448	800	324	457
832	256	512	801	326	518
832	256	576	803	328	580
832	256	640	805	330	642
832	256	704	807	333	704
832	256	768	809	336	766
832	256	832	812	339	829
832	256	896	814	343	892
832	256	960	817	347	954
832	256	1023	821	351	1016
832	320	0	797	367	137
832	320	64	797	367	148
832	320	128	797	367	181
832	320	192	797	367	227
832	320	256	798	368	281
832	320	320	799	369	338
832	320	384	800	370	397
832	320	448	801	371	458
832	320	512	802	373	519
832	320	576	804	375	580
832	320	640	806	377	642
832	320	704	808	379	704
832	320	768	810	382	767
832	320	832	813	385	829
832	320	896	815	388	892
832	320	960	819	391	954
832	320	1023	822	395	1016
832	384	0	798	419	139
832	384	64	798	419	150
832	384	128	798	419	182
832	384	192	799	419	228
832	384	256	799	420	282
832	384	320	800	421	339
832	384	384	801	422	398
832	384	448	802	423	458
832	384	512	804	424	519
832	384	576	805	426	580
832	384	640	807	428	642
832	384	704	809	430	704
832	384	768	812	432	767
832	384	832	814	434	829
832	384	896	817	437	892
832	384	960	820	440	955
832	384	1023	823	443	1016
832	448	0	800	474	141
832	448	64	800	474	152
832	448	128	800	474	184
832	448	192	800	474	229
832	448	256	801	475	283
832	448	320	802	475	339
832	448	384	803	476	398
832	448	448	804	477	458
832	448	512	805	478	519
832	448	576	807	480	581
832	448	640	809	481	643
832	448	704	811	483	705
832	448	768	813	485	767
832	448	832	816	487	830
832	448	896	818	489	892
832	448	960	821	492	955
832	448	1023	825	495	1016
832	512	0	802	530	143
832	512	64	802	530	154
832	512	128	802	530	185
832	512	192	802	531	231
832	512	256	803	531	284
832	512	320	804	532	340
832	512	384	805	532	399
832	512	448	806	533	459
832	512	512	807	534	520
832	512	576	809	535	581
832	512	640	811	537	643
832	512	704	813	538	705
832	512	768	815	540	767
832	512	832	818	542	830
832	512	896	820	544	892
832	512	960	823	546	955
832	512	1023	827	549	1017
832	576	0	804	588	146
832	576	64	804	588	156
832	576	128	804	588	187
832	576	192	805	588	232
832	576	256	805	589	285
832	576	320	806	589	341
832	576	384	807	590	400
832	576	448	808	590	460
832	576	512	810	591	520
832	576	576	811	592	582
832	576	640	813	594	644
832	576	704	815	595	706
832	576	768	817	596	768
832	576	832	820	598	830
832	576	896	823	600	893
832	576	960	826	602	955
832	576	1023	829	604	1017
832	640	0	807	646	149
832	640	64	807	646	159
832	640	128	807	646	190
832	640	192	807	647	234
832	640	256	808	647	286
832	640	320	809	647	342
832	640	384	810	648	401
832	640	448	811	649	461
832	640	512	812	649	521
832	640	576	814	650	582
832	640	640	816	651	644
832	640	704	818	653	706
832	640	768	820	654	768
832	640	832	822	656	831
832	640	896	825	657	893
832	640	960	828	659	956
832	640	1023	831	661	1017
832	704	0	810	705	153
832	704	64	810	705	162
832	704	128	810	706	192
832	704	192	810	706	236
832	704	256	811	706	288
832	704	320	812	706	344
832	704	384	813	707	402
832	704	448	814	708	461
832	704	512	815	708	522
832	704	576	817	709	583
832	704	640	818	710	645
832	704	704	821	711	707
832	704	768	823	712	769
832	704	832	825	714	831
832	704	896	828	715	893
832	704	960	831	717	956
832	704	1023	834	719	1018
832	768	0	813	765	156
832	768	64	813	765	166
832	768	128	813	765	195
832	768	192	814	765	238
832	768	256	814	766	290
832	768	320	815	766	345
832	768	384	816	766	403
832	768	448	817	767	462
832	768	512	818	768	523
832	768	576	820	768	584
832	768	640	822	769	645
832	768	704	824	770	707
832	768	768	826	771	769
832	768	832	828	773	831
832	768	896	831	774	894
832	768	960	834	775	956
832	768	1023	837	777	1018
832	832	0	817	825	160
832	832	64	817	825	169
832	832	128	817	825	198
832	832	192	817	825	241
832	832	256	818	826	292
832	832	320	818	826	347
832	832	384	819	826	404
832	832	448	821	827	463
832	832	512	822	827	524
832	832	576	823	828	585
832	832	640	825	829	646
832	832	704	827	830	708
832	832	768	830	831	770
832	832	832	832	832	832
832	832	896	835	833	894
832	832	960	838	835	957
832	832	1023	841	836	1018
832	896	0	820	885	165
832	896	64	821	885	173
832	896	128	821	885	201
832	896	192	821	886	243
832	896	256	822	886	294
832	896	320	822	886	348
832	896	384	823	886	406
832	896	448	824	887	465
832	896	512	826	888	525
832	896	576	827	888	586
832	896	640	829	889	647
832	896	704	831	890	709
832	896	768	833	891	770
832	896	832	836	892	833
832	896	896	839	893	895
832	896	960	841	894	957
832	896	1023	845	895	1019
832	960	0	825	946	169
832	960	64	825	946	178
832	960	128	825	946	205
832	960	192	825	946	246
832	960	256	826	946	296
832	960	320	827	947	350
832	960	384	828	947	407
832	960	448	829	947	466
832	960	512	830	948	526
832	960	576	832	948	587
832	960	640	833	949	648
832	960	704	835	950	709
832	960	768	838	951	771
832	960	832	840	952	833
832	960	896	843	953	895
832	960	960	846	954	958
832	960	1023	849	955	1019
832	1023	0	829	1006	174
832	1023	64	829	1006	182
832	1023	128	829	1006	209
832	1023	192	830	1006	249
832	1023	256	830	1006	298
832	1023	320	831	1006	352
832	1023	384	832	1007	409
832	1023	448	833	1007	467
832	1023	512	834	1007	527
832	1023	576	836	1008	588
832	1023	640	838	1009	649
832	1023	704	840	1009	710
832	1023	768	842	1010	772
832	1023	832	844	1011	834
832	1023	896	847	1012	896
832	1023	960	850	1013	958
832	1023	1023	853	1014	1020
896	0	0	855	232	144
896	0	64	855	232	154
896	0	128	855	232	186
896	0	192	856	233	231
896	0	256	856	234	284
896	0	320	857	236	340
896	0	384	858	238	399
896	0	448	859	240	459
896	0	512	860	243	520
896	0	576	862	246	581
896	0	640	863	249	643
896	0	704	865	253	705
896	0	768	867	257	767
896	0	832	870	262	830
896	0	896	872	267	892
896	0	960	875	272	955
896	0	1023	878	277	1017
896	64	0	855	238	144
896	64	64	855	238	154
896	64	128	855	238	186
896	64	192	856	239	231
896	64	256	856	240	284
896	64	320	857	241	340
896	64	384	858	243	399
896	64	448	859	246	459
896	64	512	860	248	520
896	64	576	862	251	581
896	64	640	863	255	643
896	64	704	865	258	705
896	64	768	867	262	767
896	64	832	870	267	830
896	64	896	872	272	892
896	64	960	875	277	955
896	64	1023	878	282	1017
896	128	0	855	257	144
896	128	64	855	257	155
896	128	128	856	257	186
896	128	192	856	258	231
896	128	256	857	259	284
896	128	320	857	260	341
896	128	384	858	262	399
896	128	448	859	264	459
896	128	512	860	266	520
896	128	576	862	269	581
896	128	640	864	272	643
896	128	704	866	276	705
896	128	768	868	280	767
896	128	832	870	284	830
896	128	896	873	288	892
896	128	960	875	293	955
896	128	1023	878	298	1017
896	192	0	856	288	145
896	192	64	856	288	155
896	192	128	856	289	186
896	192	192	856	289	232
896	192	256	857	290	284
896	192	320	858	291	341
896	192	384	859	293	399
896	192	448	860	295	459
896	192	512	861	297	520
896	192	576	862	299	582
896	192	640	864	302	643
896	192	704	866	305	705
896	192	768	868	308	768
896	192	832	871	312	830
896	192	896	873	316	893
896	192	960	876	320	955
896	192	1023	879	325	1017
896	256	0	857	329	146
896	256	64	857	329	156
896	256	128	857	329	187
896	256	192	857	330	232
896	256	256	858	330	285
896	256	320	858	331	341
896	256	384	859	333	400
896	256	448	860	334	460
896	256	512	862	336	520
896	256	576	863	338	582
896	256	640	865	341	643
896	256	704	867	343	705
896	256	768	869	346	768
896	256	832	871	349	830
896	256	896	874	353	893
896	256	960	877	357	955
896	256	1023	880	360	1017
896	320	0	858	376	147
896	320	64	858	376	157
896	320	128	858	376	188
896	320	192	858	376	233
896	320	256	859	377	285
896	320	320	859	378	342
896	320	384	860	379	400
896	320	448	861	380	460
896	320	512	863	382	521
896	320	576	864	384	582
896	320	640	866	386	644
896	320	704	868	388	706
896	320	768	870	390	768
896	320	832	872	393	830
896	320	896	875	396	893
896	320	960	878	400	955
896	320	1023	881	403	1017
896	384	0	859	427	149
896	384	64	859	427	159
896	384	128	859	427	189
896	384	192	859	427	234
896	384	256	860	428	286
896	384	320	861	428	342
896	384	384	862	429	401
896	384	448	863	431	460
896	384	512	864	432	521
896	384	576	865	433	582
896	384	640	867	435	644
896	384	704	869	437	706
896	384	768	871	439	768
896	384	832	873	442	830
896	384	896	876	444	893
896	384	960	879	447	956
896	384	1023	882	450	1017
896	448	0	860	480	151
896	448	64	860	480	160
896	448	128	861	481	191
896	448	192	861	481	235
896	448	256	862	481	287
896	448	320	862	482	343
896	448	384	863	483	401
896	448	448	864	484	461
896	448	512	865	485	521
896	448	576	867	486	583
896	448	640	869	488	644
896	448	704	871	490	706
896	448	768	873	491	768
896	448	832	875	494	831
896	448	896	878	496	893
896	448	960	880	498	956
896	448	1023	883	501	1017
896	512	0	862	536	153
896	512	64	862	536	163
896	512	128	862	536	192
896	512	192	863	536	236
896	512	256	863	537	288
896	512	320	864	537	344
896	512	384	865	538	402
896	512	448	866	539	461
896	512	512	867	540	522
896	512	576	869	541	583
896	512	640	870	542	645
896	512	704	872	544	707
896	512	768	874	546	769
896	512	832	877	548	831
896	512	896	879	550	893
896	512	960	882	552	956
896	512	1023	885	554	1018
896	576	0	864	593	156
896	576	64	864	593	165
896	576	128	865	593	194
896	576	192	865	593	238
896	576	256	865	594	289
896	576	320	866	594	345
896	576	384	867	595	403
896	576	448	868	596	462
896	576	512	869	596	523
896	576	576	871	598	584
896	576	640	873	599	645
896	576	704	874	600	707
896	576	768	877	602	769
896	576	832	879	603	831
896	576	896	881	605	894
896	576	960	884	607	956
896	576	1023	887	609	1018
896	640	0	867	651	158
896	640	64	867	651	168
896	640	128	867	651	197
896	640	192	867	651	240
896	640	256	868	652	291
896	640	320	869	652	346
896	640	384	869	653	404
896	640	448	870	653	463
896	640	512	872	654	523
896	640	576	873	655	584
896	640	640	875	656	646
896	640	704	877	657	707
896	640	768	879	659	769
896	640	832	881	660	832
896	640	896	884	662	894
896	640	960	886	664	957
896	640	1023	889	665	1018
896	704	0	869	710	162
896	704	64	870	710	171
896	704	128	870	710	199
896	704	192	870	710	242
896	704	256	871	710	292
896	704	320	871	711	347
896	704	384	872	711	405
896	704	448	873	712	464
896	704	512	874	712	524
896	704	576	876	713	585
896	704	640	878	714	646
896	704	704	879	715	708
896	704	768	882	717	770
896	704	832	884	718	832
896	704	896	886	719	895
896	704	960	889	721	957
896	704	1023	892	723	1019
896	768	0	872	769	165
896	768	64	872	769	174
896	768	128	873	769	202
896	768	192	873	769	244
896	768	256	874	769	294
896	768	320	874	770	348
896	768	384	875	770	406
896	768	448	876	771	465
896	768	512	877	771	525
896	768	576	879	772	586
896	768	640	881	773	647
896	768	704	882	774	709
896	768	768	884	775	771
896	768	832	887	776	833
896	768	896	889	778	895
896	768	960	892	779	957
896	768	1023	895	781	1019
896	832	0	876	828	169
896	832	64	876	828	177
896	832	128	876	829	205
896	832	192	876	829	246
896	832	256	877	829	296
896	832	320	878	829	350
896	832	384	878	830	407
896	832	448	879	830	466
896	832	512	881	831	526
896	832	576	882	832	586
896	832	640	884	832	648
896	832	704	886	833	709
896	832	768	888	834	771
896	832	832	890	835	833
896	832	896	892	837	895
896	832	960	895	838	958
896	832	1023	898	839	1019
896	896	0	879	888	173
896	896	64	879	888	181
896	896	128	880	889	208
896	896	192	880	889	249
896	896	256	880	889	298
896	896	320	881	889	352
896	896	384	882	890	408
896	896	448	883	890	467
896	896	512	884	891	527
896	896	576	886	891	587
896	896	640	887	892	648
896	896	704	889	893	710
896	896	768	891	894	772
896	896	832	894	895	834
896	896	896	896	896	896
896	896	960	899	897	958
896	896	1023	902	899	1020
896	960	0	883	949	177
896	960	64	883	949	185
896	960	128	883	949	211
896	960	192	884	949	251
896	960	256	884	949	300
896	960	320	885	949	353
896	960	384	886	950	410
896	960	448	887	950	468
896	960	512	888	951	528
896	960	576	890	951	588
896	960	640	891	952	649
896	960	704	893	953	711
896	960	768	895	954	772
896	960	832	897	955	834
896	960	896	900	956	897
896	960	960	902	957	959
896	960	1023	905	958	1020
896	1023	0	887	1008	181
896	1023	64	887	1008	189
896	1023	128	888	1008	215
896	1023	192	888	1009	254
896	1023	256	888	1009	302
896	1023	320	889	1009	355
896	1023	384	890	1009	412
896	1023	448	891	1010	470
896	1023	512	892	1010	529
896	1023	576	894	1011	589
896	1023	640	895	1011	650
896	1023	704	897	1012	712
896	1023	768	899	1013	773
896	1023	832	901	1014	835
896	1023	896	904	1015	897
896	1023	960	907	1016	959
896	1023	1023	909	1017	1021
960	0	0	916	249	154
960	0	64	916	249	164
960	0	128	916	249	193
960	0	192	917	250	237
960	0	256	917	251	288
960	0	320	918	252	344
960	0	384	919	254	402
960	0	448	920	256	462
960	0	512	921	258	522
960	0	576	922	261	583
960	0	640	924	265	645
960	0	704	926	268	707
960	0	768	927	272	769
960	0	832	930	276	831
960	0	896	932	281	894
960	0	960	935	286	956
960	0	1023	937	291	1018
960	64	0	916	254	154
960	64	64	916	254	164
960	64	128	916	254	193
960	64	192	917	255	237
960	64	256	917	256	289
960	64	320	918	257	344
960	64	384	919	259	402
960	64	448	920	261	462
960	64	512	921	263	522
960	64	576	922	266	583
960	64	640	924	269	645
960	64	704	926	273	707
960	64	768	928	277	769
960	64	832	930	281	831
960	64	896	932	285	894
960	64	960	935	290	956
960	64	1023	937	295	1018
960	128	0	916	272	155
960	128	64	917	272	164
960	128	128	917	272	194
960	128	192	917	273	237
960	128	256	917	274	289
960	128	320	918	275	344
960	128	384	919	276	402
960	128	448	920	278	462
960	128	512	921	281	522
960	128	576	923	283	583
960	128	640	924	286	645
960	128	704	926	289	707
960	128	768	928	293	769
960	128	832	930	297	831
960	128	896	932	301	894
960	128	960	935	306	956
960	128	1023	938	310	1018
960	192	0	917	301	155
960	192	64	917	301	165
960	192	128	917	302	194
960	192	192	917	302	238
960	192	256	918	303	289
960	192	320	919	304	345
960	192	384	919	306	403
960	192	448	920	307	462
960	192	512	922	309	522
960	192	576	923	312	584
960	192	640	925	314	645
960	192	704	926	317	707
960	192	768	928	320	769
960	192	832	930	324	831
960	192	896	933	328	894
960	192	960	935	332	956
960	192	1023	938	336	1018
960	256	0	918	340	156
960	256	64	918	340	165
960	256	128	918	340	195
960	256	192	918	341	238
960	256	256	919	342	289
960	256	320	919	343	345
960	256	384	920	344	403
960	256	448	921	345	462
960	256	512	922	347	523
960	256	576	924	349	584
960	256	640	925	351	645
960	256	704	927	354	707
960	256	768	929	357	769
960	256	832	931	360	831
960	256	896	933	363	894
960	256	960	936	367	956
960	256	1023	939	370	1018
960	320	0	919	385	157
960	320	64	919	385	166
960	320	128	919	385	196
960	320	192	919	386	239
960	320	256	920	387	290
960	320	320	920	387	345
960	320	384	921	388	403
960	320	448	922	390	463
960	320	512	923	391	523
960	320	576	925	393	584
960	320	640	926	395	645
960	320	704	928	397	707
960	320	768	930	400	769
960	320	832	932	402	832
960	320	896	934	405	894
960	320	960	937	408	956
960	320	1023	940	412	1018
960	384	0	920	435	159
960	384	64	920	435	168
960	384	128	920	435	197
960	384	192	920	435	240
960	384	256	921	436	291
960	384	320	921	437	346
960	384	384	922	438	404
960	384	448	923	439	463
960	384	512	924	440	523
960	384	576	926	442	584
960	384	640	927	443	646
960	384	704	929	445	707
960	384	768	931	447	770
960	384	832	933	450	832
960	384	896	935	452	894
960	384	960	938	455	957
960	384	1023	941	458	1018
960	448	0	921	487	160
960	448	64	921	487	170
960	448	128	921	488	198
960	448	192	922	488	241
960	448	256	922	488	292
960	448	320	923	489	347
960	448	384	924	490	404
960	448	448	925	491	464
960	448	512	926	492	524
960	448	576	927	493	585
960	448	640	929	495	646
960	448	704	930	496	708
960	448	768	932	498	770
960	448	832	935	500	832
960	448	896	937	503	894
960	448	960	939	505	957
960	448	1023	942	508	1018
960	512	0	923	542	163
960	512	64	923	542	172
960	512	128	923	542	200
960	512	192	923	543	242
960	512	256	924	543	293
960	512	320	924	544	347
960	512	384	925	544	405
960	512	448	926	545	464
960	512	512	927	546	524
960	512	576	929	547	585
960	512	640	930	549	646
960	512	704	932	550	708
960	512	768	934	552	770
960	512	832	936	554	832
960	512	896	938	556	895
960	512	960	941	558	957
960	512	1023	944	560	1019
960	576	0	925	598	165
960	576	64	925	598	174
960	576	128	925	599	202
960	576	192	925	599	244
960	576	256	926	599	294
960	576	320	926	600	348
960	576	384	927	600	406
960	576	448	928	601	465
960	576	512	929	602	525
960	576	576	931	603	586
960	576	640	932	604	647
960	576	704	934	606	709
960	576	768	936	607	771
960	576	832	938	609	833
960	576	896	940	610	895
960	576	960	943	612	957
960	576	1023	946	614	1019
960	640	0	927	656	168
960	640	64	927	656	176
960	640	128	927	656	204
960	640	192	927	656	245
960	640	256	928	657	295
960	640	320	929	657	350
960	640	384	929	658	407
960	640	448	930	658	466
960	640	512	932	659	526
960	640	576	933	660	586
960	640	640	934	661	647
960	640	704	936	662	709
960	640	768	938	664	771
960	640	832	940	665	833
960	640	896	943	667	895
960	640	960	945	668	958
960	640	1023	948	670	1019
960	704	0	929	714	171
960	704	64	929	714	179
960	704	128	930	714	206
960	704	192	930	714	247
960	704	256	930	715	297
960	704	320	931	715	351
960	704	384	932	716	408
960	704	448	933	716	466
960	704	512	934	717	526
960	704	576	935	718	587
960	704	640	937	719	648
960	704	704	939	720	710
960	704	768	941	721	771
960	704	832	943	722	833
960	704	896	945	724	896
960	704	960	948	725	958
960	704	1023	950	727	1020
960	768	0	932	773	174
960	768	64	932	773	182
960	768	128	932	773	209
960	768	192	933	773	249
960	768	256	933	773	298
960	768	320	934	774	352
960	768	384	935	774	409
960	768	448	936	775	467
960	768	512	937	775	527
960	768	576	938	776	588
960	768	640	940	777	649
960	768	704	941	778	710
960	768	768	943	779	772
960	768	832	945	780	834
960	768	896	948	782	896
960	768	960	950	783	958
960	768	1023	953	785	1020
960	832	0	935	832	177
960	832	64	935	832	185
960	832	128	935	832	212
960	832	192	936	832	252
960	832	256	936	833	300
960	832	320	937	833	354
960	832	384	938	833	410
960	832	448	939	834	469
960	832	512	940	835	528
960	832	576	941	835	588
960	832	640	943	836	649
960	832	704	944	837	711
960	832	768	946	838	773
960	832	832	948	839	834
960	832	896	951	840	897
960	832	960	953	842	959
960	832	1023	956	843	1020
960	896	0	939	892	181
960	896	64	939	892	189
960	896	128	939	892	215
960	896	192	939	892	254
960	896	256	940	892	302
960	896	320	940	893	355
960	896	384	941	893	412
960	896	448	942	894	470
960	896	512	943	894	529
960	896	576	944	895	589
960	896	640	946	895	650
960	896	704	948	896	712
960	896	768	950	897	773
960	896	832	952	898	835
960	896	896	954	899	897
960	896	960	956	901	959
960	896	1023	959	902	1021
960	960	0	942	952	185
960	960	64	942	952	193
960	960	128	942	952	218
960	960	192	943	952	257
960	960	256	943	952	304
960	960	320	944	953	357
960	960	384	945	953	413
960	960	448	946	953	471
960	960	512	947	954	530
960	960	576	948	955	590
960	960	640	950	955	651
960	960	704	951	956	712
960	960	768	953	957	774
960	960	832	955	958	836
960	960	896	958	959	898
960	960	960	960	960	960
960	960	1023	963	961	1021
960	1023	0	946	1011	189
960	1023	64	946	1011	197
960	1023	128	946	1011	221
960	1023	192	947	1011	260
960	1023	256	947	1012	307
960	1023	320	948	1012	359
960	1023	384	948	1012	415
960	1023	448	949	1013	472
960	1023	512	950	1013	531
960	1023	576	952	1014	591
960	1023	640	953	1014	652
960	1023	704	955	1015	713
960	1023	768	957	1016	775
960	1023	832	959	1017	836
960	1023	896	961	1018	898
960	1023	960	964	1019	961
960	1023	1023	966	1020	1022
1023	0	0	976	265	164
1023	0	64	976	265	173
1023	0	128	976	265	201
1023	0	192	977	266	243
1023	0	256	977	267	293
1023	0	320	978	268	348
1023	0	384	979	270	406
1023	0	448	980	272	465
1023	0	512	981	274	525
1023	0	576	982	277	585
1023	0	640	983	280	647
1023	0	704	985	283	708
1023	0	768	987	287	770
1023	0	832	989	291	833
1023	0	896	991	295	895
1023	0	960	993	300	957
1023	0	1023	996	305	1019
1023	64	0	976	270	164
1023	64	64	976	270	173
1023	64	128	977	270	201
1023	64	192	977	271	243
1023	64	256	977	272	293
1023	64	320	978	273	348
1023	64	384	979	275	406
1023	64	448	980	276	465
1023	64	512	981	279	525
1023	64	576	982	281	585
1023	64	640	983	284	647
1023	64	704	985	288	708
1023	64	768	987	291	770
1023	64	832	989	295	833
1023	64	896	991	299	895
1023	64	960	993	304	957
1023	64	1023	996	309	1019
1023	128	0	977	286	165
1023	128	64	977	286	173
1023	128	128	977	287	201
1023	128	192	977	287	243
1023	128	256	978	288	294
1023	128	320	978	289	348
1023	128	384	979	291	406
1023	128	448	980	293	465
1023	128	512	981	295	525
1023	128	576	982	297	586
1023	128	640	984	300	647
1023	128	704	985	303	709
1023	128	768	987	307	770
1023	128	832	989	310	833
1023	128	896	991	314	895
1023	128	960	994	319	957
1023	128	1023	996	323	1019
1023	192	0	977	314	165
1023	192	64	977	314	174
1023	192	128	977	315	202
1023	192	192	977	315	244
1023	192	256	978	316	294
1023	192	320	979	317	349
1023	192	384	979	318	406
1023	192	448	980	320	465
1023	192	512	981	322	525
1023	192	576	983	324	586
1023	192	640	984	327	647
1023	192	704	986	329	709
1023	192	768	987	333	771
1023	192	832	990	336	833
1023	192	896	992	340	895
1023	192	960	994	343	957
1023	192	1023	997	348	1019
1023	256	0	978	351	166
1023	256	64	978	352	175
1023	256	128	978	352	203
1023	256	192	978	352	244
1023	256	256	979	353	294
1023	256	320	979	354	349
1023	256	384	980	355	406
1023	256	448	981	356	465
1023	256	512	982	358	525
1023	256	576	983	360	586
1023	256	640	985	362	647
1023	256	704	986	365	709
1023	256	768	988	367	771
1023	256	832	990	370	833
1023	256	896	992	374	895
1023	256	960	995	377	958
1023	256	1023	997	381	1019
1023	320	0	978	395	167
1023	320	64	979	395	176
1023	320	128	979	395	203
1023	320	192	979	396	245
1023	320	256	979	396	295
1023	320	320	980	397	349
1023	320	384	981	398	407
1023	320	448	982	399	465
1023	320	512	983	401	525
1023	320	576	984	403	586
1023	320	640	985	405	647
1023	320	704	987	407	709
1023	320	768	989	409	771
1023	320	832	991	412	833
1023	320	896	993	415	895
1023	320	960	996	418	958
1023	320	1023	998	421	1019
1023	384	0	980	443	168
1023	384	64	980	443	177
1023	384	128	980	444	204
1023	384	192	980	444	246
1023	384	256	980	444	296
1023	384	320	981	445	350
1023	384	384	982	446	407
1023	384	448	983	447	466
1023	384	512	984	448	526
1023	384	576	985	450	586
1023	384	640	987	452	648
1023	384	704	988	453	709
1023	384	768	990	456	771
1023	384	832	992	458	833
1023	384	896	994	460	895
1023	384	960	997	463	958
1023	384	1023	999	466	1019
1023	448	0	981	495	170
1023	448	64	981	495	179
1023	448	128	981	495	206
1023	448	192	981	495	247
1023	448	256	982	496	296
1023	448	320	982	497	351
1023	448	384	983	497	408
1023	448	448	984	498	466
1023	448	512	985	499	526
1023	448	576	986	501	587
1023	448	640	988	502	648
1023	448	704	989	504	709
1023	448	768	991	506	771
1023	448	832	993	508	833
1023	448	896	995	510	896
1023	448	960	998	512	958
1023	448	1023	1000	515	1020
1023	512	0	982	549	172
1023	512	64	982	549	180
1023	512	128	983	549	207
1023	512	192	983	549	248
1023	512	256	983	550	297
1023	512	320	984	550	351
1023	512	384	985	551	408
1023	512	448	986	552	467
1023	512	512	987	553	527
1023	512	576	988	554	587
1023	512	640	989	555	648
1023	512	704	991	557	710
1023	512	768	993	558	772
1023	512	832	995	560	834
1023	512	896	997	562	896
1023	512	960	999	564	958
1023	512	1023	1002	567	1020
1023	576	0	984	604	174
1023	576	64	984	604	183
1023	576	128	984	604	209
1023	576	192	985	605	250
1023	576	256	985	605	299
1023	576	320	986	606	352
1023	576	384	986	606	409
1023	576	448	987	607	468
1023	576	512	988	608	527
1023	576	576	990	609	588
1023	576	640	991	610	649
1023	576	704	993	611	710
1023	576	768	995	613	772
1023	576	832	997	614	834
1023	576	896	999	616	896
1023	576	960	1001	618	959
1023	576	1023	1004	620	1020
1023	640	0	986	661	177
1023	640	64	986	661	185
1023	640	128	986	661	211
1023	640	192	987	661	251
1023	640	256	987	662	300
1023	640	320	988	662	353
1023	640	384	989	663	410
1023	640	448	989	663	468
1023	640	512	991	664	528
1023	640	576	992	665	588
1023	640	640	993	666	649
1023	640	704	995	667	711
1023	640	768	997	669	772
1023	640	832	999	670	834
1023	640	896	1001	672	897
1023	640	960	1003	674	959
1023	640	1023	1006	675	1020
1023	704	0	989	719	180
1023	704	64	989	719	188
1023	704	128	989	719	213
1023	704	192	989	719	253
1023	704	256	989	719	301
1023	704	320	990	720	355
1023	704	384	991	720	411
1023	704	448	992	721	469
1023	704	512	993	722	529
1023	704	576	994	722	589
1023	704	640	996	723	650
1023	704	704	997	725	711
1023	704	768	999	726	773
1023	704	832	1001	727	835
1023	704	896	1003	728	897
1023	704	960	1005	730	959
1023	704	1023	1008	732	1021
1023	768	0	991	777	183
1023	768	64	991	777	191
1023	768	128	991	777	216
1023	768	192	992	777	255
1023	768	256	992	778	303
1023	768	320	993	778	356
1023	768	384	993	779	412
1023	768	448	994	779	470
1023	768	512	995	780	530
1023	768	576	997	781	590
1023	768	640	998	781	651
1023	768	704	1000	782	712
1023	768	768	1001	784	773
1023	768	832	1003	785	835
1023	768	896	1006	786	897
1023	768	960	1008	787	960
1023	768	1023	1010	789	1021
1023	832	0	994	836	186
1023	832	64	994	836	194
1023	832	128	994	836	219
1023	832	192	994	836	257
1023	832	256	995	837	305
1023	832	320	995	837	358
1023	832	384	996	837	413
1023	832	448	997	838	471
1023	832	512	998	839	530
1023	832	576	999	839	591
1023	832	640	1001	840	651
1023	832	704	1002	841	712
1023	832	768	1004	842	774
1023	832	832	1006	843	836
1023	832	896	1008	844	898
1023	832	960	1011	846	960
1023	832	1023	1013	847	1021
1023	896	0	997	896	190
1023	896	64	997	896	197
1023	896	128	997	896	222
1023	896	192	998	896	260
1023	896	256	998	896	307
1023	896	320	999	896	359
1023	896	384	999	897	415
1023	896	448	1000	897	472
1023	896	512	1001	898	531
1023	896	576	1003	898	591
1023	896	640	1004	899	652
1023	896	704	1006	900	713
1023	896	768	1007	901	775
1023	896	832	1009	902	836
1023	896	896	1011	903	898
1023	896	960	1014	904	961
1023	896	1023	1016	906	1022
1023	960	0	1000	955	193
1023	960	64	1000	955	201
1023	960	128	1001	955	225
1023	960	192	1001	956	262
1023	960	256	1001	956	309
1023	960	320	1002	956	361
1023	960	384	1003	956	416
1023	960	448	1004	957	474
1023	960	512	1005	957	533
1023	960	576	1006	958	592
1023	960	640	1007	959	653
1023	960	704	1009	959	714
1023	960	768	1011	960	775
1023	960	832	1013	961	837
1023	960	896	1015	962	899
1023	960	960	1017	963	961
1023	960	1023	1020	965	1022
1023	1023	0	1004	1014	197
1023	1023	64	1004	1014	204
1023	1023	128	1004	1014	228
1023	1023	192	1004	1015	265
1023	1023	256	1005	1015	311
1023	1023	320	1005	1015	363
1023	1023	384	1006	1015	418
1023	1023	448	1007	1016	475
1023	1023	512	1008	1016	534
1023	1023	576	1009	1017	593
1023	1023	640	1011	1017	654
1023	1023	704	1012	1018	715
1023	1023	768	1014	1019	776
1023	1023	832	1016	1020	838
1023	1023	896	1018	1021	900
1023	1023	960	1021	1022	962
1023	1023	1023	1023	1023	1023
