0	0	0	0	0	0
0	0	64	15	10	64
0	0	128	30	21	127
0	0	192	45	31	191
0	0	256	60	42	255
0	0	320	75	52	319
0	0	384	90	63	382
0	0	448	105	73	446
0	0	512	120	84	510
0	0	576	135	94	574
0	0	640	150	105	637
0	0	704	165	115	701
0	0	768	180	126	765
0	0	832	195	136	829
0	0	896	210	147	892
0	0	960	225	157	956
0	0	1023	240	168	1019
0	64	0	18	63	8
0	64	64	23	64	64
0	64	128	34	66	128
0	64	192	48	69	191
0	64	256	62	74	255
0	64	320	76	80	319
0	64	384	91	86	382
0	64	448	106	94	446
0	64	512	121	102	510
0	64	576	136	110	574
0	64	640	151	119	637
0	64	704	166	128	701
0	64	768	181	138	765
0	64	832	196	147	829
0	64	896	211	157	892
0	64	960	226	167	956
0	64	1023	240	176	1019
0	128	0	36	126	15
0	128	64	38	126	65
0	128	128	45	127	128
0	128	192	56	129	192
0	128	256	68	131	255
0	128	320	81	134	319
0	128	384	95	138	383
0	128	448	109	142	446
0	128	512	124	147	510
0	128	576	138	153	574
0	128	640	153	159	637
0	128	704	168	166	701
0	128	768	182	173	765
0	128	832	197	180	829
0	128	896	212	188	892
0	128	960	227	196	956
0	128	1023	242	204	1019
0	192	0	53	189	23
0	192	64	55	189	67
0	192	128	60	190	129
0	192	192	68	191	192
0	192	256	78	192	255
0	192	320	89	194	319
0	192	384	102	197	383
0	192	448	115	200	446
0	192	512	129	203	510
0	192	576	143	207	574
0	192	640	157	211	638
0	192	704	171	216	701
0	192	768	186	221	765
0	192	832	200	227	829
0	192	896	215	232	892
0	192	960	229	239	956
0	192	1023	244	245	1019
0	256	0	71	252	30
0	256	64	72	252	69
0	256	128	76	253	130
0	256	192	82	253	193
0	256	256	90	254	256
0	256	320	100	256	319
0	256	384	111	258	383
0	256	448	123	260	447
0	256	512	136	262	510
0	256	576	149	265	574
0	256	640	163	268	638
0	256	704	176	272	701
0	256	768	190	276	765
0	256	832	204	280	829
0	256	896	219	285	892
0	256	960	233	290	956
0	256	1023	247	295	1019
0	320	0	89	315	38
0	320	64	90	315	72
0	320	128	92	316	131
0	320	192	97	316	194
0	320	256	104	317	257
0	320	320	113	318	320
0	320	384	123	319	383
0	320	448	133	321	447
0	320	512	145	323	511
0	320	576	157	325	574
0	320	640	170	328	638
0	320	704	183	331	702
0	320	768	197	334	765
0	320	832	210	337	829
0	320	896	224	341	893
0	320	960	238	345	956
0	320	1023	252	349	1019
0	384	0	107	378	46
0	384	64	107	378	76
0	384	128	110	379	133
0	384	192	114	379	195
0	384	256	119	380	258
0	384	320	127	381	321
0	384	384	135	382	384
0	384	448	145	383	447
0	384	512	156	385	511
0	384	576	167	386	575
0	384	640	179	388	638
0	384	704	191	391	702
0	384	768	204	393	765
0	384	832	217	396	829
0	384	896	230	399	893
0	384	960	244	402	957
0	384	1023	257	406	1019
0	448	0	124	441	53
0	448	64	125	441	81
0	448	128	127	442	136
0	448	192	130	442	196
0	448	256	135	443	259
0	448	320	142	443	321
0	448	384	149	444	385
0	448	448	158	445	448
0	448	512	168	447	511
0	448	576	178	448	575
0	448	640	189	450	639
0	448	704	201	452	702
0	448	768	213	454	766
0	448	832	225	456	829
0	448	896	238	459	893
0	448	960	251	462	957
0	448	1023	264	465	1019
0	512	0	142	504	61
0	512	64	143	505	85
0	512	128	144	505	138
0	512	192	147	505	198
0	512	256	151	505	260
0	512	320	157	506	322
0	512	384	164	507	385
0	512	448	172	508	449
0	512	512	180	509	512
0	512	576	190	510	575
0	512	640	200	512	639
0	512	704	211	513	703
0	512	768	223	515	766
0	512	832	234	517	830
0	512	896	247	519	893
0	512	960	259	522	957
0	512	1023	272	524	1020
0	576	0	160	568	68
0	576	64	160	568	91
0	576	128	162	568	141
0	576	192	164	568	200
0	576	256	168	568	261
0	576	320	173	569	324
0	576	384	179	570	386
0	576	448	186	570	449
0	576	512	194	571	513
0	576	576	203	573	576
0	576	640	213	574	639
0	576	704	223	575	703
0	576	768	233	577	766
0	576	832	245	579	830
0	576	896	256	581	894
0	576	960	268	583	957
0	576	1023	280	585	1020
0	640	0	178	631	76
0	640	64	178	631	96
0	640	128	179	631	145
0	640	192	182	631	202
0	640	256	185	631	263
0	640	320	189	632	325
0	640	384	195	632	387
0	640	448	201	633	450
0	640	512	209	634	513
0	640	576	217	635	577
0	640	640	226	636	640
0	640	704	235	637	703
0	640	768	245	639	767
0	640	832	256	640	830
0	640	896	267	642	894
0	640	960	278	644	958
0	640	1023	290	646	1020
0	704	0	195	694	84
0	704	64	196	694	102
0	704	128	197	694	148
0	704	192	199	694	205
0	704	256	202	694	265
0	704	320	206	695	326
0	704	384	211	695	388
0	704	448	217	696	451
0	704	512	223	697	514
0	704	576	231	698	577
0	704	640	239	699	641
0	704	704	248	700	704
0	704	768	258	701	767
0	704	832	268	702	831
0	704	896	278	704	894
0	704	960	289	706	958
0	704	1023	300	707	1021
0	768	0	213	757	91
0	768	64	213	757	108
0	768	128	214	757	152
0	768	192	216	757	207
0	768	256	219	757	267
0	768	320	223	758	328
0	768	384	227	758	390
0	768	448	233	759	452
0	768	512	239	759	515
0	768	576	246	760	578
0	768	640	253	761	641
0	768	704	262	762	705
0	768	768	271	763	768
0	768	832	280	765	831
0	768	896	290	766	895
0	768	960	300	768	958
0	768	1023	311	769	1021
0	832	0	231	820	99
0	832	64	231	820	114
0	832	128	232	820	157
0	832	192	234	820	210
0	832	256	236	820	269
0	832	320	240	821	329
0	832	384	244	821	391
0	832	448	249	822	453
0	832	512	254	822	516
0	832	576	261	823	579
0	832	640	268	824	642
0	832	704	276	825	705
0	832	768	284	826	769
0	832	832	293	827	832
0	832	896	303	828	895
0	832	960	313	830	959
0	832	1023	323	831	1021
0	896	0	249	883	106
0	896	64	249	883	121
0	896	128	250	883	161
0	896	192	251	883	214
0	896	256	254	883	271
0	896	320	257	884	331
0	896	384	260	884	393
0	896	448	265	885	455
0	896	512	270	885	517
0	896	576	276	886	580
0	896	640	283	887	643
0	896	704	290	887	706
0	896	768	298	888	769
0	896	832	307	889	833
0	896	896	316	891	896
0	896	960	325	892	959
0	896	1023	335	893	1022
0	960	0	266	946	114
0	960	64	267	946	127
0	960	128	267	946	166
0	960	192	269	946	217
0	960	256	271	946	274
0	960	320	274	947	333
0	960	384	277	947	394
0	960	448	282	947	456
0	960	512	287	948	518
0	960	576	292	949	581
0	960	640	298	949	644
0	960	704	305	950	707
0	960	768	313	951	770
0	960	832	321	952	833
0	960	896	329	953	897
0	960	960	338	954	960
0	960	1023	348	955	1022
0	1023	0	284	1008	122
0	1023	64	284	1008	134
0	1023	128	285	1008	171
0	1023	192	286	1008	221
0	1023	256	288	1008	277
0	1023	320	291	1009	335
0	1023	384	294	1009	396
0	1023	448	298	1009	458
0	1023	512	303	1010	520
0	1023	576	308	1010	582
0	1023	640	314	1011	645
0	1023	704	320	1012	708
0	1023	768	327	1013	771
0	1023	832	335	1014	834
0	1023	896	343	1015	897
0	1023	960	352	1016	961
0	1023	1023	360	1017	1023
64	0	0	61	9	0
64	0	64	62	13	64
64	0	128	66	22	127
64	0	192	74	32	191
64	0	256	83	43	255
64	0	320	94	53	319
64	0	384	106	63	382
64	0	448	118	74	446
64	0	512	132	84	510
64	0	576	145	95	574
64	0	640	159	105	637
64	0	704	173	116	701
64	0	768	188	126	765
64	0	832	202	137	829
64	0	896	216	147	892
64	0	960	231	158	956
64	0	1023	245	168	1019
64	64	0	63	63	7
64	64	64	64	64	64
64	64	128	68	66	128
64	64	192	75	69	191
64	64	256	84	74	255
64	64	320	95	80	319
64	64	384	107	87	382
64	64	448	119	94	446
64	64	512	132	102	510
64	64	576	146	111	574
64	64	640	160	120	637
64	64	704	174	129	701
64	64	768	188	138	765
64	64	832	202	147	829
64	64	896	217	157	892
64	64	960	231	167	956
64	64	1023	246	177	1019
64	128	0	69	126	15
64	128	64	70	127	65
64	128	128	74	127	128
64	128	192	80	129	192
64	128	256	89	131	255
64	128	320	99	134	319
64	128	384	110	138	383
64	128	448	122	142	446
64	128	512	135	148	510
64	128	576	148	153	574
64	128	640	162	159	637
64	128	704	176	166	701
64	128	768	190	173	765
64	128	832	204	180	829
64	128	896	218	188	892
64	128	960	233	196	956
64	128	1023	247	204	1019
64	192	0	78	189	23
64	192	64	79	189	67
64	192	128	83	190	129
64	192	192	88	191	192
64	192	256	96	192	255
64	192	320	105	194	319
64	192	384	116	197	383
64	192	448	127	200	446
64	192	512	140	203	510
64	192	576	152	207	574
64	192	640	166	211	638
64	192	704	179	216	701
64	192	768	193	221	765
64	192	832	207	227	829
64	192	896	221	233	892
64	192	960	235	239	956
64	192	1023	249	245	1019
64	256	0	91	252	30
64	256	64	92	252	69
64	256	128	94	253	130
64	256	192	99	253	193
64	256	256	106	255	256
64	256	320	114	256	319
64	256	384	124	258	383
64	256	448	135	260	447
64	256	512	146	262	510
64	256	576	158	265	574
64	256	640	171	268	638
64	256	704	184	272	701
64	256	768	197	276	765
64	256	832	211	280	829
64	256	896	225	285	892
64	256	960	239	290	956
64	256	1023	252	295	1019
64	320	0	105	315	38
64	320	64	105	315	72
64	320	128	108	316	131
64	320	192	112	316	194
64	320	256	118	317	257
64	320	320	125	318	320
64	320	384	134	319	383
64	320	448	144	321	447
64	320	512	154	323	511
64	320	576	166	325	574
64	320	640	178	328	638
64	320	704	190	331	702
64	320	768	203	334	765
64	320	832	216	337	829
64	320	896	230	341	893
64	320	960	243	345	956
64	320	1023	257	349	1019
64	384	0	120	378	46
64	384	64	120	378	76
64	384	128	122	379	133
64	384	192	126	379	195
64	384	256	131	380	258
64	384	320	138	381	321
64	384	384	145	382	384
64	384	448	154	383	447
64	384	512	164	385	511
64	384	576	175	386	575
64	384	640	186	388	638
64	384	704	198	391	702
64	384	768	210	393	765
64	384	832	223	396	829
64	384	896	236	399	893
64	384	960	249	402	957
64	384	1023	262	406	1019
64	448	0	136	441	53
64	448	64	136	442	81
64	448	128	138	442	136
64	448	192	141	442	196
64	448	256	145	443	259
64	448	320	151	443	321
64	448	384	158	444	385
64	448	448	166	445	448
64	448	512	176	447	511
64	448	576	185	448	575
64	448	640	196	450	639
64	448	704	207	452	702
64	448	768	219	454	766
64	448	832	231	456	829
64	448	896	243	459	893
64	448	960	256	462	957
64	448	1023	269	465	1019
64	512	0	152	505	61
64	512	64	152	505	85
64	512	128	154	505	138
64	512	192	156	505	198
64	512	256	160	505	260
64	512	320	166	506	322
64	512	384	172	507	385
64	512	448	179	508	449
64	512	512	188	509	512
64	512	576	197	510	575
64	512	640	207	512	639
64	512	704	217	513	703
64	512	768	228	515	766
64	512	832	240	517	830
64	512	896	252	519	893
64	512	960	264	522	957
64	512	1023	276	524	1020
64	576	0	168	568	68
64	576	64	169	568	91
64	576	128	170	568	141
64	576	192	172	568	200
64	576	256	176	568	261
64	576	320	181	569	324
64	576	384	186	570	386
64	576	448	193	570	449
64	576	512	201	571	513
64	576	576	209	573	576
64	576	640	219	574	639
64	576	704	228	575	703
64	576	768	239	577	766
64	576	832	250	579	830
64	576	896	261	581	894
64	576	960	273	583	957
64	576	1023	285	585	1020
64	640	0	185	631	76
64	640	64	185	631	96
64	640	128	187	631	145
64	640	192	189	631	202
64	640	256	192	631	263
64	640	320	196	632	325
64	640	384	201	632	387
64	640	448	208	633	450
64	640	512	215	634	513
64	640	576	223	635	577
64	640	640	231	636	640
64	640	704	240	637	703
64	640	768	250	639	767
64	640	832	261	640	830
64	640	896	271	642	894
64	640	960	283	644	958
64	640	1023	294	646	1020
64	704	0	202	694	84
64	704	64	202	694	102
64	704	128	203	694	148
64	704	192	205	694	205
64	704	256	208	694	265
64	704	320	212	695	326
64	704	384	217	695	388
64	704	448	223	696	451
64	704	512	229	697	514
64	704	576	236	698	577
64	704	640	244	699	641
64	704	704	253	700	704
64	704	768	262	701	767
64	704	832	272	702	831
64	704	896	283	704	894
64	704	960	293	706	958
64	704	1023	304	707	1021
64	768	0	219	757	91
64	768	64	219	757	108
64	768	128	220	757	152
64	768	192	222	757	207
64	768	256	225	757	267
64	768	320	228	758	328
64	768	384	233	758	390
64	768	448	238	759	452
64	768	512	244	759	515
64	768	576	251	760	578
64	768	640	258	761	641
64	768	704	266	762	705
64	768	768	275	763	768
64	768	832	284	765	831
64	768	896	294	766	895
64	768	960	305	768	958
64	768	1023	315	769	1021
64	832	0	236	820	99
64	832	64	237	820	114
64	832	128	238	820	157
64	832	192	239	820	210
64	832	256	242	820	269
64	832	320	245	821	329
64	832	384	249	821	391
64	832	448	254	822	453
64	832	512	259	822	516
64	832	576	266	823	579
64	832	640	273	824	642
64	832	704	280	825	705
64	832	768	289	826	769
64	832	832	297	827	832
64	832	896	307	828	895
64	832	960	316	830	959
64	832	1023	326	831	1021
64	896	0	254	883	106
64	896	64	254	883	121
64	896	128	255	883	161
64	896	192	256	883	214
64	896	256	259	883	271
64	896	320	262	884	331
64	896	384	265	884	393
64	896	448	270	885	455
64	896	512	275	885	517
64	896	576	281	886	580
64	896	640	287	887	643
64	896	704	295	887	706
64	896	768	302	888	769
64	896	832	311	889	833
64	896	896	320	891	896
64	896	960	329	892	959
64	896	1023	338	893	1022
64	960	0	271	946	114
64	960	64	271	946	127
64	960	128	272	946	166
64	960	192	273	946	217
64	960	256	276	946	274
64	960	320	278	947	333
64	960	384	282	947	394
64	960	448	286	947	456
64	960	512	291	948	518
64	960	576	296	949	581
64	960	640	302	949	644
64	960	704	309	950	707
64	960	768	317	951	770
64	960	832	325	952	833
64	960	896	333	953	897
64	960	960	342	954	960
64	960	1023	351	955	1022
64	1023	0	288	1008	122
64	1023	64	288	1008	134
64	1023	128	289	1008	171
64	1023	192	290	1008	221
64	1023	256	292	1008	277
64	1023	320	295	1009	335
64	1023	384	298	1009	396
64	1023	448	302	1009	458
64	1023	512	307	1010	520
64	1023	576	312	1010	582
64	1023	640	318	1011	645
64	1023	704	324	1012	708
64	1023	768	331	1013	771
64	1023	832	338	1014	834
64	1023	896	346	1015	897
64	1023	960	355	1016	961
64	1023	1023	364	1017	1023
128	0	0	122	18	0
128	0	64	122	20	64
128	0	128	124	27	127
128	0	192	128	35	191
128	0	256	133	45	255
128	0	320	139	55	319
128	0	384	147	65	382
128	0	448	156	75	446
128	0	512	166	85	510
128	0	576	176	96	574
128	0	640	188	106	637
128	0	704	199	116	701
128	0	768	212	127	765
128	0	832	224	137	829
128	0	896	237	148	892
128	0	960	250	158	956
128	0	1023	263	168	1019
128	64	0	123	65	6
128	64	64	123	65	64
128	64	128	125	67	128
128	64	192	129	70	191
128	64	256	134	75	255
128	64	320	140	81	319
128	64	384	148	88	382
128	64	448	157	95	446
128	64	512	166	103	510
128	64	576	177	111	574
128	64	640	188	120	637
128	64	704	200	129	701
128	64	768	212	138	765
128	64	832	224	148	829
128	64	896	237	158	892
128	64	960	250	167	956
128	64	1023	264	177	1019
128	128	0	126	127	15
128	128	64	126	127	65
128	128	128	128	128	128
128	128	192	131	130	192
128	128	256	136	132	255
128	128	320	143	135	319
128	128	384	150	139	383
128	128	448	159	143	446
128	128	512	168	148	510
128	128	576	179	154	574
128	128	640	190	160	637
128	128	704	201	166	701
128	128	768	213	173	765
128	128	832	226	181	829
128	128	896	239	188	892
128	128	960	252	196	956
128	128	1023	265	204	1019
128	192	0	131	190	23
128	192	64	131	190	67
128	192	128	133	190	129
128	192	192	136	191	192
128	192	256	141	193	255
128	192	320	147	195	319
128	192	384	154	197	383
128	192	448	163	200	446
128	192	512	172	203	510
128	192	576	182	207	574
128	192	640	193	212	637
128	192	704	204	216	701
128	192	768	216	221	765
128	192	832	228	227	829
128	192	896	241	233	892
128	192	960	254	239	956
128	192	1023	267	245	1019
128	256	0	138	253	30
128	256	64	138	253	69
128	256	128	140	253	130
128	256	192	143	254	193
128	256	256	147	255	256
128	256	320	153	256	319
128	256	384	160	258	383
128	256	448	168	260	447
128	256	512	177	263	510
128	256	576	187	265	574
128	256	640	197	269	638
128	256	704	208	272	701
128	256	768	220	276	765
128	256	832	232	280	829
128	256	896	244	285	892
128	256	960	257	290	956
128	256	1023	270	295	1019
128	320	0	147	316	38
128	320	64	147	316	72
128	320	128	149	316	131
128	320	192	151	316	194
128	320	256	156	317	257
128	320	320	161	318	320
128	320	384	168	320	383
128	320	448	175	321	447
128	320	512	184	323	511
128	320	576	193	325	574
128	320	640	203	328	638
128	320	704	214	331	702
128	320	768	225	334	765
128	320	832	237	337	829
128	320	896	249	341	893
128	320	960	261	345	956
128	320	1023	274	349	1019
128	384	0	157	379	45
128	384	64	157	379	76
128	384	128	159	379	133
128	384	192	161	379	195
128	384	256	165	380	258
128	384	320	170	381	321
128	384	384	177	382	384
128	384	448	184	383	447
128	384	512	192	385	511
128	384	576	201	387	575
128	384	640	210	389	638
128	384	704	221	391	702
128	384	768	232	394	765
128	384	832	243	396	829
128	384	896	255	399	893
128	384	960	267	403	957
128	384	1023	279	406	1019
128	448	0	169	442	53
128	448	64	169	442	80
128	448	128	170	442	136
128	448	192	173	442	196
128	448	256	176	443	259
128	448	320	181	443	321
128	448	384	187	444	385
128	448	448	194	445	448
128	448	512	201	447	511
128	448	576	210	448	575
128	448	640	219	450	639
128	448	704	229	452	702
128	448	768	239	454	766
128	448	832	250	456	829
128	448	896	261	459	893
128	448	960	273	462	957
128	448	1023	285	465	1019
128	512	0	182	505	61
128	512	64	182	505	85
128	512	128	183	505	138
128	512	192	185	505	198
128	512	256	189	506	260
128	512	320	193	506	322
128	512	384	198	507	385
128	512	448	205	508	449
128	512	512	212	509	512
128	512	576	220	510	575
128	512	640	228	512	639
128	512	704	238	513	703
128	512	768	248	515	766
128	512	832	258	517	830
128	512	896	269	520	893
128	512	960	281	522	957
128	512	1023	292	525	1020
128	576	0	195	568	68
128	576	64	195	568	91
128	576	128	197	568	141
128	576	192	199	568	200
128	576	256	202	569	261
128	576	320	206	569	324
128	576	384	211	570	386
128	576	448	216	571	449
128	576	512	223	572	513
128	576	576	231	573	576
128	576	640	239	574	639
128	576	704	248	575	703
128	576	768	257	577	766
128	576	832	267	579	830
128	576	896	278	581	894
128	576	960	289	583	957
128	576	1023	300	585	1020
128	640	0	209	631	76
128	640	64	210	631	96
128	640	128	211	631	145
128	640	192	213	631	202
128	640	256	215	631	263
128	640	320	219	632	325
128	640	384	224	633	387
128	640	448	229	633	450
128	640	512	235	634	513
128	640	576	243	635	577
128	640	640	250	636	640
128	640	704	259	638	703
128	640	768	268	639	767
128	640	832	277	641	830
128	640	896	288	642	894
128	640	960	298	644	958
128	640	1023	309	646	1020
128	704	0	224	694	84
128	704	64	225	694	102
128	704	128	225	694	148
128	704	192	227	694	205
128	704	256	230	694	265
128	704	320	233	695	326
128	704	384	238	695	388
128	704	448	243	696	451
128	704	512	248	697	514
128	704	576	255	698	577
128	704	640	262	699	641
128	704	704	270	700	704
128	704	768	279	701	767
128	704	832	288	703	831
128	704	896	298	704	894
128	704	960	308	706	958
128	704	1023	318	707	1021
128	768	0	240	757	91
128	768	64	240	757	108
128	768	128	241	757	152
128	768	192	242	757	207
128	768	256	245	757	267
128	768	320	248	758	328
128	768	384	252	758	390
128	768	448	257	759	452
128	768	512	262	760	515
128	768	576	268	760	578
128	768	640	275	761	641
128	768	704	283	762	705
128	768	768	291	763	768
128	768	832	300	765	831
128	768	896	309	766	895
128	768	960	319	768	958
128	768	1023	329	769	1021
128	832	0	255	820	99
128	832	64	255	820	114
128	832	128	256	820	157
128	832	192	258	820	210
128	832	256	260	820	269
128	832	320	263	821	329
128	832	384	267	821	391
128	832	448	271	822	453
128	832	512	276	822	516
128	832	576	282	823	579
128	832	640	289	824	642
128	832	704	296	825	705
128	832	768	303	826	769
128	832	832	312	827	832
128	832	896	321	828	895
128	832	960	330	830	959
128	832	1023	339	831	1021
128	896	0	271	883	106
128	896	64	271	883	121
128	896	128	272	883	161
128	896	192	273	883	214
128	896	256	275	883	271
128	896	320	278	884	331
128	896	384	282	884	393
128	896	448	286	885	455
128	896	512	291	885	517
128	896	576	296	886	580
128	896	640	302	887	643
128	896	704	309	887	706
128	896	768	317	888	769
128	896	832	324	889	833
128	896	896	333	891	896
128	896	960	342	892	959
128	896	1023	351	893	1022
128	960	0	287	946	114
128	960	64	287	946	127
128	960	128	288	946	166
128	960	192	289	946	217
128	960	256	291	946	274
128	960	320	294	947	333
128	960	384	297	947	394
128	960	448	301	948	456
128	960	512	306	948	518
128	960	576	311	949	581
128	960	640	317	949	644
128	960	704	323	950	707
128	960	768	330	951	770
128	960	832	338	952	833
128	960	896	346	953	897
128	960	960	354	954	960
128	960	1023	363	955	1022
128	1023	0	303	1008	121
128	1023	64	303	1008	134
128	1023	128	304	1008	171
128	1023	192	305	1008	221
128	1023	256	307	1008	277
128	1023	320	310	1009	335
128	1023	384	313	1009	396
128	1023	448	316	1009	458
128	1023	512	321	1010	520
128	1023	576	326	1011	582
128	1023	640	331	1011	645
128	1023	704	337	1012	708
128	1023	768	344	1013	771
128	1023	832	351	1014	834
128	1023	896	359	1015	897
128	1023	960	367	1016	961
128	1023	1023	375	1017	1023
192	0	0	183	26	0
192	0	64	183	28	64
192	0	128	184	33	127
192	0	192	187	40	191
192	0	256	190	48	255
192	0	320	194	57	319
192	0	384	199	67	382
192	0	448	206	77	446
192	0	512	213	87	510
192	0	576	221	97	574
192	0	640	229	107	637
192	0	704	239	117	701
192	0	768	249	128	765
192	0	832	259	138	828
192	0	896	270	148	892
192	0	960	281	159	956
192	0	1023	293	169	1019
192	64	0	183	67	4
192	64	64	184	68	64
192	64	128	185	69	127
192	64	192	187	73	191
192	64	256	190	77	255
192	64	320	195	83	319
192	64	384	200	89	382
192	64	448	206	96	446
192	64	512	213	104	510
192	64	576	221	113	574
192	64	640	230	121	637
192	64	704	239	130	701
192	64	768	249	139	765
192	64	832	260	149	829
192	64	896	270	158	892
192	64	960	282	168	956
192	64	1023	293	178	1019
192	128	0	185	128	14
192	128	64	185	128	65
192	128	128	187	129	128
192	128	192	189	131	191
192	128	256	192	133	255
192	128	320	196	136	319
192	128	384	202	140	383
192	128	448	208	144	446
192	128	512	215	149	510
192	128	576	223	154	574
192	128	640	231	161	637
192	128	704	240	167	701
192	128	768	250	174	765
192	128	832	261	181	829
192	128	896	271	189	892
192	128	960	283	197	956
192	128	1023	294	205	1019
192	192	0	188	190	22
192	192	64	189	190	66
192	192	128	190	191	129
192	192	192	192	192	192
192	192	256	195	193	255
192	192	320	199	195	319
192	192	384	204	198	383
192	192	448	210	201	446
192	192	512	217	204	510
192	192	576	225	208	574
192	192	640	234	212	637
192	192	704	243	217	701
192	192	768	253	222	765
192	192	832	263	228	829
192	192	896	274	233	892
192	192	960	285	240	956
192	192	1023	296	246	1019
192	256	0	193	253	30
192	256	64	193	253	69
192	256	128	194	254	130
192	256	192	196	254	193
192	256	256	200	255	256
192	256	320	204	257	319
192	256	384	209	258	383
192	256	448	215	260	447
192	256	512	221	263	510
192	256	576	229	266	574
192	256	640	237	269	638
192	256	704	246	273	701
192	256	768	256	277	765
192	256	832	266	281	829
192	256	896	276	285	892
192	256	960	288	290	956
192	256	1023	299	295	1019
192	320	0	199	316	38
192	320	64	199	316	72
192	320	128	200	316	131
192	320	192	202	317	194
192	320	256	205	318	257
192	320	320	209	319	320
192	320	384	214	320	383
192	320	448	220	322	447
192	320	512	226	324	511
192	320	576	234	326	574
192	320	640	242	328	638
192	320	704	251	331	702
192	320	768	260	334	765
192	320	832	270	338	829
192	320	896	280	341	893
192	320	960	291	345	956
192	320	1023	302	349	1019
192	384	0	206	379	45
192	384	64	207	379	76
192	384	128	208	379	133
192	384	192	210	380	195
192	384	256	212	380	258
192	384	320	216	381	321
192	384	384	221	382	384
192	384	448	226	383	447
192	384	512	233	385	511
192	384	576	240	387	575
192	384	640	248	389	638
192	384	704	256	391	702
192	384	768	266	394	765
192	384	832	275	397	829
192	384	896	285	400	893
192	384	960	296	403	956
192	384	1023	307	406	1019
192	448	0	215	442	53
192	448	64	215	442	80
192	448	128	216	442	136
192	448	192	218	442	196
192	448	256	221	443	259
192	448	320	224	444	321
192	448	384	229	445	385
192	448	448	234	446	448
192	448	512	240	447	511
192	448	576	247	449	575
192	448	640	255	450	639
192	448	704	263	452	702
192	448	768	272	454	766
192	448	832	281	457	829
192	448	896	291	459	893
192	448	960	302	462	957
192	448	1023	312	465	1019
192	512	0	225	505	61
192	512	64	225	505	85
192	512	128	226	505	138
192	512	192	228	505	198
192	512	256	230	506	260
192	512	320	234	506	322
192	512	384	238	507	385
192	512	448	243	508	449
192	512	512	249	509	512
192	512	576	256	511	575
192	512	640	263	512	639
192	512	704	271	514	703
192	512	768	279	516	766
192	512	832	289	518	830
192	512	896	298	520	893
192	512	960	308	522	957
192	512	1023	319	525	1020
192	576	0	235	568	68
192	576	64	236	568	90
192	576	128	237	568	141
192	576	192	238	568	200
192	576	256	241	569	261
192	576	320	244	569	323
192	576	384	248	570	386
192	576	448	253	571	449
192	576	512	258	572	513
192	576	576	265	573	576
192	576	640	272	574	639
192	576	704	280	576	703
192	576	768	288	577	766
192	576	832	297	579	830
192	576	896	306	581	894
192	576	960	316	583	957
192	576	1023	326	585	1020
192	640	0	247	631	76
192	640	64	247	631	96
192	640	128	248	631	145
192	640	192	250	631	202
192	640	256	252	632	263
192	640	320	255	632	325
192	640	384	259	633	387
192	640	448	264	633	450
192	640	512	269	634	513
192	640	576	275	635	577
192	640	640	282	636	640
192	640	704	289	638	703
192	640	768	297	639	767
192	640	832	305	641	830
192	640	896	314	642	894
192	640	960	324	644	958
192	640	1023	334	646	1020
192	704	0	259	694	83
192	704	64	260	694	102
192	704	128	260	694	148
192	704	192	262	694	205
192	704	256	264	695	265
192	704	320	267	695	326
192	704	384	271	696	388
192	704	448	275	696	451
192	704	512	280	697	514
192	704	576	286	698	577
192	704	640	292	699	641
192	704	704	299	700	704
192	704	768	307	701	767
192	704	832	315	703	831
192	704	896	324	704	894
192	704	960	333	706	958
192	704	1023	342	708	1021
192	768	0	272	757	91
192	768	64	273	757	108
192	768	128	273	757	152
192	768	192	275	757	207
192	768	256	277	758	267
192	768	320	279	758	328
192	768	384	283	758	390
192	768	448	287	759	452
192	768	512	292	760	515
192	768	576	297	760	578
192	768	640	304	761	641
192	768	704	310	762	705
192	768	768	318	764	768
192	768	832	325	765	831
192	768	896	334	766	895
192	768	960	343	768	958
192	768	1023	352	769	1021
192	832	0	286	820	99
192	832	64	286	820	114
192	832	128	287	820	156
192	832	192	288	820	210
192	832	256	290	821	269
192	832	320	293	821	329
192	832	384	296	821	391
192	832	448	300	822	453
192	832	512	304	822	516
192	832	576	310	823	579
192	832	640	315	824	642
192	832	704	322	825	705
192	832	768	329	826	769
192	832	832	336	827	832
192	832	896	345	828	895
192	832	960	353	830	959
192	832	1023	362	831	1021
192	896	0	300	883	106
192	896	64	300	883	121
192	896	128	301	883	161
192	896	192	302	883	214
192	896	256	304	884	271
192	896	320	306	884	331
192	896	384	309	884	393
192	896	448	313	885	455
192	896	512	317	885	517
192	896	576	322	886	580
192	896	640	328	887	643
192	896	704	334	888	706
192	896	768	341	889	769
192	896	832	348	890	833
192	896	896	356	891	896
192	896	960	364	892	959
192	896	1023	373	893	1022
192	960	0	314	946	114
192	960	64	314	946	127
192	960	128	315	946	166
192	960	192	316	946	217
192	960	256	318	947	274
192	960	320	320	947	333
192	960	384	323	947	394
192	960	448	327	948	456
192	960	512	331	948	518
192	960	576	336	949	581
192	960	640	341	949	644
192	960	704	347	950	707
192	960	768	353	951	770
192	960	832	360	952	833
192	960	896	368	953	897
192	960	960	376	954	960
192	960	1023	384	956	1022
192	1023	0	329	1008	121
192	1023	64	329	1008	134
192	1023	128	329	1008	171
192	1023	192	331	1008	220
192	1023	256	332	1009	276
192	1023	320	334	1009	335
192	1023	384	337	1009	396
192	1023	448	341	1010	458
192	1023	512	345	1010	520
192	1023	576	349	1011	582
192	1023	640	354	1011	645
192	1023	704	360	1012	708
192	1023	768	366	1013	771
192	1023	832	373	1014	834
192	1023	896	380	1015	897
192	1023	960	387	1016	961
192	1023	1023	395	1017	1023
256	0	0	244	35	0
256	0	64	244	36	63
256	0	128	245	40	127
256	0	192	247	46	191
256	0	256	249	53	255
256	0	320	252	61	319
256	0	384	256	70	382
256	0	448	261	80	446
256	0	512	266	89	510
256	0	576	272	99	574
256	0	640	279	109	637
256	0	704	286	119	701
256	0	768	294	129	765
256	0	832	303	140	828
256	0	896	312	150	892
256	0	960	322	160	956
256	0	1023	332	170	1019
256	64	0	244	70	0
256	64	64	244	71	64
256	64	128	245	73	127
256	64	192	247	76	191
256	64	256	249	80	255
256	64	320	252	85	319
256	64	384	256	92	382
256	64	448	261	99	446
256	64	512	266	106	510
256	64	576	272	114	574
256	64	640	279	123	637
256	64	704	287	132	701
256	64	768	295	141	765
256	64	832	303	150	829
256	64	896	312	160	892
256	64	960	322	169	956
256	64	1023	332	179	1019
256	128	0	245	130	13
256	128	64	246	130	65
256	128	128	247	131	128
256	128	192	248	132	191
256	128	256	250	134	255
256	128	320	254	137	319
256	128	384	257	141	382
256	128	448	262	145	446
256	128	512	267	150	510
256	128	576	274	156	574
256	128	640	280	162	637
256	128	704	288	168	701
256	128	768	296	175	765
256	128	832	304	182	829
256	128	896	313	190	892
256	128	960	323	198	956
256	128	1023	333	206	1019
256	192	0	248	191	21
256	192	64	248	191	66
256	192	128	249	192	129
256	192	192	250	193	192
256	192	256	253	194	255
256	192	320	256	196	319
256	192	384	260	199	383
256	192	448	264	202	446
256	192	512	269	205	510
256	192	576	276	209	574
256	192	640	282	213	637
256	192	704	290	218	701
256	192	768	298	223	765
256	192	832	306	228	829
256	192	896	315	234	892
256	192	960	324	240	956
256	192	1023	334	247	1019
256	256	0	251	254	29
256	256	64	251	254	69
256	256	128	252	254	130
256	256	192	254	255	193
256	256	256	256	256	256
256	256	320	259	257	319
256	256	384	263	259	383
256	256	448	267	261	447
256	256	512	273	264	510
256	256	576	278	266	574
256	256	640	285	270	638
256	256	704	292	273	701
256	256	768	300	277	765
256	256	832	309	281	829
256	256	896	318	286	892
256	256	960	327	291	956
256	256	1023	337	296	1019
256	320	0	256	316	37
256	320	64	256	317	72
256	320	128	257	317	131
256	320	192	258	317	194
256	320	256	260	318	257
256	320	320	263	319	320
256	320	384	267	321	383
256	320	448	271	322	447
256	320	512	277	324	511
256	320	576	282	326	574
256	320	640	289	329	638
256	320	704	296	332	702
256	320	768	304	335	765
256	320	832	312	338	829
256	320	896	321	342	893
256	320	960	330	346	956
256	320	1023	340	350	1019
256	384	0	261	379	45
256	384	64	261	379	76
256	384	128	262	380	133
256	384	192	264	380	195
256	384	256	266	381	257
256	384	320	269	381	321
256	384	384	272	383	384
256	384	448	277	384	447
256	384	512	282	385	511
256	384	576	287	387	575
256	384	640	294	389	638
256	384	704	301	392	702
256	384	768	308	394	765
256	384	832	316	397	829
256	384	896	325	400	893
256	384	960	334	403	956
256	384	1023	344	407	1019
256	448	0	268	442	53
256	448	64	268	442	80
256	448	128	269	442	135
256	448	192	270	443	196
256	448	256	272	443	259
256	448	320	275	444	321
256	448	384	278	445	385
256	448	448	283	446	448
256	448	512	288	447	511
256	448	576	293	449	575
256	448	640	299	451	639
256	448	704	306	453	702
256	448	768	314	455	766
256	448	832	322	457	829
256	448	896	330	460	893
256	448	960	339	462	957
256	448	1023	348	465	1019
256	512	0	275	505	60
256	512	64	275	505	85
256	512	128	276	505	138
256	512	192	278	506	198
256	512	256	280	506	260
256	512	320	282	507	322
256	512	384	286	507	385
256	512	448	290	508	449
256	512	512	295	510	512
256	512	576	300	511	575
256	512	640	306	512	639
256	512	704	313	514	702
256	512	768	320	516	766
256	512	832	328	518	830
256	512	896	336	520	893
256	512	960	345	522	957
256	512	1023	354	525	1020
256	576	0	284	568	68
256	576	64	284	568	90
256	576	128	285	568	141
256	576	192	286	569	200
256	576	256	288	569	261
256	576	320	291	569	323
256	576	384	294	570	386
256	576	448	298	571	449
256	576	512	302	572	513
256	576	576	308	573	576
256	576	640	314	574	639
256	576	704	320	576	703
256	576	768	327	577	766
256	576	832	335	579	830
256	576	896	343	581	894
256	576	960	351	583	957
256	576	1023	360	585	1020
256	640	0	293	631	76
256	640	64	293	631	96
256	640	128	294	631	145
256	640	192	295	631	202
256	640	256	297	632	263
256	640	320	300	632	325
256	640	384	303	633	387
256	640	448	307	634	450
256	640	512	311	634	513
256	640	576	316	635	577
256	640	640	322	637	640
256	640	704	328	638	703
256	640	768	335	639	767
256	640	832	342	641	830
256	640	896	350	643	894
256	640	960	359	644	958
256	640	1023	367	646	1020
256	704	0	303	694	83
256	704	64	303	694	102
256	704	128	304	694	148
256	704	192	305	694	205
256	704	256	307	695	265
256	704	320	309	695	326
256	704	384	313	696	388
256	704	448	316	696	451
256	704	512	321	697	514
256	704	576	325	698	577
256	704	640	331	699	641
256	704	704	337	700	704
256	704	768	344	701	767
256	704	832	351	703	831
256	704	896	359	704	894
256	704	960	367	706	958
256	704	1023	375	708	1021
256	768	0	314	757	91
256	768	64	314	757	108
256	768	128	315	757	152
256	768	192	316	757	207
256	768	256	318	758	267
256	768	320	320	758	328
256	768	384	323	759	390
256	768	448	327	759	452
256	768	512	331	760	515
256	768	576	335	761	578
256	768	640	341	762	641
256	768	704	347	763	705
256	768	768	353	764	768
256	768	832	360	765	831
256	768	896	367	766	895
256	768	960	375	768	958
256	768	1023	384	770	1021
256	832	0	325	820	99
256	832	64	326	820	114
256	832	128	326	820	156
256	832	192	327	820	210
256	832	256	329	821	269
256	832	320	331	821	329
256	832	384	334	821	391
256	832	448	337	822	453
256	832	512	341	823	516
256	832	576	346	823	579
256	832	640	351	824	642
256	832	704	357	825	705
256	832	768	363	826	769
256	832	832	370	827	832
256	832	896	377	829	895
256	832	960	385	830	959
256	832	1023	393	831	1021
256	896	0	337	883	106
256	896	64	338	883	121
256	896	128	338	883	161
256	896	192	339	883	213
256	896	256	341	884	271
256	896	320	343	884	331
256	896	384	346	884	393
256	896	448	349	885	455
256	896	512	353	885	517
256	896	576	357	886	580
256	896	640	362	887	643
256	896	704	368	888	706
256	896	768	374	889	769
256	896	832	380	890	833
256	896	896	387	891	896
256	896	960	395	892	959
256	896	1023	402	894	1022
256	960	0	350	946	114
256	960	64	350	946	127
256	960	128	351	946	166
256	960	192	352	946	217
256	960	256	353	947	274
256	960	320	355	947	333
256	960	384	358	947	394
256	960	448	361	948	456
256	960	512	365	948	518
256	960	576	369	949	581
256	960	640	374	950	644
256	960	704	379	950	707
256	960	768	385	951	770
256	960	832	391	952	833
256	960	896	398	953	897
256	960	960	405	954	960
256	960	1023	413	956	1022
256	1023	0	363	1008	121
256	1023	64	363	1008	134
256	1023	128	364	1008	171
256	1023	192	365	1008	220
256	1023	256	366	1009	276
256	1023	320	368	1009	335
256	1023	384	370	1009	396
256	1023	448	373	1010	458
256	1023	512	377	1010	520
256	1023	576	381	1011	582
256	1023	640	386	1011	645
256	1023	704	391	1012	708
256	1023	768	396	1013	771
256	1023	832	402	1014	834
256	1023	896	409	1015	897
256	1023	960	416	1016	961
256	1023	1023	423	1017	1023
320	0	0	305	44	0
320	0	64	305	45	63
320	0	128	306	48	127
320	0	192	307	52	191
320	0	256	309	59	255
320	0	320	311	66	319
320	0	384	314	75	382
320	0	448	318	83	446
320	0	512	322	93	510
320	0	576	327	102	574
320	0	640	332	112	637
320	0	704	339	122	701
320	0	768	345	131	765
320	0	832	352	141	828
320	0	896	360	152	892
320	0	960	368	162	956
320	0	1023	376	172	1019
320	64	0	305	75	0
320	64	64	305	75	63
320	64	128	306	77	127
320	64	192	307	80	191
320	64	256	309	84	255
320	64	320	311	89	319
320	64	384	314	95	382
320	64	448	318	102	446
320	64	512	322	109	510
320	64	576	327	117	574
320	64	640	333	125	637
320	64	704	339	134	701
320	64	768	345	143	765
320	64	832	353	152	828
320	64	896	360	161	892
320	64	960	368	171	956
320	64	1023	377	180	1019
320	128	0	306	132	11
320	128	64	306	132	64
320	128	128	307	133	128
320	128	192	308	134	191
320	128	256	310	136	255
320	128	320	312	139	319
320	128	384	315	143	382
320	128	448	319	147	446
320	128	512	323	152	510
320	128	576	328	157	574
320	128	640	334	163	637
320	128	704	340	170	701
320	128	768	346	177	765
320	128	832	353	184	829
320	128	896	361	191	892
320	128	960	369	199	956
320	128	1023	377	207	1019
320	192	0	308	193	21
320	192	64	308	193	66
320	192	128	309	193	128
320	192	192	310	194	192
320	192	256	312	196	255
320	192	320	314	198	319
320	192	384	317	200	383
320	192	448	321	203	446
320	192	512	325	206	510
320	192	576	330	210	574
320	192	640	335	214	637
320	192	704	341	219	701
320	192	768	348	224	765
320	192	832	355	229	829
320	192	896	362	235	892
320	192	960	370	241	956
320	192	1023	379	248	1019
320	256	0	310	255	29
320	256	64	311	255	69
320	256	128	311	255	130
320	256	192	312	256	193
320	256	256	314	257	256
320	256	320	317	258	319
320	256	384	319	260	383
320	256	448	323	262	447
320	256	512	327	265	510
320	256	576	332	267	574
320	256	640	337	271	638
320	256	704	343	274	701
320	256	768	350	278	765
320	256	832	357	282	829
320	256	896	364	287	892
320	256	960	372	292	956
320	256	1023	381	297	1019
320	320	0	314	317	37
320	320	64	314	317	72
320	320	128	315	318	131
320	320	192	316	318	193
320	320	256	318	319	257
320	320	320	320	320	320
320	320	384	323	321	383
320	320	448	326	323	447
320	320	512	331	325	511
320	320	576	335	327	574
320	320	640	341	330	638
320	320	704	347	332	702
320	320	768	353	335	765
320	320	832	360	339	829
320	320	896	367	342	893
320	320	960	375	346	956
320	320	1023	383	351	1019
320	384	0	318	380	45
320	384	64	318	380	76
320	384	128	319	380	133
320	384	192	320	381	195
320	384	256	322	381	257
320	384	320	324	382	321
320	384	384	327	383	384
320	384	448	331	384	447
320	384	512	335	386	511
320	384	576	339	388	575
320	384	640	345	390	638
320	384	704	350	392	702
320	384	768	357	395	765
320	384	832	364	398	829
320	384	896	371	401	893
320	384	960	379	404	956
320	384	1023	387	407	1019
320	448	0	323	443	52
320	448	64	324	443	80
320	448	128	324	443	135
320	448	192	325	443	196
320	448	256	327	444	258
320	448	320	329	445	321
320	448	384	332	445	385
320	448	448	336	447	448
320	448	512	340	448	511
320	448	576	344	449	575
320	448	640	349	451	639
320	448	704	355	453	702
320	448	768	361	455	766
320	448	832	368	457	829
320	448	896	375	460	893
320	448	960	383	463	957
320	448	1023	391	466	1019
320	512	0	329	506	60
320	512	64	330	506	85
320	512	128	330	506	138
320	512	192	331	506	198
320	512	256	333	507	260
320	512	320	335	507	322
320	512	384	338	508	385
320	512	448	341	509	449
320	512	512	345	510	512
320	512	576	350	511	575
320	512	640	355	513	639
320	512	704	360	514	702
320	512	768	367	516	766
320	512	832	373	518	830
320	512	896	380	520	893
320	512	960	388	523	957
320	512	1023	396	525	1020
320	576	0	336	568	68
320	576	64	337	569	90
320	576	128	337	569	141
320	576	192	338	569	200
320	576	256	340	569	261
320	576	320	342	570	323
320	576	384	345	571	386
320	576	448	348	571	449
320	576	512	352	572	513
320	576	576	356	573	576
320	576	640	361	575	639
320	576	704	367	576	703
320	576	768	373	578	766
320	576	832	379	580	830
320	576	896	386	581	894
320	576	960	394	584	957
320	576	1023	401	586	1020
320	640	0	344	631	76
320	640	64	344	631	96
320	640	128	345	632	144
320	640	192	346	632	202
320	640	256	347	632	263
320	640	320	349	633	325
320	640	384	352	633	387
320	640	448	355	634	450
320	640	512	359	635	513
320	640	576	363	636	577
320	640	640	368	637	640
320	640	704	374	638	703
320	640	768	379	640	767
320	640	832	386	641	830
320	640	896	393	643	894
320	640	960	400	645	958
320	640	1023	408	647	1020
320	704	0	352	694	83
320	704	64	353	694	102
320	704	128	353	695	148
320	704	192	354	695	205
320	704	256	356	695	265
320	704	320	358	695	326
320	704	384	360	696	388
320	704	448	363	697	451
320	704	512	367	697	514
320	704	576	371	698	577
320	704	640	376	699	641
320	704	704	381	700	704
320	704	768	387	702	767
320	704	832	393	703	831
320	704	896	400	705	894
320	704	960	407	706	958
320	704	1023	415	708	1021
320	768	0	361	757	91
320	768	64	362	757	108
320	768	128	362	758	152
320	768	192	363	758	207
320	768	256	365	758	267
320	768	320	367	758	328
320	768	384	369	759	390
320	768	448	372	759	452
320	768	512	376	760	515
320	768	576	380	761	578
320	768	640	384	762	641
320	768	704	390	763	705
320	768	768	395	764	768
320	768	832	401	765	831
320	768	896	408	767	895
320	768	960	415	768	958
320	768	1023	422	770	1021
320	832	0	371	820	98
320	832	64	371	820	114
320	832	128	372	820	156
320	832	192	373	821	210
320	832	256	374	821	269
320	832	320	376	821	329
320	832	384	379	822	391
320	832	448	382	822	453
320	832	512	385	823	516
320	832	576	389	824	579
320	832	640	393	824	642
320	832	704	398	825	705
320	832	768	404	826	769
320	832	832	410	828	832
320	832	896	416	829	895
320	832	960	423	830	959
320	832	1023	430	832	1021
320	896	0	382	883	106
320	896	64	382	883	121
320	896	128	382	883	161
320	896	192	383	884	213
320	896	256	385	884	271
320	896	320	386	884	331
320	896	384	389	885	393
320	896	448	392	885	455
320	896	512	395	886	517
320	896	576	399	886	580
320	896	640	403	887	643
320	896	704	408	888	706
320	896	768	413	889	769
320	896	832	419	890	833
320	896	896	425	891	896
320	896	960	432	892	959
320	896	1023	439	894	1022
320	960	0	392	946	114
320	960	64	393	946	127
320	960	128	393	947	166
320	960	192	394	947	217
320	960	256	395	947	274
320	960	320	397	947	333
320	960	384	399	948	394
320	960	448	402	948	456
320	960	512	405	948	518
320	960	576	409	949	581
320	960	640	413	950	644
320	960	704	418	951	707
320	960	768	423	951	770
320	960	832	429	952	833
320	960	896	435	954	897
320	960	960	441	955	960
320	960	1023	448	956	1022
320	1023	0	404	1008	121
320	1023	64	404	1008	134
320	1023	128	404	1009	170
320	1023	192	405	1009	220
320	1023	256	406	1009	276
320	1023	320	408	1009	335
320	1023	384	410	1009	396
320	1023	448	413	1010	457
320	1023	512	416	1010	520
320	1023	576	420	1011	582
320	1023	640	424	1012	645
320	1023	704	428	1012	708
320	1023	768	433	1013	771
320	1023	832	439	1014	834
320	1023	896	445	1015	897
320	1023	960	451	1016	961
320	1023	1023	458	1017	1023
384	0	0	366	53	0
384	0	64	366	53	63
384	0	128	366	56	127
384	0	192	367	60	191
384	0	256	369	65	255
384	0	320	371	72	319
384	0	384	373	80	382
384	0	448	376	88	446
384	0	512	380	97	510
384	0	576	384	106	574
384	0	640	388	115	637
384	0	704	393	124	701
384	0	768	399	134	765
384	0	832	405	144	828
384	0	896	411	154	892
384	0	960	418	164	956
384	0	1023	426	174	1019
384	64	0	366	80	0
384	64	64	366	80	63
384	64	128	367	82	127
384	64	192	368	84	191
384	64	256	369	88	255
384	64	320	371	93	319
384	64	384	374	99	382
384	64	448	377	105	446
384	64	512	380	112	510
384	64	576	384	120	574
384	64	640	389	128	637
384	64	704	394	136	701
384	64	768	399	145	765
384	64	832	405	154	828
384	64	896	412	163	892
384	64	960	419	173	956
384	64	1023	426	182	1019
384	128	0	367	134	8
384	128	64	367	134	64
384	128	128	367	135	128
384	128	192	368	137	191
384	128	256	370	139	255
384	128	320	372	142	319
384	128	384	374	145	382
384	128	448	377	149	446
384	128	512	381	154	510
384	128	576	385	159	574
384	128	640	389	165	637
384	128	704	394	172	701
384	128	768	400	178	765
384	128	832	406	185	829
384	128	896	412	193	892
384	128	960	419	201	956
384	128	1023	426	208	1019
384	192	0	368	194	19
384	192	64	368	194	66
384	192	128	369	195	128
384	192	192	370	196	192
384	192	256	371	197	255
384	192	320	373	199	319
384	192	384	376	202	383
384	192	448	379	204	446
384	192	512	382	208	510
384	192	576	386	211	574
384	192	640	391	216	637
384	192	704	396	220	701
384	192	768	401	225	765
384	192	832	407	231	829
384	192	896	414	236	892
384	192	960	420	243	956
384	192	1023	428	249	1019
384	256	0	370	256	28
384	256	64	370	256	68
384	256	128	371	256	130
384	256	192	372	257	192
384	256	256	373	258	256
384	256	320	375	259	319
384	256	384	378	261	383
384	256	448	381	263	447
384	256	512	384	266	510
384	256	576	388	268	574
384	256	640	393	272	638
384	256	704	398	275	701
384	256	768	403	279	765
384	256	832	409	283	829
384	256	896	415	288	892
384	256	960	422	293	956
384	256	1023	429	298	1019
384	320	0	373	318	36
384	320	64	373	318	72
384	320	128	374	318	131
384	320	192	375	319	193
384	320	256	376	320	257
384	320	320	378	321	320
384	320	384	380	322	383
384	320	448	383	324	447
384	320	512	387	326	511
384	320	576	391	328	574
384	320	640	395	330	638
384	320	704	400	333	702
384	320	768	406	336	765
384	320	832	411	340	829
384	320	896	418	343	893
384	320	960	425	347	956
384	320	1023	432	351	1019
384	384	0	377	381	44
384	384	64	377	381	75
384	384	128	377	381	133
384	384	192	378	381	195
384	384	256	380	382	257
384	384	320	382	383	321
384	384	384	384	384	384
384	384	448	387	385	447
384	384	512	390	387	511
384	384	576	394	389	575
384	384	640	398	391	638
384	384	704	403	393	702
384	384	768	409	395	765
384	384	832	415	398	829
384	384	896	421	401	893
384	384	960	428	405	956
384	384	1023	435	408	1019
384	448	0	381	443	52
384	448	64	381	443	80
384	448	128	382	444	135
384	448	192	382	444	196
384	448	256	384	444	258
384	448	320	386	445	321
384	448	384	388	446	385
384	448	448	391	447	448
384	448	512	394	448	511
384	448	576	398	450	575
384	448	640	402	452	638
384	448	704	407	454	702
384	448	768	413	456	766
384	448	832	418	458	829
384	448	896	425	461	893
384	448	960	431	463	957
384	448	1023	438	466	1019
384	512	0	386	506	60
384	512	64	386	506	85
384	512	128	387	506	138
384	512	192	387	507	198
384	512	256	389	507	260
384	512	320	391	508	322
384	512	384	393	508	385
384	512	448	396	509	449
384	512	512	399	510	512
384	512	576	403	512	575
384	512	640	407	513	639
384	512	704	412	515	702
384	512	768	417	517	766
384	512	832	423	519	830
384	512	896	429	521	893
384	512	960	436	523	957
384	512	1023	443	526	1020
384	576	0	392	569	68
384	576	64	392	569	90
384	576	128	392	569	141
384	576	192	393	569	200
384	576	256	394	570	261
384	576	320	396	570	323
384	576	384	399	571	386
384	576	448	401	572	449
384	576	512	405	573	513
384	576	576	408	574	576
384	576	640	413	575	639
384	576	704	417	577	703
384	576	768	422	578	766
384	576	832	428	580	830
384	576	896	434	582	894
384	576	960	441	584	957
384	576	1023	447	586	1020
384	640	0	398	632	75
384	640	64	398	632	96
384	640	128	399	632	144
384	640	192	400	632	202
384	640	256	401	633	263
384	640	320	403	633	325
384	640	384	405	634	387
384	640	448	408	634	450
384	640	512	411	635	513
384	640	576	414	636	577
384	640	640	419	637	640
384	640	704	423	639	703
384	640	768	428	640	767
384	640	832	434	642	830
384	640	896	440	643	894
384	640	960	446	645	958
384	640	1023	453	647	1020
384	704	0	405	695	83
384	704	64	405	695	102
384	704	128	406	695	148
384	704	192	407	695	204
384	704	256	408	695	265
384	704	320	410	696	326
384	704	384	412	696	388
384	704	448	414	697	451
384	704	512	418	698	514
384	704	576	421	699	577
384	704	640	425	700	641
384	704	704	430	701	704
384	704	768	435	702	767
384	704	832	440	703	831
384	704	896	446	705	894
384	704	960	452	707	958
384	704	1023	459	708	1021
384	768	0	413	758	91
384	768	64	413	758	108
384	768	128	413	758	152
384	768	192	414	758	207
384	768	256	415	758	267
384	768	320	417	759	328
384	768	384	419	759	390
384	768	448	422	760	452
384	768	512	425	760	515
384	768	576	429	761	578
384	768	640	433	762	641
384	768	704	437	763	705
384	768	768	442	764	768
384	768	832	447	766	831
384	768	896	453	767	895
384	768	960	459	768	958
384	768	1023	466	770	1021
384	832	0	421	821	98
384	832	64	421	821	114
384	832	128	422	821	156
384	832	192	423	821	210
384	832	256	424	821	269
384	832	320	425	822	329
384	832	384	428	822	391
384	832	448	430	823	453
384	832	512	433	823	516
384	832	576	437	824	579
384	832	640	440	825	642
384	832	704	445	826	705
384	832	768	450	827	769
384	832	832	455	828	832
384	832	896	460	829	895
384	832	960	466	830	959
384	832	1023	473	832	1021
384	896	0	430	884	106
384	896	64	430	884	120
384	896	128	431	884	161
384	896	192	431	884	213
384	896	256	433	884	271
384	896	320	434	884	331
384	896	384	436	885	393
384	896	448	439	885	455
384	896	512	442	886	517
384	896	576	445	887	580
384	896	640	449	887	643
384	896	704	453	888	706
384	896	768	458	889	769
384	896	832	463	890	833
384	896	896	468	891	896
384	896	960	474	893	959
384	896	1023	481	894	1022
384	960	0	440	947	114
384	960	64	440	947	127
384	960	128	440	947	165
384	960	192	441	947	217
384	960	256	442	947	274
384	960	320	444	947	333
384	960	384	446	948	394
384	960	448	448	948	456
384	960	512	451	949	518
384	960	576	454	949	581
384	960	640	458	950	644
384	960	704	462	951	707
384	960	768	467	952	770
384	960	832	472	953	833
384	960	896	477	954	897
384	960	960	483	955	960
384	960	1023	489	956	1022
384	1023	0	449	1009	121
384	1023	64	449	1009	134
384	1023	128	450	1009	170
384	1023	192	451	1009	220
384	1023	256	452	1009	276
384	1023	320	453	1009	335
384	1023	384	455	1010	396
384	1023	448	458	1010	457
384	1023	512	460	1011	520
384	1023	576	464	1011	582
384	1023	640	467	1012	645
384	1023	704	471	1013	708
384	1023	768	476	1013	771
384	1023	832	481	1014	834
384	1023	896	486	1015	897
384	1023	960	492	1016	961
384	1023	1023	498	1017	1023
448	0	0	427	61	0
448	0	64	427	62	62
448	0	128	427	64	127
448	0	192	428	67	191
448	0	256	429	72	255
448	0	320	431	78	318
448	0	384	433	85	382
448	0	448	436	93	446
448	0	512	438	101	510
448	0	576	442	110	573
448	0	640	446	119	637
448	0	704	450	128	701
448	0	768	455	137	765
448	0	832	460	147	828
448	0	896	465	156	892
448	0	960	471	166	956
448	0	1023	478	176	1019
448	64	0	427	85	0
448	64	64	427	86	63
448	64	128	427	87	127
448	64	192	428	90	191
448	64	256	430	93	255
448	64	320	431	98	319
448	64	384	433	103	382
448	64	448	436	109	446
448	64	512	439	116	510
448	64	576	442	123	574
448	64	640	446	131	637
448	64	704	450	139	701
448	64	768	455	148	765
448	64	832	460	157	828
448	64	896	466	166	892
448	64	960	472	175	956
448	64	1023	478	184	1019
448	128	0	428	137	0
448	128	64	428	138	64
448	128	128	428	138	127
448	128	192	429	140	191
448	128	256	430	142	255
448	128	320	432	145	319
448	128	384	434	148	382
448	128	448	436	152	446
448	128	512	439	157	510
448	128	576	443	162	574
448	128	640	446	168	637
448	128	704	451	174	701
448	128	768	455	181	765
448	128	832	461	188	829
448	128	896	466	195	892
448	128	960	472	203	956
448	128	1023	478	210	1019
448	192	0	429	196	18
448	192	64	429	196	65
448	192	128	429	197	128
448	192	192	430	198	192
448	192	256	431	199	255
448	192	320	433	201	319
448	192	384	435	203	383
448	192	448	437	206	446
448	192	512	440	210	510
448	192	576	444	213	574
448	192	640	448	217	637
448	192	704	452	222	701
448	192	768	457	227	765
448	192	832	462	232	829
448	192	896	467	238	892
448	192	960	473	244	956
448	192	1023	479	250	1019
448	256	0	430	257	27
448	256	64	431	257	68
448	256	128	431	258	129
448	256	192	432	258	192
448	256	256	433	259	256
448	256	320	435	261	319
448	256	384	437	263	383
448	256	448	439	265	447
448	256	512	442	267	510
448	256	576	445	270	574
448	256	640	449	273	638
448	256	704	454	277	701
448	256	768	458	280	765
448	256	832	463	285	829
448	256	896	469	289	892
448	256	960	475	294	956
448	256	1023	481	299	1019
448	320	0	433	319	35
448	320	64	433	319	71
448	320	128	433	320	131
448	320	192	434	320	193
448	320	256	435	321	256
448	320	320	437	322	320
448	320	384	439	323	383
448	320	448	441	325	447
448	320	512	444	327	511
448	320	576	448	329	574
448	320	640	451	331	638
448	320	704	456	334	701
448	320	768	460	337	765
448	320	832	465	341	829
448	320	896	471	344	893
448	320	960	477	348	956
448	320	1023	483	352	1019
448	384	0	436	381	44
448	384	64	436	382	75
448	384	128	436	382	133
448	384	192	437	382	195
448	384	256	438	383	257
448	384	320	440	384	320
448	384	384	442	385	384
448	384	448	444	386	447
448	384	512	447	388	511
448	384	576	451	389	574
448	384	640	454	391	638
448	384	704	459	394	702
448	384	768	463	396	765
448	384	832	468	399	829
448	384	896	474	402	893
448	384	960	479	405	956
448	384	1023	486	409	1019
448	448	0	439	444	52
448	448	64	440	444	80
448	448	128	440	444	135
448	448	192	441	445	196
448	448	256	442	445	258
448	448	320	443	446	321
448	448	384	445	447	384
448	448	448	448	448	448
448	448	512	451	449	511
448	448	576	454	451	575
448	448	640	458	452	638
448	448	704	462	454	702
448	448	768	466	456	766
448	448	832	471	459	829
448	448	896	477	461	893
448	448	960	483	464	957
448	448	1023	489	467	1019
448	512	0	444	507	59
448	512	64	444	507	84
448	512	128	444	507	138
448	512	192	445	507	198
448	512	256	446	508	260
448	512	320	448	508	322
448	512	384	450	509	385
448	512	448	452	510	449
448	512	512	455	511	512
448	512	576	458	512	575
448	512	640	462	514	639
448	512	704	466	516	702
448	512	768	470	517	766
448	512	832	475	519	830
448	512	896	481	522	893
448	512	960	486	524	957
448	512	1023	493	527	1020
448	576	0	448	569	67
448	576	64	449	570	90
448	576	128	449	570	141
448	576	192	450	570	200
448	576	256	451	570	261
448	576	320	452	571	323
448	576	384	454	572	386
448	576	448	457	572	449
448	576	512	460	573	513
448	576	576	463	574	576
448	576	640	466	576	639
448	576	704	470	577	703
448	576	768	475	579	766
448	576	832	480	581	830
448	576	896	485	582	894
448	576	960	491	585	957
448	576	1023	497	587	1020
448	640	0	454	632	75
448	640	64	454	632	95
448	640	128	454	632	144
448	640	192	455	633	202
448	640	256	456	633	263
448	640	320	458	634	325
448	640	384	460	634	387
448	640	448	462	635	450
448	640	512	465	636	513
448	640	576	468	637	577
448	640	640	472	638	640
448	640	704	476	639	703
448	640	768	480	641	767
448	640	832	485	642	830
448	640	896	490	644	894
448	640	960	496	646	958
448	640	1023	502	648	1020
448	704	0	460	695	83
448	704	64	460	695	101
448	704	128	460	695	148
448	704	192	461	696	204
448	704	256	462	696	264
448	704	320	464	696	326
448	704	384	466	697	388
448	704	448	468	697	451
448	704	512	471	698	514
448	704	576	474	699	577
448	704	640	477	700	641
448	704	704	481	701	704
448	704	768	486	703	767
448	704	832	490	704	831
448	704	896	496	705	894
448	704	960	501	707	958
448	704	1023	507	709	1021
448	768	0	467	758	90
448	768	64	467	758	107
448	768	128	467	758	152
448	768	192	468	758	207
448	768	256	469	759	266
448	768	320	470	759	328
448	768	384	472	760	390
448	768	448	475	760	452
448	768	512	477	761	515
448	768	576	480	762	578
448	768	640	484	763	641
448	768	704	488	764	705
448	768	768	492	765	768
448	768	832	497	766	831
448	768	896	502	767	895
448	768	960	507	769	958
448	768	1023	513	770	1021
448	832	0	474	821	98
448	832	64	474	821	114
448	832	128	474	821	156
448	832	192	475	821	210
448	832	256	476	822	269
448	832	320	478	822	329
448	832	384	479	822	391
448	832	448	482	823	453
448	832	512	484	824	516
448	832	576	487	824	579
448	832	640	491	825	642
448	832	704	494	826	705
448	832	768	499	827	769
448	832	832	503	828	832
448	832	896	508	829	895
448	832	960	514	831	959
448	832	1023	519	832	1021
448	896	0	482	884	106
448	896	64	482	884	120
448	896	128	482	884	161
448	896	192	483	884	213
448	896	256	484	884	271
448	896	320	485	885	331
448	896	384	487	885	392
448	896	448	489	886	455
448	896	512	492	886	517
448	896	576	495	887	580
448	896	640	498	888	643
448	896	704	502	889	706
448	896	768	506	889	769
448	896	832	511	891	833
448	896	896	515	892	896
448	896	960	521	893	959
448	896	1023	526	894	1022
448	960	0	490	947	113
448	960	64	490	947	127
448	960	128	490	947	165
448	960	192	491	947	217
448	960	256	492	947	274
448	960	320	493	948	333
448	960	384	495	948	394
448	960	448	497	949	456
448	960	512	500	949	518
448	960	576	503	950	581
448	960	640	506	950	644
448	960	704	510	951	707
448	960	768	514	952	770
448	960	832	518	953	833
448	960	896	523	954	897
448	960	960	528	955	960
448	960	1023	534	956	1022
448	1023	0	499	1009	121
448	1023	64	499	1009	134
448	1023	128	499	1009	170
448	1023	192	500	1009	220
448	1023	256	501	1009	276
448	1023	320	502	1010	335
448	1023	384	504	1010	396
448	1023	448	506	1010	457
448	1023	512	508	1011	520
448	1023	576	511	1011	582
448	1023	640	514	1012	645
448	1023	704	518	1013	708
448	1023	768	522	1014	771
448	1023	832	526	1015	834
448	1023	896	531	1016	897
448	1023	960	536	1017	961
448	1023	1023	542	1018	1023
512	0	0	488	70	0
512	0	64	488	71	62
512	0	128	488	72	127
512	0	192	489	75	191
512	0	256	490	80	255
512	0	320	491	85	318
512	0	384	493	91	382
512	0	448	495	98	446
512	0	512	498	106	510
512	0	576	501	114	573
512	0	640	504	123	637
512	0	704	508	132	701
512	0	768	512	141	765
512	0	832	516	150	828
512	0	896	521	159	892
512	0	960	526	169	956
512	0	1023	532	179	1019
512	64	0	488	91	0
512	64	64	488	92	62
512	64	128	488	93	127
512	64	192	489	95	191
512	64	256	490	99	255
512	64	320	491	103	318
512	64	384	493	108	382
512	64	448	495	114	446
512	64	512	498	120	510
512	64	576	501	127	573
512	64	640	504	135	637
512	64	704	508	143	701
512	64	768	512	151	765
512	64	832	516	160	828
512	64	896	521	169	892
512	64	960	526	178	956
512	64	1023	532	187	1019
512	128	0	488	141	0
512	128	64	489	141	63
512	128	128	489	142	127
512	128	192	490	143	191
512	128	256	491	145	255
512	128	320	492	148	319
512	128	384	494	151	382
512	128	448	496	155	446
512	128	512	498	160	510
512	128	576	501	165	574
512	128	640	505	171	637
512	128	704	508	177	701
512	128	768	512	183	765
512	128	832	517	190	828
512	128	896	522	197	892
512	128	960	527	205	956
512	128	1023	532	212	1019
512	192	0	489	199	15
512	192	64	490	199	65
512	192	128	490	199	128
512	192	192	491	200	192
512	192	256	492	202	255
512	192	320	493	203	319
512	192	384	495	206	383
512	192	448	497	208	446
512	192	512	499	212	510
512	192	576	502	215	574
512	192	640	506	219	637
512	192	704	509	224	701
512	192	768	513	229	765
512	192	832	518	234	829
512	192	896	523	240	892
512	192	960	528	246	956
512	192	1023	533	252	1019
512	256	0	491	259	26
512	256	64	491	259	68
512	256	128	491	259	129
512	256	192	492	260	192
512	256	256	493	261	256
512	256	320	494	262	319
512	256	384	496	264	383
512	256	448	498	266	446
512	256	512	501	269	510
512	256	576	504	271	574
512	256	640	507	275	638
512	256	704	511	278	701
512	256	768	515	282	765
512	256	832	519	286	829
512	256	896	524	291	892
512	256	960	529	295	956
512	256	1023	535	300	1019
512	320	0	493	321	35
512	320	64	493	321	71
512	320	128	493	321	131
512	320	192	494	321	193
512	320	256	495	322	256
512	320	320	496	323	320
512	320	384	498	325	383
512	320	448	500	326	447
512	320	512	503	328	510
512	320	576	506	330	574
512	320	640	509	333	638
512	320	704	513	336	701
512	320	768	517	339	765
512	320	832	521	342	829
512	320	896	526	346	893
512	320	960	531	349	956
512	320	1023	537	354	1019
512	384	0	495	383	43
512	384	64	496	383	75
512	384	128	496	383	133
512	384	192	497	383	194
512	384	256	498	384	257
512	384	320	499	385	320
512	384	384	501	386	384
512	384	448	503	387	447
512	384	512	505	389	511
512	384	576	508	390	574
512	384	640	511	393	638
512	384	704	515	395	702
512	384	768	519	397	765
512	384	832	523	400	829
512	384	896	528	403	893
512	384	960	533	406	956
512	384	1023	539	410	1019
512	448	0	499	445	51
512	448	64	499	445	79
512	448	128	499	445	135
512	448	192	500	446	196
512	448	256	501	446	258
512	448	320	502	447	321
512	448	384	504	448	384
512	448	448	506	449	448
512	448	512	508	450	511
512	448	576	511	452	575
512	448	640	514	453	638
512	448	704	518	455	702
512	448	768	522	457	766
512	448	832	526	460	829
512	448	896	531	462	893
512	448	960	536	465	957
512	448	1023	542	468	1019
512	512	0	502	507	59
512	512	64	502	508	84
512	512	128	503	508	138
512	512	192	503	508	198
512	512	256	504	508	259
512	512	320	506	509	322
512	512	384	507	510	385
512	512	448	509	511	448
512	512	512	512	512	512
512	512	576	515	513	575
512	512	640	518	515	639
512	512	704	521	516	702
512	512	768	525	518	766
512	512	832	530	520	830
512	512	896	534	522	893
512	512	960	540	525	957
512	512	1023	545	527	1020
512	576	0	506	570	67
512	576	64	506	570	89
512	576	128	507	570	141
512	576	192	507	571	200
512	576	256	508	571	261
512	576	320	510	571	323
512	576	384	511	572	386
512	576	448	514	573	449
512	576	512	516	574	512
512	576	576	519	575	576
512	576	640	522	576	639
512	576	704	525	578	703
512	576	768	529	579	766
512	576	832	534	581	830
512	576	896	538	583	894
512	576	960	543	585	957
512	576	1023	549	587	1020
512	640	0	511	633	75
512	640	64	511	633	95
512	640	128	512	633	144
512	640	192	512	633	202
512	640	256	513	634	263
512	640	320	514	634	325
512	640	384	516	635	387
512	640	448	518	635	450
512	640	512	521	636	513
512	640	576	523	637	577
512	640	640	526	638	640
512	640	704	530	640	703
512	640	768	534	641	767
512	640	832	538	643	830
512	640	896	543	644	894
512	640	960	548	646	958
512	640	1023	553	648	1020
512	704	0	516	696	82
512	704	64	516	696	101
512	704	128	517	696	148
512	704	192	517	696	204
512	704	256	518	696	264
512	704	320	520	697	326
512	704	384	521	697	388
512	704	448	523	698	451
512	704	512	526	699	514
512	704	576	528	700	577
512	704	640	532	701	641
512	704	704	535	702	704
512	704	768	539	703	767
512	704	832	543	704	831
512	704	896	548	706	894
512	704	960	553	708	958
512	704	1023	558	709	1021
512	768	0	522	759	90
512	768	64	522	759	107
512	768	128	523	759	152
512	768	192	523	759	207
512	768	256	524	759	266
512	768	320	525	760	327
512	768	384	527	760	390
512	768	448	529	761	452
512	768	512	531	761	515
512	768	576	534	762	578
512	768	640	537	763	641
512	768	704	541	764	705
512	768	768	544	765	768
512	768	832	549	766	831
512	768	896	553	768	895
512	768	960	558	769	958
512	768	1023	563	771	1021
512	832	0	528	821	98
512	832	64	529	821	114
512	832	128	529	822	156
512	832	192	530	822	210
512	832	256	530	822	269
512	832	320	532	822	329
512	832	384	533	823	391
512	832	448	535	823	453
512	832	512	538	824	516
512	832	576	540	825	579
512	832	640	543	825	642
512	832	704	547	826	705
512	832	768	550	827	769
512	832	832	555	829	832
512	832	896	559	830	895
512	832	960	564	831	959
512	832	1023	569	833	1021
512	896	0	535	884	105
512	896	64	535	884	120
512	896	128	536	884	160
512	896	192	536	885	213
512	896	256	537	885	271
512	896	320	539	885	331
512	896	384	540	886	392
512	896	448	542	886	455
512	896	512	544	887	517
512	896	576	547	887	580
512	896	640	550	888	643
512	896	704	553	889	706
512	896	768	557	890	769
512	896	832	561	891	833
512	896	896	565	892	896
512	896	960	570	893	959
512	896	1023	575	895	1022
512	960	0	543	947	113
512	960	64	543	947	127
512	960	128	543	947	165
512	960	192	544	948	217
512	960	256	545	948	274
512	960	320	546	948	333
512	960	384	547	948	394
512	960	448	549	949	456
512	960	512	551	949	518
512	960	576	554	950	581
512	960	640	557	951	644
512	960	704	560	952	707
512	960	768	564	952	770
512	960	832	568	953	833
512	960	896	572	954	897
512	960	960	577	956	960
512	960	1023	582	957	1022
512	1023	0	550	1009	121
512	1023	64	550	1009	133
512	1023	128	551	1009	170
512	1023	192	551	1010	220
512	1023	256	552	1010	276
512	1023	320	553	1010	335
512	1023	384	555	1010	396
512	1023	448	557	1011	457
512	1023	512	559	1011	519
512	1023	576	562	1012	582
512	1023	640	564	1012	645
512	1023	704	568	1013	708
512	1023	768	571	1014	771
512	1023	832	575	1015	834
512	1023	896	579	1016	897
512	1023	960	584	1017	961
512	1023	1023	589	1018	1023
576	0	0	549	79	0
576	0	64	549	79	61
576	0	128	549	81	126
576	0	192	550	84	191
576	0	256	551	87	254
576	0	320	552	92	318
576	0	384	553	98	382
576	0	448	555	105	446
576	0	512	557	112	510
576	0	576	560	119	573
576	0	640	563	128	637
576	0	704	566	136	701
576	0	768	570	145	765
576	0	832	574	154	828
576	0	896	578	163	892
576	0	960	583	172	956
576	0	1023	587	182	1019
576	64	0	549	98	0
576	64	64	549	98	62
576	64	128	549	100	127
576	64	192	550	102	191
576	64	256	551	105	255
576	64	320	552	109	318
576	64	384	553	113	382
576	64	448	555	119	446
576	64	512	558	125	510
576	64	576	560	132	573
576	64	640	563	139	637
576	64	704	566	147	701
576	64	768	570	155	765
576	64	832	574	163	828
576	64	896	578	172	892
576	64	960	583	181	956
576	64	1023	588	190	1019
576	128	0	549	145	0
576	128	64	549	145	63
576	128	128	550	146	127
576	128	192	550	147	191
576	128	256	551	149	255
576	128	320	552	152	319
576	128	384	554	155	382
576	128	448	556	159	446
576	128	512	558	163	510
576	128	576	561	168	574
576	128	640	563	174	637
576	128	704	567	180	701
576	128	768	570	186	765
576	128	832	574	193	828
576	128	896	579	200	892
576	128	960	583	207	956
576	128	1023	588	215	1019
576	192	0	550	201	12
576	192	64	550	201	64
576	192	128	551	202	128
576	192	192	551	203	191
576	192	256	552	204	255
576	192	320	553	206	319
576	192	384	555	208	382
576	192	448	557	211	446
576	192	512	559	214	510
576	192	576	561	218	574
576	192	640	564	222	637
576	192	704	568	226	701
576	192	768	571	231	765
576	192	832	575	236	829
576	192	896	579	242	892
576	192	960	584	248	956
576	192	1023	589	254	1019
576	256	0	551	261	24
576	256	64	552	261	67
576	256	128	552	261	129
576	256	192	552	262	192
576	256	256	553	263	256
576	256	320	555	264	319
576	256	384	556	266	383
576	256	448	558	268	446
576	256	512	560	271	510
576	256	576	563	273	574
576	256	640	566	276	638
576	256	704	569	280	701
576	256	768	572	284	765
576	256	832	576	288	829
576	256	896	581	292	892
576	256	960	585	297	956
576	256	1023	590	302	1019
576	320	0	553	322	33
576	320	64	553	322	70
576	320	128	554	322	130
576	320	192	554	323	193
576	320	256	555	324	256
576	320	320	556	325	320
576	320	384	558	326	383
576	320	448	560	328	447
576	320	512	562	330	510
576	320	576	564	332	574
576	320	640	567	334	638
576	320	704	570	337	701
576	320	768	574	340	765
576	320	832	578	343	829
576	320	896	582	347	893
576	320	960	587	351	956
576	320	1023	592	355	1019
576	384	0	555	384	42
576	384	64	555	384	74
576	384	128	556	384	132
576	384	192	556	385	194
576	384	256	557	385	257
576	384	320	558	386	320
576	384	384	560	387	384
576	384	448	562	388	447
576	384	512	564	390	511
576	384	576	567	392	574
576	384	640	569	394	638
576	384	704	573	396	702
576	384	768	576	399	765
576	384	832	580	401	829
576	384	896	584	404	893
576	384	960	589	407	956
576	384	1023	594	411	1019
576	448	0	558	446	50
576	448	64	558	446	79
576	448	128	559	446	135
576	448	192	559	447	196
576	448	256	560	447	258
576	448	320	561	448	321
576	448	384	563	449	384
576	448	448	564	450	448
576	448	512	567	451	511
576	448	576	569	453	575
576	448	640	572	454	638
576	448	704	575	456	702
576	448	768	579	458	766
576	448	832	583	461	829
576	448	896	587	463	893
576	448	960	591	466	957
576	448	1023	596	469	1019
576	512	0	561	508	58
576	512	64	561	508	84
576	512	128	562	509	137
576	512	192	562	509	197
576	512	256	563	509	259
576	512	320	564	510	322
576	512	384	566	511	385
576	512	448	568	512	448
576	512	512	570	513	512
576	512	576	572	514	575
576	512	640	575	515	639
576	512	704	578	517	702
576	512	768	582	519	766
576	512	832	586	521	830
576	512	896	590	523	893
576	512	960	594	526	957
576	512	1023	599	528	1020
576	576	0	565	571	66
576	576	64	565	571	89
576	576	128	565	571	140
576	576	192	566	571	199
576	576	256	567	572	261
576	576	320	568	572	323
576	576	384	569	573	386
576	576	448	571	574	449
576	576	512	573	575	512
576	576	576	576	576	576
576	576	640	579	577	639
576	576	704	582	579	703
576	576	768	585	580	766
576	576	832	589	582	830
576	576	896	593	584	894
576	576	960	598	586	957
576	576	1023	602	588	1020
576	640	0	569	634	74
576	640	64	569	634	95
576	640	128	569	634	144
576	640	192	570	634	202
576	640	256	571	634	262
576	640	320	572	635	324
576	640	384	574	635	387
576	640	448	575	636	450
576	640	512	577	637	513
576	640	576	580	638	576
576	640	640	583	639	640
576	640	704	586	640	703
576	640	768	589	642	767
576	640	832	593	643	830
576	640	896	597	645	894
576	640	960	602	647	958
576	640	1023	606	649	1020
576	704	0	574	696	82
576	704	64	574	696	101
576	704	128	574	696	147
576	704	192	575	697	204
576	704	256	576	697	264
576	704	320	577	697	326
576	704	384	578	698	388
576	704	448	580	699	451
576	704	512	582	699	514
576	704	576	584	700	577
576	704	640	587	701	640
576	704	704	590	702	704
576	704	768	594	704	767
576	704	832	597	705	831
576	704	896	602	707	894
576	704	960	606	708	958
576	704	1023	611	710	1021
576	768	0	579	759	90
576	768	64	579	759	107
576	768	128	579	759	151
576	768	192	580	759	207
576	768	256	581	760	266
576	768	320	582	760	327
576	768	384	583	761	389
576	768	448	585	761	452
576	768	512	587	762	515
576	768	576	589	763	578
576	768	640	592	764	641
576	768	704	595	765	704
576	768	768	599	766	768
576	768	832	602	767	831
576	768	896	606	768	895
576	768	960	611	770	958
576	768	1023	615	771	1021
576	832	0	584	822	97
576	832	64	585	822	113
576	832	128	585	822	156
576	832	192	585	822	210
576	832	256	586	822	268
576	832	320	587	823	329
576	832	384	589	823	391
576	832	448	590	824	453
576	832	512	593	824	516
576	832	576	595	825	579
576	832	640	598	826	642
576	832	704	601	827	705
576	832	768	604	828	769
576	832	832	608	829	832
576	832	896	612	830	895
576	832	960	616	832	959
576	832	1023	621	833	1021
576	896	0	590	885	105
576	896	64	591	885	120
576	896	128	591	885	160
576	896	192	591	885	213
576	896	256	592	885	271
576	896	320	593	886	331
576	896	384	595	886	392
576	896	448	596	887	454
576	896	512	598	887	517
576	896	576	601	888	580
576	896	640	604	889	643
576	896	704	606	889	706
576	896	768	610	890	769
576	896	832	613	891	833
576	896	896	617	893	896
576	896	960	622	894	959
576	896	1023	626	895	1022
576	960	0	597	948	113
576	960	64	597	948	126
576	960	128	597	948	165
576	960	192	598	948	216
576	960	256	599	948	273
576	960	320	600	948	333
576	960	384	601	949	394
576	960	448	603	949	456
576	960	512	605	950	518
576	960	576	607	950	581
576	960	640	610	951	644
576	960	704	613	952	707
576	960	768	616	953	770
576	960	832	620	954	833
576	960	896	624	955	897
576	960	960	628	956	960
576	960	1023	632	957	1022
576	1023	0	604	1010	120
576	1023	64	604	1010	133
576	1023	128	604	1010	170
576	1023	192	605	1010	220
576	1023	256	606	1010	276
576	1023	320	607	1010	335
576	1023	384	608	1011	396
576	1023	448	610	1011	457
576	1023	512	612	1012	519
576	1023	576	614	1012	582
576	1023	640	617	1013	645
576	1023	704	619	1014	708
576	1023	768	623	1014	771
576	1023	832	626	1015	834
576	1023	896	630	1016	897
576	1023	960	634	1017	961
576	1023	1023	639	1018	1023
640	0	0	610	88	0
640	0	64	610	88	61
640	0	128	610	89	126
640	0	192	611	92	190
640	0	256	611	95	254
640	0	320	612	100	318
640	0	384	614	105	382
640	0	448	615	111	446
640	0	512	617	118	510
640	0	576	620	125	573
640	0	640	622	133	637
640	0	704	625	141	701
640	0	768	628	149	765
640	0	832	632	158	828
640	0	896	636	167	892
640	0	960	640	176	956
640	0	1023	644	185	1019
640	64	0	610	105	0
640	64	64	610	105	61
640	64	128	610	106	126
640	64	192	611	108	190
640	64	256	611	111	254
640	64	320	613	115	318
640	64	384	614	119	382
640	64	448	616	125	446
640	64	512	617	130	510
640	64	576	620	137	573
640	64	640	622	144	637
640	64	704	625	151	701
640	64	768	628	159	765
640	64	832	632	167	828
640	64	896	636	175	892
640	64	960	640	184	956
640	64	1023	644	193	1019
640	128	0	610	149	0
640	128	64	610	150	62
640	128	128	611	150	127
640	128	192	611	152	191
640	128	256	612	153	255
640	128	320	613	156	318
640	128	384	614	159	382
640	128	448	616	163	446
640	128	512	618	167	510
640	128	576	620	172	573
640	128	640	623	177	637
640	128	704	626	183	701
640	128	768	629	189	765
640	128	832	632	196	828
640	128	896	636	203	892
640	128	960	640	210	956
640	128	1023	645	218	1019
640	192	0	611	204	5
640	192	64	611	204	64
640	192	128	611	205	128
640	192	192	612	206	191
640	192	256	613	207	255
640	192	320	614	209	319
640	192	384	615	211	382
640	192	448	617	214	446
640	192	512	619	217	510
640	192	576	621	221	574
640	192	640	623	225	637
640	192	704	626	229	701
640	192	768	630	234	765
640	192	832	633	239	829
640	192	896	637	245	892
640	192	960	641	250	956
640	192	1023	645	256	1019
640	256	0	612	263	22
640	256	64	612	263	66
640	256	128	612	264	129
640	256	192	613	264	192
640	256	256	614	265	255
640	256	320	615	267	319
640	256	384	616	268	383
640	256	448	618	270	446
640	256	512	620	273	510
640	256	576	622	275	574
640	256	640	625	279	637
640	256	704	627	282	701
640	256	768	631	286	765
640	256	832	634	290	829
640	256	896	638	294	892
640	256	960	642	299	956
640	256	1023	646	304	1019
640	320	0	614	324	32
640	320	64	614	324	70
640	320	128	614	324	130
640	320	192	615	325	193
640	320	256	615	325	256
640	320	320	616	326	320
640	320	384	618	328	383
640	320	448	619	329	447
640	320	512	621	331	510
640	320	576	624	333	574
640	320	640	626	336	638
640	320	704	629	339	701
640	320	768	632	342	765
640	320	832	636	345	829
640	320	896	639	349	893
640	320	960	643	352	956
640	320	1023	648	356	1019
640	384	0	616	385	41
640	384	64	616	385	74
640	384	128	616	385	132
640	384	192	616	386	194
640	384	256	617	387	257
640	384	320	618	387	320
640	384	384	620	388	384
640	384	448	621	390	447
640	384	512	623	391	511
640	384	576	625	393	574
640	384	640	628	395	638
640	384	704	631	397	702
640	384	768	634	400	765
640	384	832	637	403	829
640	384	896	641	406	893
640	384	960	645	409	956
640	384	1023	650	412	1019
640	448	0	618	447	49
640	448	64	618	447	78
640	448	128	618	447	134
640	448	192	619	448	196
640	448	256	620	448	258
640	448	320	621	449	321
640	448	384	622	450	384
640	448	448	624	451	448
640	448	512	626	452	511
640	448	576	628	454	575
640	448	640	630	455	638
640	448	704	633	457	702
640	448	768	636	459	766
640	448	832	640	462	829
640	448	896	644	464	893
640	448	960	648	467	957
640	448	1023	652	470	1019
640	512	0	621	509	58
640	512	64	621	509	83
640	512	128	621	510	137
640	512	192	622	510	197
640	512	256	622	510	259
640	512	320	623	511	322
640	512	384	625	512	385
640	512	448	626	513	448
640	512	512	628	514	512
640	512	576	631	515	575
640	512	640	633	516	639
640	512	704	636	518	702
640	512	768	639	520	766
640	512	832	642	522	830
640	512	896	646	524	893
640	512	960	650	527	957
640	512	1023	655	529	1020
640	576	0	624	572	66
640	576	64	624	572	89
640	576	128	624	572	140
640	576	192	625	572	199
640	576	256	626	573	261
640	576	320	627	573	323
640	576	384	628	574	386
640	576	448	630	575	449
640	576	512	632	576	512
640	576	576	634	577	576
640	576	640	636	578	639
640	576	704	639	579	703
640	576	768	642	581	766
640	576	832	646	583	830
640	576	896	649	585	894
640	576	960	653	587	957
640	576	1023	658	589	1020
640	640	0	628	634	74
640	640	64	628	634	94
640	640	128	628	634	144
640	640	192	629	635	202
640	640	256	629	635	262
640	640	320	630	636	324
640	640	384	632	636	387
640	640	448	633	637	450
640	640	512	635	638	513
640	640	576	637	639	576
640	640	640	640	640	640
640	640	704	643	641	703
640	640	768	646	643	767
640	640	832	649	644	830
640	640	896	653	646	894
640	640	960	657	648	958
640	640	1023	661	650	1020
640	704	0	632	697	82
640	704	64	632	697	100
640	704	128	632	697	147
640	704	192	633	697	204
640	704	256	633	698	264
640	704	320	634	698	326
640	704	384	636	699	388
640	704	448	637	699	451
640	704	512	639	700	514
640	704	576	641	701	577
640	704	640	644	702	640
640	704	704	647	703	704
640	704	768	650	704	767
640	704	832	653	706	831
640	704	896	657	707	894
640	704	960	661	709	958
640	704	1023	665	711	1020
640	768	0	636	760	89
640	768	64	636	760	107
640	768	128	637	760	151
640	768	192	637	760	207
640	768	256	638	760	266
640	768	320	639	761	327
640	768	384	640	761	389
640	768	448	642	762	452
640	768	512	644	762	515
640	768	576	646	763	578
640	768	640	648	764	641
640	768	704	651	765	704
640	768	768	654	766	768
640	768	832	657	768	831
640	768	896	661	769	895
640	768	960	665	770	958
640	768	1023	669	772	1021
640	832	0	641	823	97
640	832	64	641	823	113
640	832	128	642	823	156
640	832	192	642	823	210
640	832	256	643	823	268
640	832	320	644	823	329
640	832	384	645	824	391
640	832	448	647	824	453
640	832	512	649	825	516
640	832	576	651	826	579
640	832	640	653	827	642
640	832	704	656	827	705
640	832	768	659	829	768
640	832	832	662	830	832
640	832	896	666	831	895
640	832	960	670	832	959
640	832	1023	674	834	1021
640	896	0	647	885	105
640	896	64	647	885	120
640	896	128	647	885	160
640	896	192	648	886	213
640	896	256	648	886	271
640	896	320	649	886	331
640	896	384	651	887	392
640	896	448	652	887	454
640	896	512	654	888	517
640	896	576	656	888	580
640	896	640	659	889	643
640	896	704	661	890	706
640	896	768	664	891	769
640	896	832	667	892	832
640	896	896	671	893	896
640	896	960	675	894	959
640	896	1023	679	896	1022
640	960	0	653	948	113
640	960	64	653	948	126
640	960	128	653	948	165
640	960	192	653	948	216
640	960	256	654	949	273
640	960	320	655	949	333
640	960	384	656	949	394
640	960	448	658	950	456
640	960	512	660	950	518
640	960	576	662	951	581
640	960	640	664	952	644
640	960	704	667	952	707
640	960	768	670	953	770
640	960	832	673	954	833
640	960	896	677	955	896
640	960	960	680	956	960
640	960	1023	685	958	1022
640	1023	0	659	1010	120
640	1023	64	659	1010	133
640	1023	128	659	1010	170
640	1023	192	660	1010	220
640	1023	256	660	1011	276
640	1023	320	661	1011	335
640	1023	384	663	1011	396
640	1023	448	664	1012	457
640	1023	512	666	1012	519
640	1023	576	668	1013	582
640	1023	640	670	1013	645
640	1023	704	673	1014	708
640	1023	768	676	1015	771
640	1023	832	679	1016	834
640	1023	896	683	1017	897
640	1023	960	686	1018	960
640	1023	1023	690	1019	1023
704	0	0	671	97	0
704	0	64	671	97	60
704	0	128	671	98	126
704	0	192	671	100	190
704	0	256	672	103	254
704	0	320	673	107	318
704	0	384	674	112	382
704	0	448	676	118	446
704	0	512	677	124	510
704	0	576	680	131	573
704	0	640	682	138	637
704	0	704	684	146	701
704	0	768	687	154	765
704	0	832	690	162	828
704	0	896	694	171	892
704	0	960	698	180	956
704	0	1023	702	189	1019
704	64	0	671	112	0
704	64	64	671	112	60
704	64	128	671	113	126
704	64	192	672	115	190
704	64	256	672	118	254
704	64	320	673	121	318
704	64	384	674	126	382
704	64	448	676	130	446
704	64	512	678	136	510
704	64	576	680	142	573
704	64	640	682	149	637
704	64	704	684	156	701
704	64	768	687	164	765
704	64	832	691	171	828
704	64	896	694	179	892
704	64	960	698	188	956
704	64	1023	702	196	1019
704	128	0	671	154	0
704	128	64	671	154	61
704	128	128	671	155	126
704	128	192	672	156	191
704	128	256	673	158	254
704	128	320	674	161	318
704	128	384	675	164	382
704	128	448	676	167	446
704	128	512	678	171	510
704	128	576	680	176	573
704	128	640	682	181	637
704	128	704	685	187	701
704	128	768	688	193	765
704	128	832	691	200	828
704	128	896	694	206	892
704	128	960	698	214	956
704	128	1023	702	221	1019
704	192	0	672	208	0
704	192	64	672	208	63
704	192	128	672	208	127
704	192	192	673	209	191
704	192	256	673	210	255
704	192	320	674	212	319
704	192	384	675	214	382
704	192	448	677	217	446
704	192	512	679	220	510
704	192	576	681	224	574
704	192	640	683	228	637
704	192	704	686	232	701
704	192	768	688	237	765
704	192	832	692	242	828
704	192	896	695	247	892
704	192	960	699	253	956
704	192	1023	703	259	1019
704	256	0	673	266	19
704	256	64	673	266	66
704	256	128	673	266	128
704	256	192	674	267	192
704	256	256	674	268	255
704	256	320	675	269	319
704	256	384	676	271	383
704	256	448	678	273	446
704	256	512	680	275	510
704	256	576	682	278	574
704	256	640	684	281	637
704	256	704	687	284	701
704	256	768	689	288	765
704	256	832	693	292	829
704	256	896	696	296	892
704	256	960	700	301	956
704	256	1023	704	306	1019
704	320	0	674	326	30
704	320	64	674	326	69
704	320	128	674	326	130
704	320	192	675	327	193
704	320	256	676	327	256
704	320	320	677	328	319
704	320	384	678	330	383
704	320	448	679	331	447
704	320	512	681	333	510
704	320	576	683	335	574
704	320	640	685	338	638
704	320	704	688	340	701
704	320	768	691	343	765
704	320	832	694	347	829
704	320	896	697	350	892
704	320	960	701	354	956
704	320	1023	705	358	1019
704	384	0	676	387	40
704	384	64	676	387	73
704	384	128	676	387	132
704	384	192	677	387	194
704	384	256	677	388	257
704	384	320	678	389	320
704	384	384	680	390	384
704	384	448	681	391	447
704	384	512	683	393	511
704	384	576	685	395	574
704	384	640	687	397	638
704	384	704	690	399	702
704	384	768	692	401	765
704	384	832	696	404	829
704	384	896	699	407	893
704	384	960	703	410	956
704	384	1023	707	414	1019
704	448	0	678	448	49
704	448	64	678	448	78
704	448	128	678	449	134
704	448	192	679	449	195
704	448	256	680	450	258
704	448	320	680	450	321
704	448	384	682	451	384
704	448	448	683	452	448
704	448	512	685	454	511
704	448	576	687	455	575
704	448	640	689	457	638
704	448	704	692	459	702
704	448	768	694	461	766
704	448	832	698	463	829
704	448	896	701	466	893
704	448	960	705	468	957
704	448	1023	709	471	1019
704	512	0	681	510	57
704	512	64	681	511	83
704	512	128	681	511	137
704	512	192	681	511	197
704	512	256	682	511	259
704	512	320	683	512	322
704	512	384	684	513	385
704	512	448	686	514	448
704	512	512	687	515	512
704	512	576	689	516	575
704	512	640	692	518	639
704	512	704	694	519	702
704	512	768	697	521	766
704	512	832	700	523	830
704	512	896	703	525	893
704	512	960	707	528	957
704	512	1023	711	530	1020
704	576	0	683	573	65
704	576	64	684	573	88
704	576	128	684	573	140
704	576	192	684	573	199
704	576	256	685	574	261
704	576	320	686	574	323
704	576	384	687	575	386
704	576	448	688	576	449
704	576	512	690	577	512
704	576	576	692	578	576
704	576	640	694	579	639
704	576	704	697	580	703
704	576	768	700	582	766
704	576	832	703	584	830
704	576	896	706	586	894
704	576	960	710	588	957
704	576	1023	714	590	1020
704	640	0	687	635	73
704	640	64	687	635	94
704	640	128	687	635	143
704	640	192	688	636	201
704	640	256	688	636	262
704	640	320	689	636	324
704	640	384	690	637	387
704	640	448	692	638	450
704	640	512	693	639	513
704	640	576	695	640	576
704	640	640	698	641	640
704	640	704	700	642	703
704	640	768	703	643	767
704	640	832	706	645	830
704	640	896	709	647	894
704	640	960	713	648	957
704	640	1023	717	650	1020
704	704	0	690	698	81
704	704	64	691	698	100
704	704	128	691	698	147
704	704	192	691	698	204
704	704	256	692	698	264
704	704	320	693	699	326
704	704	384	694	699	388
704	704	448	695	700	451
704	704	512	697	701	514
704	704	576	699	702	577
704	704	640	701	703	640
704	704	704	704	704	704
704	704	768	707	705	767
704	704	832	710	706	831
704	704	896	713	708	894
704	704	960	717	710	958
704	704	1023	720	711	1020
704	768	0	695	760	89
704	768	64	695	760	106
704	768	128	695	761	151
704	768	192	695	761	207
704	768	256	696	761	266
704	768	320	697	761	327
704	768	384	698	762	389
704	768	448	700	762	452
704	768	512	701	763	515
704	768	576	703	764	578
704	768	640	705	765	641
704	768	704	708	766	704
704	768	768	711	767	768
704	768	832	714	768	831
704	768	896	717	770	895
704	768	960	720	771	958
704	768	1023	724	773	1021
704	832	0	699	823	97
704	832	64	699	823	113
704	832	128	699	823	155
704	832	192	700	823	210
704	832	256	701	824	268
704	832	320	701	824	329
704	832	384	703	824	391
704	832	448	704	825	453
704	832	512	706	826	516
704	832	576	708	826	579
704	832	640	710	827	642
704	832	704	712	828	705
704	832	768	715	829	768
704	832	832	718	830	832
704	832	896	721	832	895
704	832	960	725	833	959
704	832	1023	729	834	1021
704	896	0	704	886	104
704	896	64	704	886	119
704	896	128	704	886	160
704	896	192	705	886	213
704	896	256	705	886	271
704	896	320	706	887	331
704	896	384	707	887	392
704	896	448	709	888	454
704	896	512	710	888	517
704	896	576	712	889	580
704	896	640	715	890	643
704	896	704	717	890	706
704	896	768	720	891	769
704	896	832	723	892	832
704	896	896	726	894	896
704	896	960	729	895	959
704	896	1023	733	896	1022
704	960	0	709	949	112
704	960	64	709	949	126
704	960	128	710	949	165
704	960	192	710	949	216
704	960	256	711	949	273
704	960	320	712	949	333
704	960	384	713	950	394
704	960	448	714	950	456
704	960	512	716	951	518
704	960	576	718	951	581
704	960	640	720	952	644
704	960	704	722	953	707
704	960	768	725	954	770
704	960	832	728	955	833
704	960	896	731	956	896
704	960	960	735	957	960
704	960	1023	738	958	1022
704	1023	0	715	1011	120
704	1023	64	715	1011	133
704	1023	128	715	1011	170
704	1023	192	716	1011	220
704	1023	256	716	1011	276
704	1023	320	717	1011	335
704	1023	384	718	1012	396
704	1023	448	720	1012	457
704	1023	512	721	1013	519
704	1023	576	723	1013	582
704	1023	640	725	1014	645
704	1023	704	728	1014	708
704	1023	768	730	1015	771
704	1023	832	733	1016	834
704	1023	896	736	1017	897
704	1023	960	740	1018	960
704	1023	1023	744	1019	1023
768	0	0	732	105	0
768	0	64	732	106	59
768	0	128	732	107	126
768	0	192	732	109	190
768	0	256	733	111	254
768	0	320	734	115	318
768	0	384	735	120	382
768	0	448	736	125	446
768	0	512	738	131	509
768	0	576	740	137	573
768	0	640	742	144	637
768	0	704	744	151	701
768	0	768	747	159	765
768	0	832	749	167	828
768	0	896	753	176	892
768	0	960	756	184	956
768	0	1023	760	193	1019
768	64	0	732	120	0
768	64	64	732	120	60
768	64	128	732	121	126
768	64	192	732	122	190
768	64	256	733	125	254
768	64	320	734	128	318
768	64	384	735	132	382
768	64	448	736	137	446
768	64	512	738	142	510
768	64	576	740	148	573
768	64	640	742	154	637
768	64	704	744	161	701
768	64	768	747	168	765
768	64	832	750	176	828
768	64	896	753	184	892
768	64	960	756	192	956
768	64	1023	760	200	1019
768	128	0	732	159	0
768	128	64	732	160	61
768	128	128	732	160	126
768	128	192	733	161	190
768	128	256	733	163	254
768	128	320	734	165	318
768	128	384	735	168	382
768	128	448	737	172	446
768	128	512	738	176	510
768	128	576	740	181	573
768	128	640	742	186	637
768	128	704	744	191	701
768	128	768	747	197	765
768	128	832	750	203	828
768	128	896	753	210	892
768	128	960	756	217	956
768	128	1023	760	224	1019
768	192	0	733	211	0
768	192	64	733	211	62
768	192	128	733	212	127
768	192	192	733	213	191
768	192	256	734	214	255
768	192	320	735	216	318
768	192	384	736	218	382
768	192	448	737	220	446
768	192	512	739	224	510
768	192	576	741	227	573
768	192	640	743	231	637
768	192	704	745	235	701
768	192	768	748	240	765
768	192	832	750	245	828
768	192	896	754	250	892
768	192	960	757	256	956
768	192	1023	761	262	1019
768	256	0	734	268	16
768	256	64	734	269	65
768	256	128	734	269	128
768	256	192	734	269	192
768	256	256	735	270	255
768	256	320	736	272	319
768	256	384	737	273	383
768	256	448	738	275	446
768	256	512	740	278	510
768	256	576	742	280	574
768	256	640	744	283	637
768	256	704	746	287	701
768	256	768	749	290	765
768	256	832	751	294	829
768	256	896	754	299	892
768	256	960	758	303	956
768	256	1023	761	308	1019
768	320	0	735	328	29
768	320	64	735	328	68
768	320	128	735	328	130
768	320	192	735	329	193
768	320	256	736	329	256
768	320	320	737	330	319
768	320	384	738	332	383
768	320	448	739	333	447
768	320	512	741	335	510
768	320	576	743	337	574
768	320	640	745	340	638
768	320	704	747	342	701
768	320	768	750	345	765
768	320	832	753	349	829
768	320	896	756	352	892
768	320	960	759	356	956
768	320	1023	763	360	1019
768	384	0	736	389	38
768	384	64	736	389	73
768	384	128	737	389	132
768	384	192	737	389	194
768	384	256	738	390	257
768	384	320	739	391	320
768	384	384	740	392	383
768	384	448	741	393	447
768	384	512	743	395	511
768	384	576	744	396	574
768	384	640	746	398	638
768	384	704	749	401	702
768	384	768	751	403	765
768	384	832	754	406	829
768	384	896	757	409	893
768	384	960	761	412	956
768	384	1023	764	415	1019
768	448	0	738	450	47
768	448	64	738	450	77
768	448	128	739	450	134
768	448	192	739	450	195
768	448	256	740	451	258
768	448	320	740	452	321
768	448	384	742	453	384
768	448	448	743	454	448
768	448	512	744	455	511
768	448	576	746	456	575
768	448	640	748	458	638
768	448	704	751	460	702
768	448	768	753	462	766
768	448	832	756	464	829
768	448	896	759	467	893
768	448	960	762	470	957
768	448	1023	766	473	1019
768	512	0	741	512	56
768	512	64	741	512	82
768	512	128	741	512	137
768	512	192	741	512	197
768	512	256	742	513	259
768	512	320	743	513	322
768	512	384	744	514	385
768	512	448	745	515	448
768	512	512	747	516	512
768	512	576	748	517	575
768	512	640	751	519	639
768	512	704	753	520	702
768	512	768	755	522	766
768	512	832	758	524	830
768	512	896	761	526	893
768	512	960	765	529	957
768	512	1023	768	531	1019
768	576	0	743	574	64
768	576	64	743	574	88
768	576	128	743	574	140
768	576	192	744	574	199
768	576	256	745	575	260
768	576	320	745	575	323
768	576	384	746	576	386
768	576	448	748	577	449
768	576	512	749	578	512
768	576	576	751	579	576
768	576	640	753	580	639
768	576	704	755	581	703
768	576	768	758	583	766
768	576	832	761	585	830
768	576	896	764	587	893
768	576	960	767	589	957
768	576	1023	771	591	1020
768	640	0	746	636	72
768	640	64	746	636	94
768	640	128	746	636	143
768	640	192	747	637	201
768	640	256	747	637	262
768	640	320	748	637	324
768	640	384	749	638	387
768	640	448	751	639	450
768	640	512	752	640	513
768	640	576	754	641	576
768	640	640	756	642	640
768	640	704	758	643	703
768	640	768	761	644	767
768	640	832	764	646	830
768	640	896	767	648	894
768	640	960	770	649	957
768	640	1023	774	651	1020
768	704	0	750	699	80
768	704	64	750	699	100
768	704	128	750	699	147
768	704	192	750	699	204
768	704	256	751	699	264
768	704	320	752	700	326
768	704	384	753	700	388
768	704	448	754	701	451
768	704	512	756	702	514
768	704	576	757	703	577
768	704	640	759	704	640
768	704	704	762	705	704
768	704	768	764	706	767
768	704	832	767	707	831
768	704	896	770	709	894
768	704	960	773	710	958
768	704	1023	777	712	1020
768	768	0	753	761	88
768	768	64	753	761	106
768	768	128	754	761	151
768	768	192	754	762	206
768	768	256	755	762	266
768	768	320	755	762	327
768	768	384	756	763	389
768	768	448	758	763	452
768	768	512	759	764	515
768	768	576	761	765	578
768	768	640	763	766	641
768	768	704	765	767	704
768	768	768	768	768	768
768	768	832	771	769	831
768	768	896	774	770	895
768	768	960	777	772	958
768	768	1023	780	774	1021
768	832	0	757	824	96
768	832	64	757	824	112
768	832	128	758	824	155
768	832	192	758	824	209
768	832	256	759	824	268
768	832	320	759	825	329
768	832	384	761	825	391
768	832	448	762	826	453
768	832	512	763	826	516
768	832	576	765	827	579
768	832	640	767	828	642
768	832	704	769	829	705
768	832	768	772	830	768
768	832	832	775	831	832
768	832	896	778	832	895
768	832	960	781	834	959
768	832	1023	784	835	1021
768	896	0	762	887	104
768	896	64	762	887	119
768	896	128	762	887	160
768	896	192	762	887	213
768	896	256	763	887	270
768	896	320	764	887	331
768	896	384	765	888	392
768	896	448	766	888	454
768	896	512	768	889	517
768	896	576	769	889	580
768	896	640	771	890	643
768	896	704	774	891	706
768	896	768	776	892	769
768	896	832	779	893	832
768	896	896	782	894	896
768	896	960	785	896	959
768	896	1023	788	897	1022
768	960	0	767	949	112
768	960	64	767	949	126
768	960	128	767	949	164
768	960	192	767	950	216
768	960	256	768	950	273
768	960	320	769	950	333
768	960	384	770	950	394
768	960	448	771	951	456
768	960	512	772	951	518
768	960	576	774	952	581
768	960	640	776	953	644
768	960	704	778	954	707
768	960	768	781	954	770
768	960	832	784	955	833
768	960	896	787	956	896
768	960	960	790	958	960
768	960	1023	793	959	1022
768	1023	0	772	1011	120
768	1023	64	772	1011	132
768	1023	128	772	1011	169
768	1023	192	772	1011	220
768	1023	256	773	1012	276
768	1023	320	774	1012	335
768	1023	384	775	1012	396
768	1023	448	776	1013	457
768	1023	512	778	1013	519
768	1023	576	779	1014	582
768	1023	640	781	1014	645
768	1023	704	783	1015	708
768	1023	768	786	1016	771
768	1023	832	789	1017	834
768	1023	896	791	1018	897
768	1023	960	795	1019	960
768	1023	1023	798	1020	1023
832	0	0	793	114	0
832	0	64	793	114	58
832	0	128	793	115	125
832	0	192	793	117	190
832	0	256	794	120	254
832	0	320	795	123	318
832	0	384	796	127	382
832	0	448	797	132	446
832	0	512	798	138	509
832	0	576	800	144	573
832	0	640	802	150	637
832	0	704	804	157	701
832	0	768	806	165	765
832	0	832	809	173	828
832	0	896	812	181	892
832	0	960	815	189	956
832	0	1023	818	197	1019
832	64	0	793	127	0
832	64	64	793	127	59
832	64	128	793	128	125
832	64	192	793	130	190
832	64	256	794	132	254
832	64	320	795	135	318
832	64	384	796	139	382
832	64	448	797	143	446
832	64	512	798	148	509
832	64	576	800	154	573
832	64	640	802	160	637
832	64	704	804	167	701
832	64	768	806	174	765
832	64	832	809	181	828
832	64	896	812	188	892
832	64	960	815	196	956
832	64	1023	818	204	1019
832	128	0	793	165	0
832	128	64	793	165	60
832	128	128	793	166	126
832	128	192	794	167	190
832	128	256	794	168	254
832	128	320	795	171	318
832	128	384	796	174	382
832	128	448	797	177	446
832	128	512	799	181	510
832	128	576	800	185	573
832	128	640	802	190	637
832	128	704	804	196	701
832	128	768	807	201	765
832	128	832	809	208	828
832	128	896	812	214	892
832	128	960	815	221	956
832	128	1023	818	228	1019
832	192	0	793	215	0
832	192	64	794	215	62
832	192	128	794	216	127
832	192	192	794	217	191
832	192	256	795	218	255
832	192	320	795	220	318
832	192	384	796	222	382
832	192	448	798	224	446
832	192	512	799	227	510
832	192	576	801	231	573
832	192	640	803	234	637
832	192	704	805	239	701
832	192	768	807	243	765
832	192	832	810	248	828
832	192	896	813	253	892
832	192	960	816	259	956
832	192	1023	819	265	1019
832	256	0	794	271	10
832	256	64	794	271	64
832	256	128	795	272	128
832	256	192	795	272	191
832	256	256	796	273	255
832	256	320	796	275	319
832	256	384	797	276	382
832	256	448	799	278	446
832	256	512	800	281	510
832	256	576	802	283	574
832	256	640	803	286	637
832	256	704	806	289	701
832	256	768	808	293	765
832	256	832	811	297	829
832	256	896	813	301	892
832	256	960	816	306	956
832	256	1023	820	311	1019
832	320	0	795	330	26
832	320	64	796	330	68
832	320	128	796	331	129
832	320	192	796	331	192
832	320	256	797	332	256
832	320	320	797	333	319
832	320	384	798	334	383
832	320	448	800	336	447
832	320	512	801	337	510
832	320	576	803	340	574
832	320	640	805	342	638
832	320	704	807	345	701
832	320	768	809	348	765
832	320	832	812	351	829
832	320	896	815	354	892
832	320	960	818	358	956
832	320	1023	821	362	1019
832	384	0	797	390	37
832	384	64	797	390	72
832	384	128	797	391	131
832	384	192	798	391	194
832	384	256	798	392	257
832	384	320	799	393	320
832	384	384	800	394	383
832	384	448	801	395	447
832	384	512	802	396	511
832	384	576	804	398	574
832	384	640	806	400	638
832	384	704	808	402	702
832	384	768	810	405	765
832	384	832	813	408	829
832	384	896	816	411	893
832	384	960	819	414	956
832	384	1023	822	417	1019
832	448	0	799	452	46
832	448	64	799	452	77
832	448	128	799	452	134
832	448	192	799	452	195
832	448	256	800	453	258
832	448	320	801	453	321
832	448	384	802	454	384
832	448	448	803	455	448
832	448	512	804	457	511
832	448	576	806	458	575
832	448	640	808	460	638
832	448	704	810	462	702
832	448	768	812	464	766
832	448	832	815	466	829
832	448	896	818	469	893
832	448	960	821	471	957
832	448	1023	824	474	1019
832	512	0	801	513	55
832	512	64	801	513	82
832	512	128	801	513	136
832	512	192	801	514	197
832	512	256	802	514	259
832	512	320	803	515	322
832	512	384	804	515	385
832	512	448	805	516	448
832	512	512	806	517	512
832	512	576	808	519	575
832	512	640	810	520	639
832	512	704	812	522	702
832	512	768	814	524	766
832	512	832	817	526	829
832	512	896	820	528	893
832	512	960	823	530	957
832	512	1023	826	533	1019
832	576	0	803	575	63
832	576	64	803	575	87
832	576	128	803	575	139
832	576	192	804	575	199
832	576	256	804	576	260
832	576	320	805	576	323
832	576	384	806	577	386
832	576	448	807	578	449
832	576	512	809	579	512
832	576	576	810	580	576
832	576	640	812	581	639
832	576	704	814	583	703
832	576	768	817	584	766
832	576	832	819	586	830
832	576	896	822	588	893
832	576	960	825	590	957
832	576	1023	828	592	1020
832	640	0	806	637	72
832	640	64	806	637	93
832	640	128	806	637	143
832	640	192	806	638	201
832	640	256	807	638	262
832	640	320	808	638	324
832	640	384	809	639	387
832	640	448	810	640	450
832	640	512	811	641	513
832	640	576	813	642	576
832	640	640	815	643	640
832	640	704	817	644	703
832	640	768	819	645	767
832	640	832	822	647	830
832	640	896	825	649	894
832	640	960	828	650	957
832	640	1023	831	652	1020
832	704	0	809	700	80
832	704	64	809	700	99
832	704	128	809	700	146
832	704	192	810	700	203
832	704	256	810	700	264
832	704	320	811	701	325
832	704	384	812	701	388
832	704	448	813	702	451
832	704	512	814	703	514
832	704	576	816	703	577
832	704	640	818	704	640
832	704	704	820	706	704
832	704	768	822	707	767
832	704	832	825	708	831
832	704	896	828	710	894
832	704	960	831	711	958
832	704	1023	834	713	1020
832	768	0	812	762	88
832	768	64	812	762	105
832	768	128	813	762	150
832	768	192	813	762	206
832	768	256	813	763	266
832	768	320	814	763	327
832	768	384	815	763	389
832	768	448	816	764	452
832	768	512	818	765	515
832	768	576	819	766	578
832	768	640	821	766	641
832	768	704	823	767	704
832	768	768	826	769	768
832	768	832	828	770	831
832	768	896	831	771	895
832	768	960	834	773	958
832	768	1023	837	774	1021
832	832	0	816	825	96
832	832	64	816	825	112
832	832	128	816	825	155
832	832	192	817	825	209
832	832	256	817	825	268
832	832	320	818	826	329
832	832	384	819	826	391
832	832	448	820	826	453
832	832	512	821	827	516
832	832	576	823	828	579
832	832	640	825	829	642
832	832	704	827	830	705
832	832	768	829	831	768
832	832	832	832	832	832
832	832	896	835	833	895
832	832	960	838	834	959
832	832	1023	841	836	1021
832	896	0	820	887	104
832	896	64	820	887	118
832	896	128	820	887	159
832	896	192	821	888	212
832	896	256	821	888	270
832	896	320	822	888	331
832	896	384	823	888	392
832	896	448	824	889	454
832	896	512	826	890	517
832	896	576	827	890	580
832	896	640	829	891	643
832	896	704	831	892	706
832	896	768	833	893	769
832	896	832	836	894	832
832	896	896	838	895	896
832	896	960	841	896	959
832	896	1023	845	898	1022
832	960	0	824	950	111
832	960	64	825	950	125
832	960	128	825	950	164
832	960	192	825	950	216
832	960	256	826	950	273
832	960	320	826	951	333
832	960	384	827	951	394
832	960	448	829	952	456
832	960	512	830	952	518
832	960	576	831	953	581
832	960	640	833	953	644
832	960	704	835	954	707
832	960	768	838	955	770
832	960	832	840	956	833
832	960	896	843	957	896
832	960	960	846	958	960
832	960	1023	849	959	1022
832	1023	0	829	1012	119
832	1023	64	829	1012	132
832	1023	128	829	1012	169
832	1023	192	830	1012	219
832	1023	256	830	1012	276
832	1023	320	831	1012	335
832	1023	384	832	1013	395
832	1023	448	833	1013	457
832	1023	512	835	1014	519
832	1023	576	836	1014	582
832	1023	640	838	1015	644
832	1023	704	840	1016	707
832	1023	768	842	1016	771
832	1023	832	845	1017	834
832	1023	896	847	1018	897
832	1023	960	850	1019	960
832	1023	1023	853	1021	1023
896	0	0	853	123	0
896	0	64	854	123	57
896	0	128	854	124	125
896	0	192	854	126	190
896	0	256	855	128	254
896	0	320	855	131	318
896	0	384	856	135	382
896	0	448	857	140	446
896	0	512	859	145	509
896	0	576	860	150	573
896	0	640	862	157	637
896	0	704	864	163	701
896	0	768	866	171	764
896	0	832	868	178	828
896	0	896	871	186	892
896	0	960	874	194	956
896	0	1023	877	202	1018
896	64	0	854	135	0
896	64	64	854	135	58
896	64	128	854	136	125
896	64	192	854	137	190
896	64	256	855	140	254
896	64	320	855	142	318
896	64	384	856	146	382
896	64	448	857	150	446
896	64	512	859	155	509
896	64	576	860	160	573
896	64	640	862	166	637
896	64	704	864	172	701
896	64	768	866	179	764
896	64	832	869	186	828
896	64	896	871	193	892
896	64	960	874	201	956
896	64	1023	877	209	1018
896	128	0	854	171	0
896	128	64	854	171	59
896	128	128	854	171	125
896	128	192	854	172	190
896	128	256	855	174	254
896	128	320	856	176	318
896	128	384	857	179	382
896	128	448	858	182	446
896	128	512	859	186	509
896	128	576	861	190	573
896	128	640	862	195	637
896	128	704	864	200	701
896	128	768	866	206	765
896	128	832	869	212	828
896	128	896	871	218	892
896	128	960	874	225	956
896	128	1023	877	232	1019
896	192	0	854	220	0
896	192	64	854	220	61
896	192	128	855	220	126
896	192	192	855	221	190
896	192	256	855	222	254
896	192	320	856	224	318
896	192	384	857	226	382
896	192	448	858	228	446
896	192	512	860	231	510
896	192	576	861	235	573
896	192	640	863	238	637
896	192	704	865	242	701
896	192	768	867	247	765
896	192	832	869	252	828
896	192	896	872	257	892
896	192	960	875	262	956
896	192	1023	878	268	1019
896	256	0	855	275	0
896	256	64	855	275	63
896	256	128	855	275	127
896	256	192	856	276	191
896	256	256	856	277	255
896	256	320	857	278	319
896	256	384	858	279	382
896	256	448	859	281	446
896	256	512	860	284	510
896	256	576	862	286	574
896	256	640	864	289	637
896	256	704	865	292	701
896	256	768	868	296	765
896	256	832	870	300	828
896	256	896	873	304	892
896	256	960	875	309	956
896	256	1023	878	314	1019
896	320	0	856	333	23
896	320	64	856	333	67
896	320	128	856	333	129
896	320	192	857	334	192
896	320	256	857	334	256
896	320	320	858	335	319
896	320	384	859	337	383
896	320	448	860	338	446
896	320	512	861	340	510
896	320	576	863	342	574
896	320	640	865	344	638
896	320	704	867	347	701
896	320	768	869	350	765
896	320	832	871	353	829
896	320	896	874	357	892
896	320	960	876	361	956
896	320	1023	879	364	1019
896	384	0	857	393	35
896	384	64	858	393	71
896	384	128	858	393	131
896	384	192	858	393	193
896	384	256	859	394	256
896	384	320	859	395	320
896	384	384	860	396	383
896	384	448	861	397	447
896	384	512	863	398	510
896	384	576	864	400	574
896	384	640	866	402	638
896	384	704	868	404	701
896	384	768	870	407	765
896	384	832	872	410	829
896	384	896	875	412	893
896	384	960	878	416	956
896	384	1023	881	419	1019
896	448	0	859	453	45
896	448	64	859	453	76
896	448	128	859	454	133
896	448	192	860	454	195
896	448	256	860	454	257
896	448	320	861	455	321
896	448	384	862	456	384
896	448	448	863	457	447
896	448	512	864	458	511
896	448	576	866	460	575
896	448	640	867	461	638
896	448	704	869	463	702
896	448	768	872	465	765
896	448	832	874	468	829
896	448	896	876	470	893
896	448	960	879	473	956
896	448	1023	882	476	1019
896	512	0	861	515	54
896	512	64	861	515	81
896	512	128	861	515	136
896	512	192	862	515	196
896	512	256	862	516	259
896	512	320	863	516	322
896	512	384	864	517	385
896	512	448	865	518	448
896	512	512	866	519	512
896	512	576	868	520	575
896	512	640	869	522	639
896	512	704	871	523	702
896	512	768	873	525	766
896	512	832	876	527	829
896	512	896	878	529	893
896	512	960	881	532	957
896	512	1023	884	534	1019
896	576	0	863	576	63
896	576	64	863	576	87
896	576	128	863	577	139
896	576	192	864	577	198
896	576	256	864	577	260
896	576	320	865	578	323
896	576	384	866	578	386
896	576	448	867	579	449
896	576	512	868	580	512
896	576	576	870	581	576
896	576	640	871	583	639
896	576	704	873	584	703
896	576	768	876	586	766
896	576	832	878	587	830
896	576	896	880	589	893
896	576	960	883	591	957
896	576	1023	886	593	1020
896	640	0	866	638	71
896	640	64	866	638	92
896	640	128	866	639	142
896	640	192	866	639	201
896	640	256	867	639	262
896	640	320	867	640	324
896	640	384	868	640	387
896	640	448	869	641	450
896	640	512	871	642	513
896	640	576	872	643	576
896	640	640	874	644	640
896	640	704	876	645	703
896	640	768	878	647	767
896	640	832	880	648	830
896	640	896	883	650	894
896	640	960	886	652	957
896	640	1023	889	654	1020
896	704	0	868	701	79
896	704	64	869	701	99
896	704	128	869	701	146
896	704	192	869	701	203
896	704	256	870	701	264
896	704	320	870	702	325
896	704	384	871	702	388
896	704	448	872	703	451
896	704	512	874	704	514
896	704	576	875	704	577
896	704	640	877	705	640
896	704	704	879	707	704
896	704	768	881	708	767
896	704	832	883	709	831
896	704	896	886	711	894
896	704	960	888	712	958
896	704	1023	891	714	1020
896	768	0	872	763	87
896	768	64	872	763	105
896	768	128	872	763	150
896	768	192	872	763	206
896	768	256	873	764	266
896	768	320	873	764	327
896	768	384	874	764	389
896	768	448	875	765	452
896	768	512	877	766	515
896	768	576	878	766	578
896	768	640	880	767	641
896	768	704	882	768	704
896	768	768	884	770	768
896	768	832	886	771	831
896	768	896	889	772	895
896	768	960	891	774	958
896	768	1023	894	775	1021
896	832	0	875	825	95
896	832	64	875	826	111
896	832	128	875	826	154
896	832	192	876	826	209
896	832	256	876	826	268
896	832	320	877	826	329
896	832	384	878	827	390
896	832	448	879	827	453
896	832	512	880	828	516
896	832	576	882	829	579
896	832	640	883	829	642
896	832	704	885	830	705
896	832	768	887	831	768
896	832	832	890	833	832
896	832	896	892	834	895
896	832	960	895	835	959
896	832	1023	898	837	1021
896	896	0	879	888	103
896	896	64	879	888	118
896	896	128	879	888	159
896	896	192	879	888	212
896	896	256	880	889	270
896	896	320	881	889	330
896	896	384	881	889	392
896	896	448	883	890	454
896	896	512	884	890	517
896	896	576	885	891	580
896	896	640	887	892	643
896	896	704	889	893	706
896	896	768	891	894	769
896	896	832	893	895	832
896	896	896	896	896	896
896	896	960	898	897	959
896	896	1023	901	898	1022
896	960	0	883	951	111
896	960	64	883	951	125
896	960	128	883	951	164
896	960	192	883	951	216
896	960	256	884	951	273
896	960	320	885	951	333
896	960	384	885	952	394
896	960	448	887	952	455
896	960	512	888	953	518
896	960	576	889	953	581
896	960	640	891	954	643
896	960	704	893	955	707
896	960	768	895	956	770
896	960	832	897	957	833
896	960	896	900	958	896
896	960	960	902	959	960
896	960	1023	905	960	1022
896	1023	0	887	1012	119
896	1023	64	887	1012	132
896	1023	128	887	1013	169
896	1023	192	888	1013	219
896	1023	256	888	1013	275
896	1023	320	889	1013	335
896	1023	384	890	1013	395
896	1023	448	891	1014	457
896	1023	512	892	1014	519
896	1023	576	894	1015	582
896	1023	640	895	1016	644
896	1023	704	897	1016	707
896	1023	768	899	1017	771
896	1023	832	901	1018	834
896	1023	896	904	1019	897
896	1023	960	907	1020	960
896	1023	1023	910	1021	1023
960	0	0	914	132	0
960	0	64	915	132	56
960	0	128	915	133	124
960	0	192	915	134	189
960	0	256	915	136	254
960	0	320	916	139	318
960	0	384	917	143	382
960	0	448	918	147	445
960	0	512	919	152	509
960	0	576	921	157	573
960	0	640	922	163	637
960	0	704	924	170	701
960	0	768	926	177	764
960	0	832	928	184	828
960	0	896	931	191	892
960	0	960	933	199	956
960	0	1023	936	207	1018
960	64	0	915	143	0
960	64	64	915	143	56
960	64	128	915	144	124
960	64	192	915	145	189
960	64	256	916	147	254
960	64	320	916	150	318
960	64	384	917	153	382
960	64	448	918	157	445
960	64	512	919	162	509
960	64	576	921	167	573
960	64	640	922	172	637
960	64	704	924	178	701
960	64	768	926	185	764
960	64	832	928	192	828
960	64	896	931	199	892
960	64	960	933	206	956
960	64	1023	936	214	1018
960	128	0	915	177	0
960	128	64	915	177	58
960	128	128	915	177	125
960	128	192	915	178	190
960	128	256	916	180	254
960	128	320	916	182	318
960	128	384	917	185	382
960	128	448	918	188	446
960	128	512	920	192	509
960	128	576	921	196	573
960	128	640	923	200	637
960	128	704	924	205	701
960	128	768	926	211	764
960	128	832	929	217	828
960	128	896	931	223	892
960	128	960	934	229	956
960	128	1023	936	236	1018
960	192	0	915	224	0
960	192	64	915	224	60
960	192	128	915	225	126
960	192	192	916	225	190
960	192	256	916	227	254
960	192	320	917	228	318
960	192	384	918	230	382
960	192	448	919	233	446
960	192	512	920	235	510
960	192	576	921	239	573
960	192	640	923	242	637
960	192	704	925	246	701
960	192	768	927	251	765
960	192	832	929	256	828
960	192	896	931	261	892
960	192	960	934	266	956
960	192	1023	937	272	1019
960	256	0	916	278	0
960	256	64	916	278	62
960	256	128	916	278	127
960	256	192	917	279	191
960	256	256	917	280	255
960	256	320	918	281	318
960	256	384	918	283	382
960	256	448	920	285	446
960	256	512	921	287	510
960	256	576	922	290	573
960	256	640	924	292	637
960	256	704	926	296	701
960	256	768	928	299	765
960	256	832	930	303	828
960	256	896	932	307	892
960	256	960	935	312	956
960	256	1023	938	316	1019
960	320	0	917	336	20
960	320	64	917	336	66
960	320	128	917	336	128
960	320	192	917	336	192
960	320	256	918	337	255
960	320	320	919	338	319
960	320	384	919	339	383
960	320	448	920	341	446
960	320	512	922	343	510
960	320	576	923	345	574
960	320	640	925	347	637
960	320	704	926	350	701
960	320	768	928	353	765
960	320	832	931	356	829
960	320	896	933	359	892
960	320	960	936	363	956
960	320	1023	938	367	1019
960	384	0	918	395	33
960	384	64	918	395	70
960	384	128	918	395	130
960	384	192	919	395	193
960	384	256	919	396	256
960	384	320	920	397	320
960	384	384	921	398	383
960	384	448	922	399	447
960	384	512	923	401	510
960	384	576	924	402	574
960	384	640	926	404	638
960	384	704	928	407	701
960	384	768	930	409	765
960	384	832	932	412	829
960	384	896	934	415	893
960	384	960	937	418	956
960	384	1023	940	421	1019
960	448	0	920	455	43
960	448	64	920	455	75
960	448	128	920	455	133
960	448	192	920	456	194
960	448	256	921	456	257
960	448	320	921	457	320
960	448	384	922	458	384
960	448	448	923	459	447
960	448	512	924	460	511
960	448	576	926	462	574
960	448	640	927	463	638
960	448	704	929	465	702
960	448	768	931	467	765
960	448	832	933	470	829
960	448	896	936	472	893
960	448	960	938	475	956
960	448	1023	941	478	1019
960	512	0	921	516	53
960	512	64	921	516	80
960	512	128	922	516	135
960	512	192	922	517	196
960	512	256	922	517	259
960	512	320	923	518	321
960	512	384	924	519	385
960	512	448	925	519	448
960	512	512	926	521	511
960	512	576	927	522	575
960	512	640	929	523	639
960	512	704	931	525	702
960	512	768	933	527	766
960	512	832	935	529	829
960	512	896	937	531	893
960	512	960	940	533	957
960	512	1023	943	536	1019
960	576	0	923	578	62
960	576	64	923	578	86
960	576	128	924	578	139
960	576	192	924	578	198
960	576	256	924	579	260
960	576	320	925	579	323
960	576	384	926	580	385
960	576	448	927	581	449
960	576	512	928	582	512
960	576	576	929	583	575
960	576	640	931	584	639
960	576	704	933	585	703
960	576	768	935	587	766
960	576	832	937	589	830
960	576	896	939	591	893
960	576	960	942	593	957
960	576	1023	945	595	1020
960	640	0	926	640	70
960	640	64	926	640	92
960	640	128	926	640	142
960	640	192	926	640	200
960	640	256	927	640	262
960	640	320	927	641	324
960	640	384	928	641	387
960	640	448	929	642	450
960	640	512	930	643	513
960	640	576	932	644	576
960	640	640	933	645	640
960	640	704	935	646	703
960	640	768	937	648	767
960	640	832	939	649	830
960	640	896	942	651	894
960	640	960	944	653	957
960	640	1023	947	655	1020
960	704	0	928	702	78
960	704	64	928	702	98
960	704	128	928	702	146
960	704	192	929	702	203
960	704	256	929	702	263
960	704	320	930	703	325
960	704	384	931	703	388
960	704	448	932	704	451
960	704	512	933	705	514
960	704	576	934	706	577
960	704	640	936	707	640
960	704	704	938	708	704
960	704	768	940	709	767
960	704	832	942	710	831
960	704	896	944	712	894
960	704	960	947	714	958
960	704	1023	949	715	1020
960	768	0	931	764	86
960	768	64	931	764	104
960	768	128	931	764	150
960	768	192	932	764	206
960	768	256	932	765	265
960	768	320	933	765	327
960	768	384	934	765	389
960	768	448	935	766	452
960	768	512	936	767	515
960	768	576	937	768	578
960	768	640	939	768	641
960	768	704	941	769	704
960	768	768	942	771	768
960	768	832	945	772	831
960	768	896	947	773	895
960	768	960	950	775	958
960	768	1023	952	776	1021
960	832	0	934	826	95
960	832	64	934	826	111
960	832	128	935	827	154
960	832	192	935	827	209
960	832	256	935	827	268
960	832	320	936	827	328
960	832	384	937	828	390
960	832	448	938	828	453
960	832	512	939	829	516
960	832	576	940	830	578
960	832	640	942	830	642
960	832	704	944	831	705
960	832	768	946	832	768
960	832	832	948	834	832
960	832	896	950	835	895
960	832	960	953	836	959
960	832	1023	955	838	1021
960	896	0	938	889	103
960	896	64	938	889	118
960	896	128	938	889	159
960	896	192	938	889	212
960	896	256	939	889	270
960	896	320	939	890	330
960	896	384	940	890	392
960	896	448	941	891	454
960	896	512	942	891	517
960	896	576	944	892	579
960	896	640	945	893	642
960	896	704	947	893	706
960	896	768	949	894	769
960	896	832	951	895	832
960	896	896	954	897	896
960	896	960	956	898	959
960	896	1023	959	899	1022
960	960	0	942	952	110
960	960	64	942	952	124
960	960	128	942	952	164
960	960	192	942	952	215
960	960	256	943	952	273
960	960	320	943	952	332
960	960	384	944	953	394
960	960	448	945	953	455
960	960	512	946	954	518
960	960	576	948	954	580
960	960	640	949	955	643
960	960	704	951	956	706
960	960	768	953	957	770
960	960	832	955	958	833
960	960	896	957	959	896
960	960	960	960	960	960
960	960	1023	962	961	1022
960	1023	0	946	1013	118
960	1023	64	946	1013	131
960	1023	128	946	1013	168
960	1023	192	946	1013	219
960	1023	256	947	1014	275
960	1023	320	947	1014	335
960	1023	384	948	1014	395
960	1023	448	949	1015	457
960	1023	512	950	1015	519
960	1023	576	951	1016	582
960	1023	640	953	1016	644
960	1023	704	955	1017	707
960	1023	768	957	1018	770
960	1023	832	959	1019	834
960	1023	896	961	1020	897
960	1023	960	964	1021	960
960	1023	1023	966	1022	1023
1023	0	0	974	140	0
1023	0	64	975	141	55
1023	0	128	975	141	124
1023	0	192	975	143	189
1023	0	256	975	145	253
1023	0	320	976	147	317
1023	0	384	977	151	381
1023	0	448	978	155	445
1023	0	512	979	159	509
1023	0	576	980	164	573
1023	0	640	982	170	637
1023	0	704	983	176	701
1023	0	768	985	183	764
1023	0	832	987	190	828
1023	0	896	989	197	892
1023	0	960	992	204	956
1023	0	1023	995	212	1018
1023	64	0	975	151	0
1023	64	64	975	151	55
1023	64	128	975	152	124
1023	64	192	975	153	189
1023	64	256	975	155	253
1023	64	320	976	157	318
1023	64	384	977	160	381
1023	64	448	978	164	445
1023	64	512	979	168	509
1023	64	576	980	173	573
1023	64	640	982	179	637
1023	64	704	983	184	701
1023	64	768	985	191	764
1023	64	832	987	197	828
1023	64	896	990	204	892
1023	64	960	992	211	956
1023	64	1023	995	219	1018
1023	128	0	975	183	0
1023	128	64	975	183	56
1023	128	128	975	184	124
1023	128	192	975	185	189
1023	128	256	976	186	254
1023	128	320	976	188	318
1023	128	384	977	191	382
1023	128	448	978	194	445
1023	128	512	979	197	509
1023	128	576	980	201	573
1023	128	640	982	206	637
1023	128	704	984	211	701
1023	128	768	985	216	764
1023	128	832	988	222	828
1023	128	896	990	228	892
1023	128	960	992	234	956
1023	128	1023	995	241	1018
1023	192	0	975	229	0
1023	192	64	975	229	58
1023	192	128	975	229	125
1023	192	192	976	230	190
1023	192	256	976	231	254
1023	192	320	977	233	318
1023	192	384	978	235	382
1023	192	448	979	237	446
1023	192	512	980	240	509
1023	192	576	981	243	573
1023	192	640	982	247	637
1023	192	704	984	251	701
1023	192	768	986	255	765
1023	192	832	988	260	828
1023	192	896	990	265	892
1023	192	960	993	270	956
1023	192	1023	995	276	1019
1023	256	0	976	282	0
1023	256	64	976	282	61
1023	256	128	976	282	126
1023	256	192	976	283	191
1023	256	256	977	284	254
1023	256	320	977	285	318
1023	256	384	978	286	382
1023	256	448	979	288	446
1023	256	512	980	290	510
1023	256	576	982	293	573
1023	256	640	983	296	637
1023	256	704	985	299	701
1023	256	768	987	303	765
1023	256	832	989	306	828
1023	256	896	991	311	892
1023	256	960	993	315	956
1023	256	1023	996	320	1019
1023	320	0	977	338	15
1023	320	64	977	338	65
1023	320	128	977	339	128
1023	320	192	977	339	192
1023	320	256	978	340	255
1023	320	320	978	341	319
1023	320	384	979	342	383
1023	320	448	980	344	446
1023	320	512	981	345	510
1023	320	576	982	348	574
1023	320	640	984	350	637
1023	320	704	986	353	701
1023	320	768	987	355	765
1023	320	832	989	359	829
1023	320	896	992	362	892
1023	320	960	994	366	956
1023	320	1023	997	370	1019
1023	384	0	978	397	31
1023	384	64	978	397	69
1023	384	128	978	397	130
1023	384	192	978	398	193
1023	384	256	979	398	256
1023	384	320	979	399	319
1023	384	384	980	400	383
1023	384	448	981	402	447
1023	384	512	982	403	510
1023	384	576	984	405	574
1023	384	640	985	407	638
1023	384	704	987	409	701
1023	384	768	989	411	765
1023	384	832	991	414	829
1023	384	896	993	417	892
1023	384	960	995	420	956
1023	384	1023	998	423	1019
1023	448	0	979	457	42
1023	448	64	979	457	74
1023	448	128	979	457	132
1023	448	192	980	458	194
1023	448	256	980	458	257
1023	448	320	981	459	320
1023	448	384	982	460	384
1023	448	448	983	461	447
1023	448	512	984	462	511
1023	448	576	985	464	574
1023	448	640	986	465	638
1023	448	704	988	467	702
1023	448	768	990	469	765
1023	448	832	992	471	829
1023	448	896	994	474	893
1023	448	960	997	477	956
1023	448	1023	999	479	1019
1023	512	0	981	518	51
1023	512	64	981	518	79
1023	512	128	981	518	135
1023	512	192	981	518	196
1023	512	256	982	519	258
1023	512	320	982	520	321
1023	512	384	983	520	384
1023	512	448	984	521	448
1023	512	512	985	522	511
1023	512	576	987	524	575
1023	512	640	988	525	638
1023	512	704	990	527	702
1023	512	768	992	528	766
1023	512	832	994	530	829
1023	512	896	996	532	893
1023	512	960	998	535	957
1023	512	1023	1001	537	1019
1023	576	0	983	579	60
1023	576	64	983	579	85
1023	576	128	983	579	138
1023	576	192	983	580	198
1023	576	256	984	580	260
1023	576	320	984	581	322
1023	576	384	985	581	385
1023	576	448	986	582	449
1023	576	512	987	583	512
1023	576	576	988	584	575
1023	576	640	990	585	639
1023	576	704	992	587	702
1023	576	768	993	588	766
1023	576	832	995	590	830
1023	576	896	998	592	893
1023	576	960	1000	594	957
1023	576	1023	1003	596	1020
1023	640	0	985	641	69
1023	640	64	985	641	91
1023	640	128	985	641	142
1023	640	192	985	641	200
1023	640	256	986	642	261
1023	640	320	986	642	324
1023	640	384	987	643	386
1023	640	448	988	643	449
1023	640	512	989	644	513
1023	640	576	991	645	576
1023	640	640	992	646	639
1023	640	704	994	648	703
1023	640	768	995	649	767
1023	640	832	997	651	830
1023	640	896	1000	652	894
1023	640	960	1002	654	957
1023	640	1023	1005	656	1020
1023	704	0	987	703	77
1023	704	64	987	703	97
1023	704	128	987	703	145
1023	704	192	988	703	203
1023	704	256	988	704	263
1023	704	320	989	704	325
1023	704	384	990	705	388
1023	704	448	991	705	450
1023	704	512	992	706	514
1023	704	576	993	707	577
1023	704	640	994	708	640
1023	704	704	996	709	704
1023	704	768	998	710	767
1023	704	832	1000	712	831
1023	704	896	1002	713	894
1023	704	960	1004	715	958
1023	704	1023	1007	716	1020
1023	768	0	990	765	86
1023	768	64	990	765	104
1023	768	128	990	765	149
1023	768	192	990	765	205
1023	768	256	991	766	265
1023	768	320	992	766	327
1023	768	384	992	767	389
1023	768	448	993	767	451
1023	768	512	994	768	514
1023	768	576	996	769	578
1023	768	640	997	769	641
1023	768	704	999	771	704
1023	768	768	1000	772	768
1023	768	832	1003	773	831
1023	768	896	1005	774	895
1023	768	960	1007	776	958
1023	768	1023	1010	777	1021
1023	832	0	993	827	94
1023	832	64	993	827	110
1023	832	128	993	828	154
1023	832	192	993	828	208
1023	832	256	994	828	267
1023	832	320	994	828	328
1023	832	384	995	829	390
1023	832	448	996	829	453
1023	832	512	997	830	515
1023	832	576	998	831	578
1023	832	640	1000	831	642
1023	832	704	1002	832	705
1023	832	768	1003	833	768
1023	832	832	1005	835	832
1023	832	896	1008	836	895
1023	832	960	1010	837	959
1023	832	1023	1013	839	1021
1023	896	0	996	890	102
1023	896	64	996	890	117
1023	896	128	996	890	158
1023	896	192	997	890	212
1023	896	256	997	890	270
1023	896	320	998	891	330
1023	896	384	998	891	392
1023	896	448	999	892	454
1023	896	512	1000	892	517
1023	896	576	1002	893	579
1023	896	640	1003	893	642
1023	896	704	1005	894	706
1023	896	768	1007	895	769
1023	896	832	1009	896	832
1023	896	896	1011	897	896
1023	896	960	1013	899	959
1023	896	1023	1016	900	1022
1023	960	0	1000	952	110
1023	960	64	1000	952	124
1023	960	128	1000	952	163
1023	960	192	1000	953	215
1023	960	256	1001	953	272
1023	960	320	1001	953	332
1023	960	384	1002	953	393
1023	960	448	1003	954	455
1023	960	512	1004	954	518
1023	960	576	1005	955	580
1023	960	640	1007	956	643
1023	960	704	1008	957	706
1023	960	768	1010	957	770
1023	960	832	1012	958	833
1023	960	896	1014	959	896
1023	960	960	1017	961	960
1023	960	1023	1019	962	1022
1023	1023	0	1003	1014	118
1023	1023	64	1003	1014	131
1023	1023	128	1004	1014	168
1023	1023	192	1004	1014	219
1023	1023	256	1004	1014	275
1023	1023	320	1005	1015	334
1023	1023	384	1006	1015	395
1023	1023	448	1007	1015	457
1023	1023	512	1008	1016	519
1023	1023	576	1009	1016	582
1023	1023	640	1010	1017	644
1023	1023	704	1012	1018	707
1023	1023	768	1014	1019	770
1023	1023	832	1016	1020	834
1023	1023	896	1018	1021	897
1023	1023	960	1020	1022	960
1023	1023	1023	1023	1023	1023
